contenthash,filename
4c803c92c71f21b423d13de570c8a09e0a31c718,combined.pdf
d1a1b8335a16662ef35c3c727cc52fe393597ff5,combined.pdf
75e44c2eeedfd16e2a4399c22e692b0fc2fe9e44,SU42000-7-8-9-A.pdf
658169757ed8edaf07b73bf9feecc2d4dc7ce9c0,PSG HOSPETOL TOH New Doc 2018-03-06.pdf
af503a908667099fb5dee6196e128d33243dff03,combined.pdf
40931cc4333158c4c083e8bb994fd5963343143b,Service report.pdf
9b2b768424ec0354147aba54a56a3d019360e0d0,combined.pdf
4336136dfdb63470d8888b3e78fd1b696d7ec731,SAGAR KIRAN.pdf
0e1f89dfa4f1b4d40ced2fa8e2b2fc241e894e79,combined.pdf
0592e0802e8bddab4ecbe1f9dc1a370697e8f9b6,AMB SVR.pdf
d842139ec24a8566a30016bb8ce59ea231097a1b,REPOTJH.pdf
24011cf68f9914de9deacf08791ac2c831e37ac7,PARTS HANDLING.pdf
ac9f58469d764c1d82a6ecc563cb777b93862ba2,Sri Mak Report.pdf
c68f9b7ff12d03a60502cc8fc62c379566a9a254,50002456 Skill definition.pdf
fe5799c479ef766cd4f27af72848799106080ba4,combined.pdf
e01794233a433b433b1444125bfa144f9bb0e119,LIFTING.pdf
fcc6af7c87f74b36fd37f1634730127d875821e8,COMPLETE.pdf
328c9e484a12b4adf780bec07756e60b065ae737,COMPONANT LIFTING.pdf
8e43944046c4c6a8cbfe121b8df2d6071b6f2dcf,LIFTING COMPONENTSEQUIPMENTS.pdf
cd201c07a64af81aa07bcf41de4660f4de909b57,COMPADANCY AVIAGEN TOH scan0144.pdf
55fe96294dd466769f7193e955a72bec6c6f34f6,GD CHETNA.pdf
0ba1ad857247d303206647fedca5ba41366af30e,50002449.pdf
35cba8623bacc0bce1caddcf5f44869332fb3b34,Lifting Componentsequipment.pdf
2f5d78af26b34b8920e373d24e52bcc6a0fc6804,50002449.pdf
a3c060f37519f1c99f3110f666bcbcbf316b14b2,l2z08701 head gasket.pdf
ff6b05533132786dda72143db3c49b46cf9366b5,hoist motor installation ARK.pdf
b91698597021438d9a132cb0f42ccd5413866a2c,LIFTING.pdf
0f973b9cadaa656397c58f063424baceb92d147d,combined.pdf
a4936f6f936e027bb6529e4268d668df82c9794f,S KIRAN ONGC 2ND TOH S2G00112.pdf
5925e059af424d0b60d056c8e43d84b81a544679,New Doc 2017-12-11 (1)_6.pdf
521681f7cf3c9c246932976500aab95fab18b860,50002449.pdf
55d1e59ec5baeb8e061890152b133cbc4302bbbe,combined.pdf
178be5ac0d33a60b27b6c55d97a2a1617ee4fa62,RL02693.pdf
059ae092ce7f10ab08ec10302603a4ef485b76dc,Lifting of front suspension.pdf
32ed4a23858c63a310acd6c77b761f1434dd05cd,LIFTING.pdf
b33f2c5e6fc2b7e448a00e25f0fe897ac37c0bd1,SILING METHOD ANA PROCEDURES.pdf
4acacd432380dac830f14ad9c4f944f96a635d9c,SEABIRD MARINE.pdf
4eddbe5c7898f2962ec6f99d804ec094b34c9dd1,50002449.pdf
e938484caced5323cd2c914420256a87f607ffcd,LIFTING.pdf
9f509f6f9d4c6952bec3152c5f8eef34526a6111,SCI PANNA.pdf
f1e9e7e0738e91972cb3ff3f19f8771972da8c90,LIFTING COMPONENTS RESIZE.pdf
9fe6aadb47476dddd97e36916d1cf1e044d67ff5,SERVICE REPORT TWM05830.pdf
fc2d64d9c0854b1863abae7d005d0e26f299aaba,FSR.pdf
3f8b9743942edaa5c2e09a3feb8e375c31c54c66,50002449.pdf
4ba40b03554265ce7163b81ab16beafebfdbcc36,Service Report_22-01-20_200122-000234 (2)(1).pdf
644b9f6b79e2e75e9ea090fce24d4efa96df4e3d,DOC-20231009-WA0022..pdf
d84313cac6b85aceadc96ecec5ca2b34a85989da,LIFTING COMPONENT (50002449).pdf
6998d002e42e6aa676fc25129885e67996cfd6f8,50002449WO1.pdf
25dbe47900fe61f9acde32b47e5febe6dad069ca,D11T TXMS PUMP LIFTING.pdf
9cfcbcbb42d50b799fff0013dc3a3e7c2e6413c5,combined.pdf
5eb418fed41c158552ad5e207c47e43e9c56d9eb,GML.pdf
14299ab8d24ba90c54db6ec9a339ceb45ca1dc3b,combined.pdf
d0abef6ea44c06aa8a3d601907b6dea50046485b,AVIAGE 7.4.17.pdf
99b17c521afcb4d58229d63d6933bd2188255eac,KIRSAXAL.pdf
1180816130471cca95d9be320537b3332a7be767,TORQUEING.pdf
5ac934d0f3b9434db7b94cc3f827dd437855d4fc,COMPLETE.pdf
a8b3e4c66c3b1200b5d6ad8f49808ce8a830aec1,combined.pdf
0bf378d6bda2586d47e678e98a48bb8fe0677429,5002456-1.pdf
d940b4ea790188cece9f0e9984cd099787352f53,50002456 wo 1.pdf
47e220a70f56974319accb3814ca2aed514edbe2,skill 08.pdf
718949a34a735482247a2292fb4cdfb37b595a1e,TIGHTNING PROCIDURE.pdf
615e51d5172ccc189297ad96a992f4c022873107,50002456WO1 Tightening Procedures.pdf
07317173314b1779aefe5d2f2e8a695b67b2ad33,SP03215.pdf
ee8ee3a71d8bc9644c4d2983fbadc42354f98e49,50002456.pdf
d1d3072cc7d558928122496df263a853d93290bd,power tools.pdf
a68e4c8275a7c0cc6bac269905e9106e147c11ae,VALVE SETTING .pdf
d3f69d51ea522e1cdbcb5d93e3735003eda697e1,50002456.pdf
2def18d15ee4d6cb5750a61782f5e8b1881124b0,C 4.4.pdf
ba556a0d53e2910659e576ed8b4dc5c957a53854,TIGHETENING RESIZE.pdf
01d1fb7414b2884be85fa405e0e983f8e5ca3cfb,FSR 4.pdf
fb7b5db630cce81add6c2386097918d421ca6abb,50002456.pdf
af9db3818fc62a690a84ad14dc3acc46930182a6,TIGHTENING PROCEDURE (1) (50002456).pdf
34ad827a29c4ef4195ad03f874739916bcc719c5,"CORRECT TORQUE,TURN  TIGHTENING PROCEDURE.pdf"
ce17e7cf06556daedb23560df83dbaf143ad4617,combined.pdf
697658e0d12be394ac582f443b42edf1b3b07e43,SU42175.pdf
4b0d6621b4712e8d265745696dbd2ff331aa1445,SAGAR GAURAV.pdf
3c9d023a5f146fa49b36d8432810b41d9409d448,HB02017 .pdf
60e9dc08692327df2340f5f2bc4bfecda81dea87,AMB SVR0001.pdf
c128d875f8a912b340566cfa56d1ce641ee5866e,combined.pdf
a82507605bee5a8db78f7bddc4e0005f1aa60925,Tighting Procedure New.pdf
16f3fb209fb37147016a5231e410228fb896e0ed,TIGHTENING.pdf
2dccd1dc9a5cc366a3699209ccf39b25d969ffce,COMPLETE.pdf
3fda701391b45d6f281aa0549955db389c5b748e,Tightening Procedures.pdf
e5b99448810713988c48a08dfcbffbffd0fd13e5,TOH VICTUS.pdf
4e7e0223908c9445314d65af103423d3781c6713,5002456-2.pdf
7b57ccb4405d64b8f56c71fe6a54da87e203e8b6,GD CHITRA.pdf
a05698a31b71f5f370df83038512f48fb2ea2ba2,50002456 wo 2.pdf
cc21237116a3d8a16b27a5ccc3d40869aa668600,IMG_20170621_0006.pdf
b9f115e59829be1826045ca1daf6965608d30582,TIGHTNING PROCIDURE.pdf
3bac74f0de51957d72cbdbb5766571b9cf177f9b,SP05197New Doc 2018-01-04 (3)_5.pdf
3a6f42030995c5541589d9fb325429c81c354878,gaurav moh.pdf
41cee6feef43b08c476a449e0aec32d6b1f356bb,VALVE SETTING.pdf
c1fdf22085567b5a12a481839af47ee4bc70ca08,TAG 14.pdf
103eee4c123c926f960cc5e803595fa828eed972,tORQUE 2.pdf
0c10d7d1eda0244f117af43882ba06529d125a64,BDT05779 SERVICE REPORT.pdf
ffad9c211204df7e79934b624160d8a0997d1076,SEM816D DOZER.pdf
aa0d5e0f66f2d27529998c79eef21e2cd16bfbeb,Service Report_18-10-2022_221005-002037 (1).pdf
33c24a5086760ce970efea76c00861c586dc967d,SU42173.pdf
3a2452e69a50147ce9a228805162181321d45f69,JEYAMAUTU TOH New Doc 2018-03-07.pdf
7f18462e302ee5978843d5cd7391c5d16a48fa78,LAXMAN SVR0001.pdf
b31064501dc4e796ec2700c762e26cfe2bad23c0,Tighting Procedure Report .pdf
81a28e421387904ec186b60c9cab6be3cf1d6429,TORQUE.pdf
6d7b8c9efafcac7c2df75466f1dd513e184f8cc0,Tightening Procedures.pdf
a76ebc3d792159e79e8963ebc338add4e71ed2da,SURIYA SPINN.pdf
ee7f1aa1b58168b815c3f6b3927d14e228ca029f,50002456-3.pdf
1d7c4cd99a1f6831125d3fe766dc7f32cdff908b,S KIRAN.pdf
1e37dd0cb0cb14771c66cb87abdaefc3e8512cc5,50002456 wo 3.pdf
1a50215d2fb231e55b912ba48c6abfcf33d38202,sp05152.pdf
c425599e8e67e2f42f68c07afc95cb73f83d9aa0,TIGHTNING PROCIDURE.pdf
341af47eb8fb341bf0be5cc5b4591dcdf83fa1e2,SAGAR SHAKTI 2ND TOH S2G00131.pdf
c21c01e5f8409347bb8775792c5f366d148f9146,combined.pdf
a5118fb613d7f67e3832a47ad824d498f6a73d2b,Service report.pdf
283930fe210a7e2b78f417a92e9a15cc7217a219,4458.pdf
583e60d4bca18dc85371513d39e588874b34bafc,TIGHTENING PRODEDURE.pdf
16340df9c7c85b68968b8eed258b0569969e51cc,VALVE SETTING.pdf
b2ef2ea9b135f6a38ef9736ad36bdec9f396ee11,SCI RATNA.pdf
78ec0f0971b08c06e0119abd0932a9384c0f2751,TORQUE 3.pdf
20b96dafdef8d402ec179ee95e9de407bef047ba,Service report kgf02299.pdf
3bac53ae746459ac894b16f5e67d90e4162c013d,AHTS SUPERIOR.pdf
6ce0a12170484ce3cc1e8b901841ecf5687c74d7,Service Report_compressed.pdf
1a5b167c23c5917bfed2314ccfb49dbfb4e5ade1,Service Report_11-10-2022_221011-000165 (1).pdf
e9e99c3fb020f53080958a6a3d18a2af70cf1543,combined.pdf
aa9d7bbbae99e6949236d92fd93a4e3c00e5616d,SU42172.pdf
84b13d209cd4c415f1b3efb62042e7ed2b988530,50002434WO1 SOS sample collection.pdf
3f56fb4775c3b4c548b01f46024700ee434ca672,250Hours Maintenance .pdf
b5bccb0ad54deb75ef9b4a855c96d8981188263d,SOS.pdf
3b0e60ac3756ef1a17de2563ac5706ead731f9a7,COMPLETE.pdf
d66806546176585cd1d5658be76da445c2036b2d,combined.pdf
7ac1607c49a71b500e643c2b3b6789dc5f36faea,Collect the oil sample.pdf
0ac7c55282a605bfb59ebfefe4cbc060422133e9,50002434-1.pdf
2e31be972e37e0d5c6d7edf11dd04fe100e4dd7c,sagar uday.pdf
6b978ed6d2690d2cbd63e4a7b4be6750ebc2d778,50002434 wo 1.pdf
7b777c001f060eae54d1071ec4f769314711843e,skil 07.pdf
8fa018cb568ecfcd40e3ccce3cc1f4b2ffc515c7,50002434.pdf
179aeddd3e5e5feefb1bde2c9eabcfb7fa5e8b64,sp04443.pdf
2d289a3945262a3e53f6bd31a54ef40c63be3c9a,OIL SAMPLE.pdf
5e7749b5154651c336c3ae417dd5b57f6a4986ba,50002434WO1 Collect the oil sample.pdf
c33ef370af36caf6b14ba4e5aeba3afdd07b1928,FIRST 500 SERVICE S KIRAN ONGC.pdf
906c43cbd6f8dbb2729262ab79eda5c2f3c05b88,New Doc 2017-12-11_2.pdf
29231f4efc37711c7e0a3acba536618d9523babd,50002434.pdf
b84797e5a76ce5f8d5f5028ddcc663519aad7394,50002434 23-May-2017 14-11-45.pdf
1ac1c40b89ab469300bcb40b9476d9199b836fc3,SOS.pdf
b8b50bea914bbd160e0adb16678408c16d8d312d,COLLECT THE OIL SAMPLE.pdf
1625c9d9565b653341c39f9703a0feced2bddaed,OIL SAMPLE .pdf
cd62eedf144cd23f1ff9a3b32cf68fc6d9f3902a,SOS.pdf
377387c01473c96dcfdc1ce4a0b653120dbdef74,Services reports0001 (1).pdf
70d4e22a98c64ab553ba610bf7efd38ec5a46b6b,good oil sample.pdf
d5fc0be89480b8a1e7ec8aba0dab6587df13d753,Seadird Marine.pdf
3583613de0b0010c93bedc2359e52dc046c4c4da,50002434.pdf
261db7bb41c8b06d7554e697de05a3a29782e0c2,COLLECT OIL SAMPLE.pdf
5250042498f929881e2531573187ca4fac8e39ce,TA 2 REPORT.pdf
b538872bdae3cd90e4f0a0df54d5ac471e6664bb,GOOD SAMPLE COLLECT RESIZE.pdf
2a3631bedab39f5bdd21fffc7d816d813afd9acc,SERVICE REPORT SSS00521.pdf
4b0a452858972512240210969e7c0cc828f0bdfb,50002434.pdf
d1eca8bebcda9052310e43d6a787010bcaa87636,Skills .pdf
ba936b34c384e79d07e671989bda38f381740027,50002434_Participant_worksheet (1).pdf
08a912340e627b441604c6c90c0bb864c8e9195b,COLLECT THE GOOD OIL SAMPLE.pdf
b39d141aeb283a1084aa317dd82eb166fd97a263,Grader 04.pdf
c013e7db5aa75c86462ab11628a630cb2cfd8aaf,PM REPORT AWS.pdf
9033e41d59ab69bfc184583dd12c79876ab4ab72,OIL SAMPLE COLLECTION.pdf
9b7f97189af5ae4e24040f3685340a9dde713145,SU42174.pdf
efa46cfabc1949743dd1a9a8226abbc71a073e90,combined.pdf
c55edfd309b0f6baca165425f5342b36ee897817,KARUNYA 19.6.170001.pdf
2cf1b18a3754c58eb7fdbb818b39b71232ee302e,S-O-S TAKEN FOR ANALYSIS.pdf
0f8dcb18ac3f6238282207b759f90b0cecd1e66e,SOS.pdf
9a2cbe0bdbf838ddab7db1500f417ba39a730bdd,COMPLETE.pdf
12cbb085458b6ce508db255c92817b979d552565,Collect the oil sample.pdf
512616bd9c738a2f5fd8bcf0549abc64f644236e,50002434(2).pdf
469126710b7d466a52e3c1434bdb760bd861b93a,50002434-2.pdf
b99786aaeb883962fc500d5a2b9678e20ba72f9b,SAGAR GAURAV.pdf
54437d86b277fd3397fb5c6c2b8a5093b5427d80,50002434 wo 2.pdf
16c78172cadc737a7eb34124240e541f24d5b798,50002434.pdf
34b312fa5132490b7612a2cd634d9e9ff0d2835a,sp04756.pdf
ac2d5d0ae7e76e8a2e2dd95e58c3aa1c00b28c03,COLLECT OIL SAMPLE.pdf
88ad5807776c5a4e192b92660f100b03de5c47ad,50002434WO2 Collect the oil sample.pdf
cba6fc84c29a9282be331351369d67cb249a6364,50002434(1) 23-May-2017 14-18-38.pdf
c5c9a5f0d19b237553b5028ec28112628e165a8b,SOS2.pdf
b227ac1b5a11118422da85460a77517aaac32cfc,scan0025.pdf
4156337be63a4c6b714c14fa028076cd39cb0245,scan0018.pdf
5e8bcf9a01933185795f408c3e4dc2e2bb0ff47a,Report0002.pdf
c24915238de48646b9ebf40c39de6343630fdfdc,Sos.pdf
ac1a40bc62619841ee31d793610517ca5211a7fa,sos entel food.pdf
4d7db5a3f1567eb74979d02b2b02e93730872958,MAINTENANCE.pdf
b26c0432a90cf949f7cca405edc54dc4af765904,service report SSS00596.pdf
31c5b2246ca121fc07746c8622991d131a2bedc3,CamScanner 04-04-2022 13.42.20.pdf
38a919745d587652066259e410553c6cc882b7d1,50002434_Participant_worksheet.pdf
c9d7a7a5fd45e66762c9bead8e1b2bade88d24f2,S-O-S TAKEN.pdf
bf753d91952e5182929466a9a7daacfc3183e8c5,SOS.pdf
9abea44e4e64b27787382a7056aea71afad2c7c7,Collect the oil sample.pdf
507e408ab84b0ec884fd8db0cc24934c80269238,50002434.pdf
dec1ad0b501f604f41bb52ca566c9c427d86e1ad,50002434-3.pdf
5076603e342b03430055d27c6346c4d730dbd52c,3512 B.pdf
de33d143360002f3101a15ec73fb15e1efa9f4d0,RJ17955 PAGE 2.pdf
fff8ab609c0de53f953a85e448070ab9b6e8107c,50002434 wo 3.pdf
716e429b50a4f45efb86d403a800d0a346b7ac8c,50002434.pdf
39988fdf740fb175389f4d350143b93764cf5135,sp04761.pdf
edaf762792245bfd528e742d871b166934d5b05b,COLLECT OIL SAMPLE.pdf
0d60e2bc90f94410971257d69a8003260087e40c,50002434WO3 Collect the oil sample.pdf
0bbf58bbc650f6ca468c4cbee008dfbe169876b4,2000 HRS SERVICING S GAURAV.pdf
419a271126b81b861ab9a278c4a8994e3f4a4714,Service report.pdf
c1f0ee124dbd39a938bea229a741359010b17a9a,New Doc 2017-12-11.pdf
06d889cc5e319db3fb18c99bd200fe7433a265f7,50002434(2) 23-May-2017 14-21-51.pdf
cd1938c402d326fb195c271ebf61fa70d30faf8c,SOS3.pdf
29a22a4a8548b2388626638802e0229af4f282f0,scan0026.pdf
e577182ec5fb14e34e456e733b8f8eb0431bac04,scan0019.pdf
38ef3f97845265b51e1f5aff8cfdfe4aac4857f6,S.O.S Sample.pdf
2767ecde60221e7e48c9a001cec5c9ce52b73d1a,Jindal steelway sos.pdf
e953d4966bb16917ae8d852df5b71ffbf22cc192,1825468_6MC00800#6MC800-E-BN2237-2000_J090-47263-0004_NAR.PDF
ce219fead4bb286fb132968d71d712a272fb8299,MAINTENANCE 2.pdf
4e0cd8008e61f971b43a767eba890f229c349a12,Hex 41.pdf
6312b59ebc021dc87957dc779b2b8288ca77299b,50002434_Participant_worksheet-merged.pdf
b8fe119fd308c479a86b316a09ce2efae11099ae,reports.pdf
bf7fb0f1413d2977b0a1df52b53b1782d87f56f7,Contamination Control Report.pdf
f2a0a5190acbc7f1b54375be03f4c84a86b187a3,COMPLETE.pdf
bb5715576174a98333ba839c6c85251f6891403f,Contamination control implementation.pdf
89e3e38b7185d75b6fddadabaaeda0633543610f,50002437-01.pdf
c6b361731f850950cd6941bf842dc7b216f2d524,50002437-1.pdf
5a79e104c1a01f2ecce6d80c1a9666174f98ff34,RJ17955 INSPECTION PAGE 2.pdf
ddf4a84b7fc3cb950c17da128cc1216329aeb85a,50002437 wo 1.pdf
76c00432dedbdc66de1f24042d249479d18b676b,50002437.pdf
9a856c1fc47187bf0fac87605a78854a101b5612,fitment report.pdf
03b33f67b7d60a505852a42182328371bd47ba6e,New Doc 2017-12-11 (1) (1).pdf
40b8631060ebe6404f16923f665c41948a179cc3,50002437.pdf
d46d46e099653c64d8b271a5adb5adff43a9b374,RL02694.pdf
c4cf1aae8cb5855969569079e0701b3bb9a9a9b5,contamination.pdf
821ebe1ef97ab0e0e3ff4deec8ec2b9e1adaf7b1,50002437.pdf
066a2680dcc37bae6eb6a5daccaf6f40c1ddaccf,PRACHI MOH C-18.pdf
6d99a443c59fd125411fe9b0c20a1053511763ef,CONTAMINATION CONTROL RESIZE.pdf
59480bd450ce594e814b3548b8dd600572529e23,FRS SCI Mukta.pdf
6aa9f516b47a6d07d871400a08ab4c9876e8fafc,500002437.pdf
37cba84a31d9f48868b41c039ff0c404eec591d6,120h.pdf
d3dafe335a40aeec0a9f4d0034e2dd3061be46a1,Contamination Control New.pdf
2dc3f78d62638f67f0ec8ba54b0b280540e8f18b,Chennai Breweries.pdf
c9441b7c8607ff6d80dc7d4bee56b4e92609f1a3,COMPLETE.pdf
bfb8f83011e8585c99102e8aa5412b9d95be6c14,Contamination control implementation.pdf
291c99ec921f1766be8326fe7ad97ddaad81951b,50002437-02.pdf
7ab033e42d10890045ba4690b90d4240bdc29196,50002437-2.pdf
d13ce65fd3c456276f97aa054abdc9655e04e520,50002437 wo 2.pdf
be4a78b3c49d0940177c46f2ad981c420de94981,50002437.pdf
4c9354f0f4e23cb39e74dd644bef97e8d6f5abc9,IMG_20170623_0001.pdf
2919717d30e001845914c87125ffdcb81055dbc8,New Doc 2017-12-11 (1)_2.pdf
59bbe6b6e7796bf174e539c881765e1a4c882fec,RL02695.pdf
408b607409f71e1256d3e63e97910a06db5d965d,TOH SINDHU SADHNA.pdf.pdf
bbbd6ac5c942e37dbc0cf9b4e224fecfb8d32c6f,SERVICE REPORT SSS00521.pdf
7a6ff45fc557482a35623b571ef2ac7355d1ff3a,FSR R V Sindhu Sadhna.pdf
bfda98c3962f95c5a5da788da0a7f939c48e4307,50017713WO2-SOS results interpretation on diesel engines.pdf
f5f395f35946bf1a4b7f40ed32a18c1f599f54b9,CONTROL CONTAMINATION REPORT.pdf
e357db03b25522d75c8b329e8c068f69c4d001fd,Contamination control implementation.pdf
6724f3cfde2258466332a0aa2ef07bbb63d1f296,QUANTUM0178.pdf
7a043178ddfe1b6219d6f44fbe4199cb0f28c8f0,50002437-03.pdf
c3734828717a3dd46353212cc3a7f663689763f5,50002437-3.pdf
20c48a43a3377fa4f77ca3e45eb3caa1b0859f0c,50002437 wo 3.pdf
d37e2b20f49bc317cfac0b65bcba115ae19528eb,50002437.pdf
db1214b63f1e4c110ac6080fd6e222d717861101,SP04808.pdf
d400ec182356c1f114c21cb254b8422ea31a1411,New Doc 2017-12-11 (1)_3.pdf
f7ac9826ea4629ed38750e432804a8c91ae01076,RL02696.pdf
6f389d959e9d84e008357ec7cd228cc34061e59e,YAMUNA MOH C-32.pdf
f74fb5801a9f54aaf51584d72cbdeaefedf9d090,SCI Nalanda MOH.pdf
db937f79b2a4be9a07b1ca4ce4defd110286ce46,DNP00438.pdf
3851f4d62d33001175f2e90b06b92305e05a000a,combined.pdf
35886e793019d42805f33250a9d2d433ac1e4fad,skill0001.pdf
a358f7a641a2ba11f6bd97e417288a9e7f03eee8,Walk Around Inspection  TA-1 Report.pdf
0bb40c79908072cfe4730d01d404e1d2268653c2,Amti tech Park AMC Report.pdf
5a5285a049e7581f093cfc291558ec517f30b149,WALK AROUND INSPECTION.pdf
14b6382ebf7e92163791f83a0ea17d22abf066aa,COMPLETE.pdf
7a1e6c4261d9f9a05a3994f0e64093d48ab5ceb6,Walk around inspection.pdf
ba58ba89769449f50994698798f3d152332a8125,200102-000011-KHADURU VENKATESWARAMM-AMC VIST.pdf
304c6bb2da61457061adeb456db3fbb85ba63ba9,50002460-1.pdf
eee0acfec170db63952bdf2852186fe57eafe8cd,Main Engine Inspection Report.pdf
a22c60e8ab3887dab7aa4bac6df4fabf06684538,50002460 wo 1.pdf
912d9fd1ea787005de649295ac7bc2beaf3c5d58,skill 001.pdf
a59a4b2b1a006cd67eff08234ac57839fee622b7,5002460.02.pdf
381ab2c7935711bd758aa659e78ce8eefa3783fd,50002460WO1 Walk around inspection.pdf
07185c07106456e3029385ee77f402a338ad5443,report.pdf
c3f3a8290757cae99251bb341b6d8f578805c494,GAURAV D397.pdf
5943fefc2fe1e1cc958d9bc71851c8a7e20afac3,a1New Doc 2017-12-13_1.pdf
47d72bb8f9c5e08480d7af6600c2a5b21f87ff86,50002460.pdf
c114b43215ff48ed43e527e048636d2dd6026948,Walk Around Inspection.pdf
a3aa7183da610ce64bdd8bcedfafe9371d97de5a,walk.pdf
c02e2474a1ef8ece364bef359018a24521877e13,WALK INSPECTION.pdf
e8dd45326a5d8eb1675df43e24fed00b87648d22,50002460.pdf
7892aa6684e2f879ede99079275643889d7a6c45,WALK AROUND INSPECTION.pdf
1be1706dc3f046ec944e4082b5ae77fec0773c64,WALK AROUND INSPECTION RESIZE.pdf
cdd2c9dd6119b6959814feba2776acd03870302d,500002460.pdf
d145968d9b98b54cd4f33384af9ce09bbd4b67a8,service report.pdf
d8b77f69663f6cd245cf5b7a0a60eca2871e574a,WALK AROUND INSPECTION (1) (50002460).pdf
0c193ffe2acb64c3e994520d4d7bde4090c13b2d,Walk around inspection 1.pdf
d49e686024dfb15ff5292faf61e8463e65c7d8c6,Engine Generator Set AMC CheckList_25-04-2022_220425-000312.pdf
a400783b991e7a29f5a07ab3c9d2583dfda19b74,combined.pdf
b91bbe41616a048498cb7948eb5df081148e34e0,A.VENKATANARAYANA.pdf
ac15d166cb18689b17648c587b3e96fbf84255d4,combined.pdf
568557cb11c23f1e06ecaa5aa2b6979c3b98425b,combined.pdf
76d6b31908fba30117f45685ff7b9b8ed97bea9f,SKILL 2410.pdf
904259829025cc25e2e0658501929863b07a850a,3508 ENGINE INSPECTION REPORT.pdf
e02583e444056531990d90b1dd2cf24a995b2421,Hotel Saravana Bhavan.pdf
a2b4f83166009bd9542f59877e29968839ce4c11,WALK AROUND INSPECTION.pdf
86869db29cf3a14b0ee882690b6ab834410d09cc,COMPLETE.pdf
1f8c630aa2d9152a83dc9338671a171faa640a8b,Walk around inspection.pdf
d16f95fcd72a8771a5ebee87d502fa9106ba7366,190927-000196-MODULOCERAMICS-TA1 AMC VISIT.pdf
1a862fc2e73d71671e7ba500c9ccdc3d6c374eea,50002460-2.pdf
a090f0469c63616b0d6cbadfa56b914aff2da1a3,SAGAR SHAKTI.pdf
e39b06fc59a3fa151709f262ce7f447b34374ee6,50002460 wo 2.pdf
7b29670f40c157b1be36c3c57ca6124b4a74d420,skill 10.pdf
badb7ed53ba9b32df2961e2068ca53b4ea837cf0,5002460.03.pdf
0055aae14d24db78e20e57c5787898db7e58b37b,report-2_Compressed.pdf
194ffc89ffa845597447b813f935b5eec5fee1e2,Z1New Doc 2017-12-13_2.pdf
ecb38b118d0724fcf4e67bdb11000d0278cf7e4a,combined.pdf
e91ecab77b2b6387eea4165c6a15586d194f7e4b,Walk Around Inspection.pdf
635b86243390e66dc5efea818097b4b8c5e3182c,combined.pdf
339a056538c84331aad000d7636327b415bfd66a,WALK INSPECTION.pdf
cf6d990f5dc03d015705b810a1d8729bcfb91f2f,C32 500 ROUTINE.pdf
fe3bf4121bbfc46fa110c293f6905020b58caed0,320d2.pdf
0330fac66f01f39658a6fead2417eb05100c754d,Walk around inspection 2.pdf
b87aa8aeac2441a1e997f8624c8aa1092ca678fb,BSNR REDDY-JRN02629
d0635f8878d937f5b834848804c82e2ef811c328,combined.pdf
cd067f56465b6f86bd3df07217d9cdc0fbfbffd5,combined.pdf
6886318703a0f14e144ab779fd710b08bba2d698,SAGAR GAURAV.pdf
126150e78d5fd8b14698b7f53026b10947740b70,SKILL1230001.pdf
03ace85fd5bd7e3f9a09f3659e9fb3e23cdca997,WALK AROUND INSPECTION.pdf
f12c58174b99f752bf6158f8047b33cfbd2e0a3e,combined.pdf
6b2f4699dfce45366c7d901210ced455e33edfb9,Walk around inspection.pdf
a179ce65934acacbac1fa6191090e26256608258,COVAIMIN(2)2460.pdf
9199640ae2a87b02514e29ee1179d3bfa7f37333,combined.pdf
11c05a2d9448fe3187d4a336167ab1988e841c27,190923-000085 - s bujji.pdf
177a289ec605480e55ba0b0cfc088b9248858210,50002460-3.pdf
bb1631c598a63d2972fba8ddd4e3d56c4b7ec83c,SAGAR UDAY.pdf
f50788151fddab7a6767c5da69d76df91ce32916,50002460 wo 3.pdf
5ac9c6bcfde10da4c204722dc8b91c88eaee9a45,5002460.01.pdf
661040ddb600070d4f60c5920f644173c0a18715,Z2New Doc 2017-12-13_3.pdf
70ffd874daeebe7d6a00275ede6264143f754630,Walk Around Inspection.pdf
f74eb8921f00d84fcd60600a89d16e5675c56a14,WALK INSPECTION.pdf
2b52bf9140c7a39230301a74c1cadfe474976fb5,Walk around inspection 3.pdf
27c8234f219577915fb91718fabce08b075518c8,New Doc 2018-03-12 (1).pdf
5ab729846b9f0567c73114c6fd87e2c740c42bfd,2463.pdf
18dc0581b265be77578c5a2e1a36446a071ad73f,FILTER REPLACEMENT.pdf
ebf36a3d3c96a992c80939fecc9e2bfac19a9321,COMPLETE.pdf
bd8a1b9b6dc48f1e5836806834f31a64c25f6eb6,ENGINE - A REPORT.pdf
193cf0080a3cf0ddf7ab58886d8abaa5ec66a168,Removal and installation of filters.pdf
5e95f1db92644e76acab39916b60cf6d5f26853e,50002463-01.pdf
dccf192ca9eddbc7ae1642da89069db3a10d4679,200121-000012-K SRINU 1500 HRS SERVICE.pdf
818e6bfd255eff4d551a8833b57732708f1f9817,50002463-1.pdf
1115b8dfafeb74e135a211e78c21d67b18d18b38,SAGAR JYOTI.pdf
07b27bcef7e2a020accb2500c642c224f7982f1d,50002463 wo 1.pdf
dc9a4845b4d3ef7499d2d845a06b1caaaa461dd9,skill 3.pdf
4183d24592e193fc74197e169a5d1088fcad458a,50002463.pdf
dbb204d9a6ce3139fd0ddb217900702e8551c834,New Document 2022-1-22 4.58.17.pdf
0719b423bca7b4bf54125da535919c1960fc2eab,50002463WO1 Removal and installation of filters.pdf
00d31180a225bcfcb4420ae49c8a73cb59b05a75,GAURAV 2000 SERVICE.pdf
16824ebef6471f63c748231a199fd47f6b1c3d98,AAAA.pdf
31de189af78172fe0e3406fd76a5a6c186696978,ARUN1394.pdf
bc339a1b06ac946c42ae1cde78a04bbec11dfe02,RL02703.pdf
14f6ded9d3150c2e4d99eecea9e700837e57ffb0,filters.pdf
0bd6e221d085d2031914690da73b47d8db0cbc09,New Doc 2018-01-27.pdf
a49bfb3b50b0ba94b8da2eeb8f2e43e377b46266,FILTER REPLACEMENT.pdf
fdf68b0b5cfdc55919bcbdee0baffeda50f694b9,50002463.pdf
b1ee4a2f53000232db96bd0c5e1a9d32a5ca5551,New Doc 2021-01-19 16.57.44.pdf
b880ca338097961140a08e5567cbc28d8f683d96,REMOVAL AND INSTALLATION OF FILTER.pdf
e97b8bb59a6e3896eefaaee79b4a7bde19d18319,CamScanner 03-15-2021 16.14.40.pdf
8e74596a7965066ba4496b1fee1d4049c7f7f45a,50002463.pdf
0926081460cac674d3bef0f127b5822e184ed637,REMOVAL  INSTALLATION OF FILTERS (1) (50002463).pdf
ee0db1fbf963560111ef9a2752edcde8ad0b020a,REMOVE AND INSTALLATION OF FILTERS.pdf
1cfdb9d77f2871781067e38fd9279d0e8f19efb0,Removal Filters and Installation .pdf
493d0157244e501cc75834fd0eaf44d15940d510,Muthukumaran pm service.pdf
8dddedf09050b612cc8bdfeefe123518d0cb8475,FILTER REPLACEMENT.pdf
48b1d0fd2c2022650838abdb313a0799e6248fa0,COMPLETE.pdf
eed16f3606b96da69d014bc17a4d05c6d7dccb60,ENGINE - B REPORT.pdf
38a7117269cbc6ae390af63806d12cc6edd09e9f,Removal and installation of filters.pdf
3c4481a90850fbadd5692bb00405b6f39af11ddd,50002463-02.pdf
45b73d3c6ebe355aabbf2b6aff4968f613d5d87d,200122-000017-BATTULA NAGARAJU-500 HRS SERVICE.pdf
c6fcc00f72282f565411a753855f1bdc59c3398c,50002463-2.pdf
f944fa818efeb30cf1c5ed20179bdd68d26b46f1,50002463 wo 2.pdf
134d82972bd0998b25e4f1f236c7caaf7d4bf531,5002463.1.pdf
f748c56f1e423fea0bb258de3639df7e2fe71d51,50002463WO2 Removal and installation of filters.pdf
1ebba0704e947fa232e4689d13bf92b5db3412f1,GAVRAV FIRST SERVICE.pdf
4035b7ab17533813fcdc62a4cc0cbd4e4f437ab7,BBBBBB.pdf
40a4fe0df2ba3aa8372ee0db070ec5cf0684bc9d,RL02704.pdf
85a4f51f44128228b4522c086a7166851614f96f,FILTER REPLACEMENT.pdf
41b915edec9a9bb51943591c1dd17201232f67c3,SCI Mukta (Injector replacement).pdf
f126673cb39521d1b245937f8e71616cdc0ba537,Remove and install filters.pdf
b7fb4d33dd812227f44bf18cdea5344734053cee,FILTER CHANGING.pdf
50e4962d13a11a2f0feb8d476c730c0840203276,FILTER REPLACEMENT.pdf
c841381349144417e7a1230f888fd8530358b3c0,ENGINE - D REPORT.pdf
f4bc05fcedca78864ec4441c5d8bf807c063857f,Removal and installation of filters.pdf
b86c2b5eedba0d063d659cc45b90f81926a3706f,50002463-03.pdf
4d3abd25acba2d068096c46013fd74a2f9a93e35,200125-000021-modulo ceramics amc visit no 2.pdf
2cecf641b8b490b29a3585698311f65476a261b2,50002463-3.pdf
de324e88cfcfb8fd5c993c8ea93c9d88b47993dc,SAGAR UDAY.pdf
9b526d9a852c860476b6db1e4a66fd2972b2ee3d,50002463 wo 3.pdf
83c187884847f2d1c063b4ea90401a594b41f55c,50002463..pdf
108af29b18b9a79917626be645eb12ea8c6e8a62,50002463WO3 Removal and installation of filters.pdf
7c9a7d1f8ca7ba3de26544ff99e3903cdbf74ae4,KIRAN ONGC 500HR..pdf
3d9463074a6b76cd66c88341455558477ad77ea6,New Doc 2017-12-11_5.pdf
4205ff29890fdc16447b78de071d6412f26a2f4f,RL02705.pdf
160695100ef840fa8d741de655e100973941670a,FILTER REPLACEMENT.pdf
a6502bfc303ffeaa19250dc4ad5af79f67821289,Remove and install filters 3.pdf
1ecc7fac6792e400249b4c96309e4cace71192f8,Activity sheet.pdf
77be244fce6122d56fd86969558db4899d0d6bdd,Maintenance information from OMM manual.pdf
3d64565ff2798138251f34d1622da6daddb4bf98,OMM Manual 1.pdf
793761f65f272517a3f915b7e62c79ec54d4b921,OMM.pdf
ac7424c1bbdce1ef37a22a6743fcc1b4d87c7abb,COMPLETE.pdf
feee9de22513def098ff1c30dccb59dcf751977e,OMM Manual.pdf
8c1a2e08b8bde359ab2f05ee7d11f6c0bbd8a1c0,50002471-01.pdf
ce274648c6f7c3a5e6a69b6249cbce5f7f030f76,RJ17260 OMM.pdf
3015765f8726ca089d7211a1595a32812c4895bd,50002471 wo 1.pdf
65359e937b0b62f0f3bfda4d7141749673fcd905,50002471.01.pdf
7431c9bc49b04887c122352ca6de6d63daa63cf3,IMG_20170621_0005.pdf
fb7d6b13a3ceebf8f803de37979cb662dcdeafc2,50002471WO1OMM Manual.pdf
7fa07835cb7dd9d585faf9612bdcecb83ebbd4e6,Z3New Doc 2017-12-13 (1)_1.pdf
43ba33bda8fc8b964b4a80067a08f21340aad457,OMM MANUAL.pdf
2829d1aaace887cd7389a4e28a098d82ea977932,50002471.pdf
1c3648e726b7be44f6c8085f334ea9632d83beda,500002471.pdf
8c54c2348d2a4ed59a7dd3c12817fcb43dc04188,OMM Manual 2.pdf
218cbde3afa52c760a10ae8c94c9fd478d7c0f35,OMM.pdf
27bd0e6f1d606b09a0994335dbb62de587f7451e,COMPLETE.pdf
25e9148142c362f2387f5198adfdc28a6f030b02,OMM Manual.pdf
88ff0cf90bbecfd800ee14e3c0bb56932d688b49,RJ17257.pdf
2697483cbccd3c7d4cfc611669120edd0520d316,50002471 wo 2.pdf
05d9052428d9a5f75855ecb0527fd5093ea638c4,50002471.02.pdf
6f9218f4281b03ce690d6b476fea04cee5cfeddb,IMG_20170623_0002.pdf
d092d9222321d89ce472c9a55ca1034f3017427e,Z4New Doc 2017-12-13 (1)_2.pdf
5f60e89e233dee03ecc3ba0a133f4477a5c2b994,OMM Manual 3.pdf
c08877ebfa30c6ee3399124222b30443e09e7ddb,OMM.pdf
ee356e35d75e17fab3cd006327aa8d4f536aaa49,OMM Manual.pdf
a9a9fdbc2aa06412f6ac36ad2361a5e4231c7966,PARRYAGROscan0179.pdf
0f9cf0c65d4fbd64a6d084f114b3dbf4249a62dd,RJ 17259.pdf
0e29d9f48a7f8825a301e4898bc92c2c0e5ebb32,50002471 wo 3.pdf
99c21490121665634b5fbaa58b3cb04bb8b0f00a,50002471.3.pdf
e1db46d5a4ae592fb9837ae65a838b04fee07878,IMG_20170623_0003.pdf
d206433b659f670df0226f73f9ae989a711a5b56,Z5New Doc 2017-12-13 (1)_3.pdf
247ee76e3441b64d1624c34bc7463bca52a9c23d,Excavator TA1.pdf
2cc9bf074c6f21d786fff514338682b137c8b0ee,50002442WO1.pdf
fa25f278b6ca5afdc42ab9c579470dd59006912c,torque.pdf
baa5659cd39cfc804140586ce8bf8f5bf2996504,500002442.pdf
224eb8831e4d5ea893c956035f879f05aa38efa5,50002442WO2.pdf
4e1efd462de1e6d7d6656e5ec89a04c04b3ae70c,50002442WO3.pdf
6397f3bcbcbf355ac07d1f9048f93a34c96aec96,SANDFITS 20.3.17.pdf
61f81f1ed9d3aa251342d647aac5ce1f76033c46,SAGAR GAURAV.pdf
3fd927edb1741bfaa637eedca72aa3c911b23122,State of Charge Test.pdf
f221cfd1d7c1442367ef8af0db24988bc9063cd2,State of charge test.pdf
de7ebbe84a133a476b7a447e6a90a90fb96bcb9f,ONGC SAGAR JYOTI MOH ENG. S2G00181.pdf
7ebbd0279ac776ddf7e9eaba4f63e6f99fbb500a,50002015 wo 1.pdf
6e6bdaa199728465b300c8ec85e3e75a13630b8f,KA18506.pdf
a9f3d4df4213cca010ca7f869b43f91c0f1ddcfd,sp05489.pdf
f3e46a74a8285d7333d16b0965ccf6149bb4d8b7,50002015WO1.pdf
930dbffffa60f9b6d7593cb4d940a45290c1bfc4,50002015 05-Jul-2017 09-49-13.pdf
698b67e51d6f6916dde2f6aa6ffbc51ccd415535,scan0085.pdf
6ff3d053312d439c4350ab45d1274261ef71f1ac,12000 HRS PM.pdf
36d3b6d0bc68e94ec029058c0b7625240eb50637,battery.pdf
0a83d3295769450639d9e561fff0c2298db7c3c6,50002015.pdf
de3578284243958778a1667d1ad7b354a4efe095,AHTS SUP. MOH (9BR03821 PA57139 29.11.2016).pdf
3d39919452f456ee2591cf2710088c206c26ce67,State of Charge Test Workorder 2.pdf
f8910886bb07719ecf2469428b9cea3b0e4f764d,State of charge test.pdf
aa2c09f3833d6bfe6d527e2c9976e5276390f1a3,TEXMO ALTERNATOR scan0194.pdf
d47c0251ec79b2d9c5ab1a6c6d5981b93bf8fe48,ONGC SAGAR JYOTI RIG MOH SERVICE REPORT.pdf
8c8a5f4f67faf32930daf2a144c2b1bcac233daa,50002015 wo 2.pdf
bd2738c1ea7c61b6533028617ceda6d8cea067fc,50002015.pdf
83e8fa82992fc2d91261991239c7ac92200b952b,sp05553.pdf
b2783a497eec65cba19662647876dd3fe74a82ec,50002015WO2.pdf
377999022e0fa78a981174aeaa26c2a90ad88293,50002015(1) 05-Jul-2017 09-51-05.pdf
996271f1e3a1bc5f8ac6a3cbc0310eb29733f405,scan0086.pdf
8b93308abfe7e85661f583aff2db570443b949bd,12000 HRS MAINTENANCE.pdf
bf961f97a8e34e14019ddbceec1b9814f684a464,AHTS SUPERIOR MOH(9BR03823 PA57035 06.11.2016).pdf
e13538cef866b7c6e4ff0c02c6c8033705dbe83e,RDZ10005.pdf
fce3a55b36a200050d546a37c505eaa8f9921181,State of charge test.pdf
c6c1d6dad34d099a157a989d2e24716149e95ff1,ONGC SAGAR JYOTI RIG MOH SERVICE REPORT.pdf
5f26f5426a7de2c541f54f696573ad3d31e2b92b,50002015 wo 3.pdf
b7a08f2e395f92c5d8d8ebce6376b890148ae90d,50002015.pdf
5292451bcefea6a6e4dbb2978c204d9d5a6131d3,sp05572.pdf
e54e19f97df4d16c6dd1d5f8a8a93ace51ae4695,50002015WO3.pdf
2a6b6a820e69a180a30fc3315e47ced5bf119083,50002015(2) 05-Jul-2017 09-52-37.pdf
5a965e0d57661be7b29d8aaafd3e01d25ef86f60,ICGS C-148 STBD DA2.pdf
3d3a8232f8a9a67890758cbda9b59d3f887f9a2d,10500 HRS MAINTENANCE.pdf
57b9a3ee78eafd0427114d88b4c6cdfa001dbb55,PRACHI MOH(DSE00157 PA55966 18.10.2016).pdf
625fa561fd678d298274ad4f722ede3c8e127068,Activity sheet.pdf
e0a99ac100d66a17e73b876573e6b456d0aca1ef,Charging Alternator Output Test Workorder 1.pdf
ae3841c9a2eb6fb1d3636da83a180e5dffd13bce,Sarvana bhavan.pdf
03beacfb0253bd712b01eedeff72d63640b2378a,Charging alternator output test.pdf
ff512a4f7c507a408bcdb0a202d46b651115eb5e,50002018.pdf
b94ab5c9dcf621b64c0af297ddf10d972e53b4ec,Sp05285.pdf
70c75202d3e0598fd06dbcf38f49cbcb84ef29c9,50002018.pdf
4e6c9c36fbdc8ac18935dbe06e849eac21b3cbc3,SP05405.pdf
0dddec49403b73e7a3c2073903da5dd1cbc7f67b,ALTERNATER.pdf
1d4d652bbe5e447bdc1713ff2c048faffa0af3cd,mohana blue metal.pdf
1e415287019762960d527cb1d00d1bdf4f00f105,B Mistry Kamalkant_317495_0.pdf
e4816071c5f1906d52784b847fa25edde5266b50,TEST IN ETRETS SYSTEM.pdf
717545e53bebc4f7112eea1ec85bb314b8e592c7,Diagnostic tests in ETRETS system.pdf
fa2a595200e48a447b389a8a9f6016cd490a8770,C050752 UNICHSHELLscan0182.pdf
966dcebd6369ab28047cc4a69529f9cda7577e4e,210000658.pdf
38110dc0ff4484b3268ff5a4642194863eea55f4,50002004.pdf
2015074b07f0d253b452087f02420dc05810485f,etr report.pdf
1ac75ec8dabbb3ce71073a280fe80f70cd6eff50,SP06430.pdf
f6a3dea551b99f9305740094e26dc87d4f97af5c,50002004.pdf
efd461477bd01f5e197d390ba41333ee332e41ff,SP04451.pdf
eb923069f4c35bcf6722c21afb761c8b0a6c5b7b,50002004 25-May-2017 12-58-44.pdf
b7b15fef613589242e0bbc495053c6419e669068,TECHNICAL ANALYSIS-2.pdf
2501969ed7980b3d91a60890ff170fae55db8a76,ETR ETS.pdf
d40d9d4f4bc82c50e53b0ac0738665296f4a569d,DEALTA TA2(4TB04226 GO36436 20.09.2016).pdf
2686a6ecabf1492fac9aef984139e654dbbaab7e,GMB Main Engine Starting Issue.pdf
6a9332da99aee915e86ff8bf8d75960e36d9acb1,Starting system test.pdf
88a504c8e3db45ba1b4d1ce3ae9f247135db1bb7,50002019.pdf
cf0b09f6617403e0b2b8a18e07d3726c0ac2a03d,50002019.pdf
e14b57aedd09733f4725639390c315dfe1a3d62f,SP03323.pdf
b5a5052e6769c80c71ecd0e849260d62a590a201,lighting arrester.pdf
5ab1b18b3eb54eda2cce96e2db81421f213a9623,STARTING SYSTEM.pdf
1e4b00c5c6b4018ea9fdc4ce0c594e782bace06a,TAG 8 ENGINE NOT START(S2X00919 PA56242 13.10.2016).pdf
d49f680fd135eb946b74e42e5f22a3a52e1ef138,combined.pdf
bd026b5abb1cfeb9256970374053068ea677e9e3,Service Report_26-02-21_210225-000064.pdf
c19ba47539faf597129306bf328ae7c76d4582ff,50002002WO1 Basic electrical measurement.pdf
6736f46f1edcd300bc35ec9f68d2c7ccc09f00c4,Basic electrical measurement.pdf
567fcf35aa75ef1bfb31cc49665480e09d58ee2b,JAYTEXUNIT1.pdf
48095baaf9254c1e1848963a8ce35bf8d416132c,C.4.4.pdf
63619a463e09580939da34c02e08b0cbf2a2fed1,50002002 wo 1.pdf
9c11c63ac284c9c923547b4bf43ebb67d9b4d0f1,JB30351 FNR Switch failur  fitment report.pdf
d04604ffa8463147ca9b461f79247c5fc1c0f259,rocky pc battery changing SS.pdf
e93dba68ad7c2f162571e0ddad7e8dfbf844e06f,combined.pdf
c1ea54afd1ae94a15037099b4191f047ab7b15d6,50002002WO1.pdf
ec438e2685b6c0380047a8e90c5e17091ae1f20d,SP05551.pdf
074af3169775f04021115cbb33691c4b1758ca31,elect. troubleshoot.pdf
8668bd61208415872fe40d5dd94889aefd50a614,basic electrical.pdf
2d62d4f4b8fc2cf787afc9605130a64ca59f87e8,JAGSON (DS FORTUNE).pdf
d7badcec1ee91431709d0d3845f8e5b2acf0cbc6,50002002WO1-Basic electrical measurement.pdf
d28324f23635f0c26e4f79c18cc2523d391c62f3,Anjali STBD D.A REPORT .pdf
e5f6f3f317cf815bbf12a09bc46f4e695f803e1b,Basic electrical measurement.pdf
824a2ceb176438bd8b62d9d351d41a22924e9116,50002002 wo 2.pdf
241b7c1f361a2e98e640d332612ce457e409672b,JB30351.pdf
1d1b473616eda95270ce697d303b297d75d0b8f9,propel blower contactor malfunction GPR.pdf
a7993d2531d48e0fe5f3a70cb50b6a069b37fc01,50002002WO2.pdf
37702768549c8e2a22ea5353864fb86d6e5ffc77,SP05547.pdf
5d9e79104f2b33a918710fd3f8cf1c71762884b8,AMBUJA MUKUND TROUBLESHOOTING (C9J00798 PA57550 09.07.2016).pdf
df94e8aa73d4e5183e4641235266c1ecbc0806fb,Service Report_20-03-21_210320-000071.pdf
7c56d278515ecee896cfee6f2031fd72dfe8befc,CSB  2018-03-23.pdf
739f254b1ee946dd3725cdb2c29e7d92ca41e4d2,ELectrical Parameters Measurement.pdf
a74fc82ed817e5f6764061aa163c5e75f72f212d,combined.pdf
cf5846e60d0a2617a47425bfa0471707b637a8c4,Basic electrical measurement.pdf
a6adaccaa1b8ae507910eeb6fadfdbec3d2c155a,COVAIMINARALscan0195.pdf
d9da935741cd962f48bd0cefefb16a95ffeb2596,50002002 wo 3.pdf
1de4d9ccadaa0cba1bb88ab740fded505c57927b,SP04874.pdf
d1a8ce8c20bb7f004021380cc571a7b9a29c99c7,50002002WO3.pdf
c64262af97411ec0f08bf3b71c4c368504453510,New Doc 2018-01-04 (3)_3-1.pdf
65c31339f0f745c011dc3f9290850c6707ff88af,AMBUJA MUKUND TROUBLESHOOTING(C9J00798 PA60695 12.04.2017).pdf
c3eec6ceed54b0acb5606af5e031f04614eaa512,GD CHAARU.pdf
c930fed1e1e5c648c498a56fb1bf885bf4213dd4,"50002008WO1 Service tasks on gauges,senders and switches.pdf"
c88eeb61b3c0f8a1904a27be4e9891794ab4777a,"Service tasks on gauges,senders and switches.pdf"
19f382c2b2693c6bd181f55c125bacd9641072af,combined.pdf
74f1652789337bdba473ea547ecd78f873f298fb,50002008 wo 1.pdf
3d0f302213157d1f3e9b6a13f6305e0996ed5afa,5000208.pdf
e3ab18b4f2c228a03baf3e0902517ca7adea7ae5,50002008-1.pdf
659da19af80475b9188627e3643ff3b301ee824b,"50002008WO1 Service tasks on gauges, senders and switches.pdf"
a8e88ef76ce86c670d3b16e1fea14a980061c0e7,50002008WO1.pdf
5fccca23c95506a5b7b4681ad35037e89c078d17,SP05819..pdf
52d7947253490e6caddad46c67dc82d94ba927ed,50002008 05-Jul-2017 09-41-36.pdf
db327f8682e24fe5d3f2e661368f56e1488acff3,GAUGE SENDERS.pdf
bd39665e31667659e2fe978c9b5180ffaed62158,combined.pdf
1eaa5ba545acc91dfba264cc77c22c702a208a2a,"50002008-Service tasks on gauges,senders and switches.pdf"
7c0e88296db5431b6f19496284b96952af7ba34d,"50002008WO2 Service tasks on gauges,senders and switches.pdf"
552b1bcfa852e11e3269cac1fff77d00c1c05e15,"Service on gauges,senders and switches.pdf"
00262390ad2fa4a4e0f354470562e1c8156fbaa0,50002008 wo 2.pdf
216ae2e909fc1af609ea31fe74c10462a8a8b83f,50002008.pdf
b241b731982f9556e8e6f65a3807525402e9510c,SP04778.pdf
f02ebac40143767748008ecdb3d60cac47c72ba3,ELC L1-converted.pdf
5cb8abf91237effc563ab53bdd97619ddc18c94a,"50002008WO2 Service tasks on gauges, senders and switches.pdf"
26ca9f532eb28111174f27de8d135d1fc6c64f52,50002008WO2.pdf
01bc3fe70f40fda820b769280f14aefc81beba79,SP05816.pdf
1736e934277a82b55dc67535098a4b38f16c79de,50002008(1) 05-Jul-2017 09-43-24.pdf
2a3cb2091ef5a5c34ccd4e3e5a18fe7f135cd30a,PANEL FITTMENT WITH NEW CONNECTORS .pdf
b29de0053dec689ea625853df643a030bd491f1d,"Service tasks on gauges,senders and switches.pdf"
78e65f0989d01dda651976c89c83777c55dcd19d,50002008 wo 3.pdf
ee845a358d0db89080571ce126aebb0aca67a8e2,50002008.pdf
c90f2d1695d253be073020f1caf20dadeb7c83c1,spo2310.pdf
d917be2955c6c86c9b2662098293e2f4d5878060,ele l1-converted.pdf
c5223f12318fdfa34f1a84704db84767a5a0cd28,50002008WO3.pdf
16fe58ff5c68751575cfc803363a88d308ef6249,SP06307.pdf
134ea816c883c0386322261282e510e4b9edf531,50002008(2) 05-Jul-2017 09-46-36.pdf
4daa9e29f1412393fca5fab5dafa3f38ee390206,Visual Inspection Of Batteries .pdf
a845103f8b32b2c3c1b52c1847ed92ac8ce7bcdf,Visual inspection on batteries.pdf
abbeb8fc53f40d2bd90bbf82c2a356914640192f,50002016 wo 1.pdf
05f8ee1a30d2e6b7166ac3911bace1fd7456d4ea,50002016.pdf
a6b8e07dbaf957506fed74cc3b5cf5eea591a751,50002016WO1 Visual inspection on batteries.pdf
fab5629fc12bde582a569e5d29dbf94655b97920,50002016WO1.pdf
7c656a27b85f7ba7d9d3caf96253556aa1854f2b,SP05526.pdf
7a6664fa63fe450dbe5c14f4813f4c11fee9a062,RL02633.pdf
3c85fa53a46a2dda847411ff0d993f183481fee1,visual inspection of batteries.pdf
a10907dfeba2516c8f10605cbd7e5d95bb373ef6,50002016.pdf
8ae21fe7459f7105c130b2cc86062d658ee9d065,PRACHI TOH C-18.pdf
4329f14c0856e2f2a4eeb7b3563852628f908a1c,AHLYA TA2 (CYN00721 PA55644 07.09.2016).pdf
33c2be63b06171079612cfaf5fa375ab888b6a08,VISUAL INSPECTION OF BATTERIES.pdf
5d64f831483dcc41c917a6ffbc557dba6f8ab152,Engine Generator Set AMC CheckList_23-04-2022_220423-000128.pdf
44cd34400611710a5f56b410d1618444d0ca0522,Activity sheet.pdf
1580d47ed838cd1a84b6e161224e4a6460e3d962,Visual inspection on batteries.pdf
369eb4af5bbe2c643605561e3b7c2578ebf4737e,BATTERY INSPECTION.pdf
63a053c50efa9e12d60c3d651a49a59249136082,Visual inspection on batteries.pdf
878d02808470893a30d81f3a616af2afd937d39e,50002016 wo 2.pdf
0e86065013b492eb578c2f5466faeb48b323d51a,50002016.pdf
3313d45911d17f0ae865e88fda37c85d3df731e8,RI36668.pdf
84ac1b6d4c23eae245d8f047d7de06c6a6dd2bd7,50002016WO2 Visual inspection on batteries.pdf
7324396552c57023ead116d2cf1d24fb0eb41d98,50002016WO2.pdf
45aba408726082e6fad3001fdaa116112e5d94f7,New Doc 2018-01-04 (3)_4.pdf
e30392d99288f83eea734c6e0ded67eebf61cb31,DELTA TA2(4TB04225 GO36436 20.09.2016).pdf
3ac04834391ae456cefd22fdb9eafdb170cd00b3,FSR Greatship Prachi.pdf
147eba0ddf7096e544aa9d901c0a7c7845afda8d,Engine Generator Set AMC CheckList_25-04-2022_220423-000132.pdf
6ce4cfe5d0313ded6b95c663a6e35ce583089347,JAYEM 2018-04-19(CO52901).pdf
eaa226b468eb7bc090c3e7e6eca020727ee04c08,Visual inspection on batteries.pdf
b55c5f9a4e26c515445594956319614c85ea38fd,combined.pdf
a103631ef5459291039111eaaf8ef6d32a464206,Visual inspection on batteries.pdf
254adb2864ee0f1276e60f4ce7015ec10fc62ecc,combined.pdf
7262c540e05a94a9e1323062fc226d8485863d3b,50002016 wo 3.pdf
3544f94486dc038259ca84be2265b9c9476d6b9a,50002016.pdf
5641df439fa20c9d97b36e58404d2803e23c08fa,sp05376.pdf
3fbad036ab4f801702bbcc4040ddb9504acef0ee,50002016WO3 Visual inspection on batteries.pdf
ec3461850e21fc35334cec11adabc93b8a40c383,50002016WO3.pdf
1b1e456974d7df02f2ffb17b5a0d10a3beae12c9,SP05546.pdf
70791954be2d54a17cf2872731d5b61e7a6c36b1,T26 500 ROUTINE(PA53072 24.04.2016).pdf
57fe0c18bef459d1299b204f7bb7434fc9c21a5b,combined.pdf
a891b001796685fd90aad23d9c26c1ff25fdd426,combined.pdf
124111579ce433f721162054d356e155491f29c7,SP04029.pdf
3a55901f3d3a690bacd595cae7a58e31cd9d6886,50002146WO1.pdf
7c8479ef0623a1e7208ab6af66293b5a73106493,SP05738.pdf
f94d2922f18eee2feccce4e97468e5fbb6b397b4,TESTING AND ADJUSTING.pdf
529440805c0ae6b4b3c82354513c8917544039d6,50002146.pdf
cb291f35ef41e5b7d291eb34ddb0e62a3b9eddb6,technical analysis -2 report.pdf
ecd964e2a088e93bec9e261c090b76ad9f838081,SP05178.pdf
dedd8fc6d3b5fc23107d8df8960bdc543bc32fae,50002146WO2.pdf
88598f791242120cdc65a3abecdb74881f7856f0,SP05744.pdf
48e6d8cb08806edbb6c947c81da7e2547e5f8f76,5FM02834  service report.pdf
1d1f2aaf1ab325e76d529b3ed1c14bb0d3bff0a7,Service Report_02-07-2021_210702-000162.pdf
313d671838d058780420e8bae43a64689e9325c4,sp05154.pdf
756080e42721a1c1d9dff7898021a290b786aef1,50002146.pdf
53ab9c755dd829e5092b0350eb6212b07f1c3bf3,50002146WO3.pdf
2637b7ac6f30a36aa4b682520ab0f23c36914d4d,SP05741.pdf
3936c819b5868d3d1f8ec815a0abab6e83710ec4,combined.pdf
d8d28a0c7471548ae97a9c85b6bde1c2cc23cbba,TILT CYLINDER.pdf
a73edb69a449747467d2245c49816f230cdb4397,skill 12.pdf
73361a30e9d3b731828f9cd0c4b192c8f9ad54b5,50002149.pdf
897f6e3a50294268f516dd3e7bbebe0179d3c9a2,gear case oil leakage GPR.pdf
4ef5464e5f550150db2106abf909ad7921175745,oil leakage from hoist gear case ARK.pdf
d1da266d3b6e5bfb83dad2e5c72d0d7f220518fc,50002149.pdf
bead8544cb501da556b513449a38e3ac6c9c28f8,50002149WO1.pdf
8ed9c5fa4d63a88f5c141c64c80f1493fb576eff,New Doc 2017-12-11 (1)_10.pdf
909410c5915a134ea9698158f44f2570ddf71701,combined.pdf
7601ef157613c4fab7e668fb841d561731e252ea,RL02686.pdf
527c7ec4f16566cdb94b894f11863b91548ffd68,50002149.pdf
dca3ddde57edc5db90badb2c39b8990e3fb20846,SSS00520 SERVICE REPORT.pdf
d74c7060769d9b95eac76efed795cf9683861317,"REMOVAL, INSTALLATION OF HYDRAULIC COMPONENTS 50002149 (1).pdf"
8d2f22edd443ec82d5b2b1c119e416d068d30083,MOTOR.pdf
b53c993c904465e70ab4b92dfba328235c25fdbb,50002149.pdf
33f4505291c2917269aad992fc356f0efe2f0dd9,IMG_20170621_0002.pdf
84f768c90d0ec0deab72c9a0b703b2739737f344,oil leakage from hoist gear case ARK (2).pdf
3bdecab9e635358fc8fd6c5fa328b782d60752ce,50002149WO2.pdf
670abce476a51331adc7f03bbd54fe62f0383d85,SP05061.pdf
ccd85973543f3d2877694f180785d6858e75b0cd,Service Report_18-03-21_210318-000257.pdf
cc0ac48b94d17d607842395ddbffa5ce4a4289a3,REMOVAL AND INSTALLATION OF HYDRAULIC COMPONENENTS 2.pdf
626fe2f70ac8b0bd747de4607483e00ef9d7dfa3,CYLINDER REPLACEMENT.pdf
7e8c748da014192ebb3183a4e0af47eed4a14fab,50002149.pdf
d6dec033b4ba5c460ff3794252de04ab6e561386,SP04884.pdf
d61c71d11320a3a7f6b95c560cc9660fb5c2e7b7,combined.pdf
cac5bdfa3259eb50445b7fadf64d0eddd2e8e5b6,50002149WO3.pdf
edb815597d3d232121c7379736c99aea703ce483,sp02738.pdf
a5a83ece0658c56e4ec55ebd236e8ae2db15d1e2,slack adjuster failure.pdf
91132cb2f23883b4661c2b18b5941e9996ac5424,service report 5fm02834.pdf
9351bd73a9842e6bb421ed626fff2b69b11d007c,Service Report_26-03-21_210325-000040.pdf
a23a974ff231518cede092d0aad4ec5e2431565c,New Doc 2017-12-18 (2).pdf
0835a42ead81f6cc33464fe3cd7e9062c8fa6a2d,50002153.pdf
49d9d4cc89282ce86c87a9bcefe8b44b28bea950,IMG_20170621_0003.pdf
c0cdc10a8f3daa687f991d737dc9ac9b831c6dbc,LINKAGE L1.pdf
8314a400e8f306bf2c7b2b7b80224f7bc9ccebf0,50002153WO1.pdf
f9a289c9950c3f8f24d1171b1ef5d29bc75ac4ee,SP03338.pdf
393eb2c629ede416715b703b59489ca6b5449107,traddle valve not properly work.pdf
2c081b2500bed3817ab80b84408a7267e8666070,50002153.pdf
52b5d6416c215b00f28204e2b8fcccb463d9e95d,50002153.pdf
2c473ebd65f3ba69624a8bc00220d7bfa97cadaa,IMG_20170621_0004.pdf
cb25e20646f37d70bb6f9f3b59edc146e5521ec5,LINKAGE L1 (1).pdf
cfea8e0ec2412e4f2acac4c5f34eefd39f9388e9,50002153WO2.pdf
54b2260cd120d232ea658fee312e8ff8e978a270,SP04561.pdf
ca235786d58d62f5686f5f7c60a58a18d4c0b4fa,combined.pdf
2b6941442e2cbf50f129d5db224387f484057d74,combined.pdf
a2c490ca082a3e0811c08b4c92e1c4dd358fd5f8,50002161-1.pdf
a4b638e9edc31f67d0a1adf4f00278017e90f348,50002161.pdf
dfec8d68623e9b11f8a2439da7054c74f44bae19,CYCLE TIME L1 (1).pdf
368b74c7bc20848cf0b0590c4ea53fe8011aeed4,50002161WO1_Cycle time test.pdf
5b33f9e99885149b4f2c6559495efad4273a32f5,50002161WO1.pdf
303828f98c08fa62822fcd4a6d6e0f96f0b76a31,SP06202.pdf
d8432f62750f16a719606cda5a45a7a01934ae78,50002161.pdf
f6aef33753a5c6eb521acf806ddead18af61a19e,50002161-2.pdf
c9c3ca7d20aa20e03e452b222649f1f7e8c6b30a,50002161.pdf
aa79be20e591136c2ce2dc6a182571bf4307faa3,sp05360.pdf
c9cf06902c1074c85c4130857708442f194f915d,CYCLE TIME L1 (2).pdf
8d317218dd31cf5560ce8adcfe3b23e1c33f5be1,50002161WO2 Cycle time test.pdf
889c61931af0f3a83314fd0393d235d497a1d252,50002161WO2.pdf
9e752d6fb46efd7788c2fbf876a22b8bb52a0a5c,SP06201.pdf
8ae805c4a8406e13f478e6d5ad45de33af8f2e48,"Adobe Scan Aug 24, 2023 (14) (1).pdf"
b7576b7e72bcbf89ae76f2320df1aa8f5474fc6e,Perform the cycle time test.pdf
7aab625f5a1a409e0d0cac72d1355e8ea755c20d,50002161.pdf
70c069b27e22bf5a33e91842ce09500d0d9d90d6,sp05416.pdf
2e7b29c8e2cf0caef0f09ddd77bf7b2ce1bce647,CYCLE TIME L1 (3).pdf
3f8748b1509524450b6aaec1fa5fa633cdd4c7c3,50002161WO3.pdf
73cd8e3fc94115b87148988291648968417f942e,SP06070.pdf
4b9a0254758e9d8a637325d71952e150b13e8af7,Perform the cylinder drift test.pdf
df298726ce5dd9e650bf9a38f85180c5251a1a64,skill 13.pdf
6fa477bfcf8fb8b9a4aa2415970e472bab2075b5,50017658.pdf
98f4b520151224e5595656a6a726256204ddeb5e,DRIFT L1.pdf
2872643977dc18ce6c7b952e8114ff50566f437b,50017658WO1 Cylinder drift test.pdf
fa151e723f383b6772e2bfe43a8e0a14b8ddaacb,50017658.pdf
59e0a36beeef536d86332be188ff1a383aa337e6,New Doc 2018-01-04 (1)_2.pdf
c56936f6545a3f893c220b227a2647e72919eba6,50017658.pdf
c3ca5f7545389b0d91d3341fba9b171a332be587,Perform the cylinder drift test.pdf
57cd936839d135ed5c8dee9a0a9a2fed5616eaf8,DEVENDRA SINGH.pdf
f40d91defcdbc50e442b884fc201c8abcb5aff67,combined.pdf
d181ef7ea074ea84301dda73c9409ba2a7a35095,KA18442.pdf
9c028a3c048b98792beddd5e3a3d4ce87c2652f2,sp05493.pdf
fee56f271b93607302b17822dde30d6da51bb576,DRIFT L1 (1).pdf
c2d674bc810f2816c299d2b5e5cc1839cbf537b5,50017658WO2.pdf
7306d4648af696c5517d2a7652396eb4007c0f65,New Doc 2018-01-04 (3)_1.pdf
be6012033788a3bd64183ac1e269b7f71d60390a,Perform the cylinder drift test.pdf
9108eacac730c0db49b2b2977b0993df12c270b3,50017658.pdf
53f61a9093f24c4ac66bf58d042fecb1256e8026,sp05553.pdf
b141130b5686f1bb393e28cd1b74331ed1a2091f,DRIFT L1 (2).pdf
cc1e3b9fe7490e346bd0c45805c810c5d6f0c24c,50017658WO3.pdf
e27dc9d1d2a72bc8cc365fa7060e62f9b432b2ea,New Doc 2018-01-04 (3)_2.pdf
8b8fa6491a71e0ef0996d8dce50e2a68af3fa226,S.RAGHUNATHA REDDY_23-01-20_200123-000219.pdf
45846724a6cca5932ca539458eeec84f46d54fc1,Perform the resealingreplacing of hydraulic lines.pdf
d56fb87a059ef2e793654108719ede34587893ea,svr0001.pdf
792641dc692c7035b3183083e2f052b2ca758aa9,combined.pdf
37144a4e9ea1941bdcb493e6cb0f24b7d5284497,50002163.pdf
84a08a8c95eb4b6081ddcb0ff123f76a6430759f,combined.pdf
ce96aa224e919c2e7b9d98a702a6a8e82df9f969,LINE L1.pdf
c787f98f012c8c46e6317de2866a8849ea5aedd7,50002163WO1 Resealingreplacing of hydraulic lines.pdf
dee8e18bff2db2432c059e24a87e0377dc2e09c5,combined.pdf
c4800e5b4b2fbec4a3158cb8eeb768f03c26c75b,50002163.pdf
7aa1e51cc193cfc22ee006083809f1a60458e9a1,combined.pdf
a9196a46cd79ec390ca99c28514527860662e4ca,SP05627.pdf
4b51c25176b71c32405278221bce9446cc750ff0,brake hose puncture.pdf
47d936c52c7217c6cf4cb24235eedc6336b17f5a,50002163.pdf
d90254624e5cf74a16b0625da930423566ba5848,Perform the resealingreplacing of hydraulic lines.pdf
ccc45366499eedaa6215924fb733f0a510e97a9c,HOSE REPLACED.pdf
4977da126dc11bf1554d7e43ec332cfd411f9e36,50002163.pdf
0e5c0435f92d7cb363eb4984a437f0d2a3c342a4,lines l1.pdf
d460b1344374e9fab492042244c2f3108679ec06,50002163WO2 Resealingreplacing of hydraulic lines.pdf
04e806e6bc11095240b5fe735f064d9d55a6e077,50002163WO2.pdf
9723e507ffeb7986a26de0f07b53deb60cae13c0,SP05513.pdf
5f819460d349f4278843334093aca3c96b12b9f7,steering system hose.pdf
b40b4d41368d9b380662afd4815f100728b1441e,Perform the resealingreplacing of hydraulic lines.pdf
2ca90f2b895de28d88555b4dcf5e3a2dad496c7d,HOSE REPLACED.pdf
0311f20910a1389f8aa6b2bbdad214d86ef92f2e,combined.pdf
f6fa9c5a56c83767d1bd9ae951a251af68954e85,50002163.pdf
56bb7ffc395decc56a4c999529acbf13239302f0,SP04665.pdf
40fe68be54419c058066533e3e5848a51c522737,LINES L1 (1).pdf
12a68520080eab02179ad7c73ac5b1b9bd50ef6a,50002163WO3.pdf
2c4996e1a7da86cc8c84b1afafd29e8122430b5a,sp03946.pdf
dc7a0b0aac1873e33b4dc083f56292e9614a63d0,parking brake hose puncture.pdf
2b2e601c2234a418895e9b93b9ab0c5ef066f9c2,Service Report_30-06-2022_220630-000231.pdf
9db6f01b8b9bc0ba578a685812b189d3852bac58,50002370WO1.pdf
a800f3f9311272ee5d73743e55694383b910552f,50002370.pdf
76788018da1bf07432d951c881e24267accdeda8,combined.pdf
7629c5742be954ac22251a742ee80c2539459e1d,combined.pdf
ff8072a20122375d724e0d290253e548b395ddb5,50002370.pdf
0a05e4be92a6d1be633205078436c4b7555790ce,50002370.pdf
94222cc1d1d9ac31e02de31a534e09c758251fda,combined.pdf
3150cfb045ac510191bba3f1e5f06b500150c763,50002370- rbt turbo.pdf
cd361592a0b4942ed3175f6c945e0170e9f3a7ac,50002370.pdf
fe7e9f68649595f6547cd30cb406040be6a9494e,MK4.pdf
9c66655cc47fa9676e0615d49d3b052028e7725d,Removeinspectrebuildreplace turbocharger.pdf
7efe3730e3b941b49f506d3b144602e86531f225,50002370.01.pdf
3603f42dea5718f29d07ba2c4177e392c001dc3f,TURBO REBUILD .pdf
b34294b5d9947d129da5c72ac0fde371757a9952,TURBOCHARGER REMOVE  INSTALL (1).pdf
cde73fa2c8db8fdc3bb4d53a4ae7522fb1e65ded,Removeinspectrebuildreplace turbocharger.pdf
793254c723f6ceb678dbff29c4945bf400fd6cf8,50002370.pdf
390600fcacb1767b3f849c6d6baa68e034298243,bchakroborty.pdf
0431ad998b25aaf6167560b191712f2143ceea04,GLMS1.pdf
88b88ceaa41f3899591f5fd60511fbc8ab83e711,combined.pdf
ed7940408d95e42ed5e6769cb9265833a56eb70b,scan0013.pdf
14049c49944e100377cd9f1b68db391d763e1275,TURBO CHARGER.pdf
6d44cebc3fcdd4c93fdf61f74965be7debe5dc82,New Doc 2020-03-13 10.15.35.pdf
326695c63d991a53ac9a52030ec4ad61bc6b2e3a,BLOW BY.pdf
0c9efff4796cdc68c15072ef86ed547cfe51019e,50002371.pdf
c8cdf9a2c460b33fdb8065ab73dd85df171eb230,50002371 WO1.pdf
db7609eeeb69137ad00d4e8cf0edbd13ac5f2232,MAROTI-BLOW BY TEST.pdf
58b04ec4b05e5e423a60990c9ad87bc379ed0d91,GOVINDA-BLOW BY TEST.pdf
ae24d2a3ea4bac9ddf0a6faa1643be60876c28fa,50002371.pdf
695dfe5aa50e55667118333d3dddab5e150d0a8e,50002371.pdf
9ff874218fcfe2a745fe436a6ae5acfd3d2f55c5,50002371.pdf
18e267ebe790489fe25174d14a4b53775519dabf,combined.pdf
f44cc364cb581bf537bae98604e92070300562dd,Perform the blow-by test.pdf
d291d75849c922344eab3c3fad1f5452387a70b2,combined.pdf
d8cb0a30edebd8631ee9554c922ae1956b3ee0e8,Perform Blow by Test.pdf
c3745f5d9152452c421f1a350a7a5e180b8d6962,50002371.01.pdf
1968e242dd32a27fb0cd20e87eb1d9ea41a65bbc,Blow by test.pdf
7691c6f6428f34aec275d0104f716507e0dfc0d3,BLOW-BY TEST.pdf
a21c93ea1570191c3db049cf90ef991f123b18b5,AMIT-50002371.pdf
e333cb2b87c6c2a11c34d47d1f6c31bd5d87f8cf,RJ16959.pdf
aa1b2739a85de4e2987ddda22f45186946d4ace1,BLOW BY REPORT.pdf
f90eb3bbd4a9cae9ab1767b6475d62b189b6c024,50002371WO1.pdf
c212109b0ad595a7a36520b6185e38a76bda34cd,Sp05869_1.pdf
bd1ae2bde0e9111c52be1c327fe90c89f036f4df,5688e401_9206_4241_9faf_e6e124d92dff.pdf
5e0e1cb88c3a011534c91a94db6ee6cafcd379ca,50002371 20-Jun-2017 10-42-53.pdf
1931d7b50bb0ef38e3486199d6153916985ff203,scan0020.pdf
721109b8968dd373bedc60f30e526aebe804e94b,50002371.pdf
ebaee964904e3c03804bd4da1cdb7ac88c6f66c5,BLOW BY.pdf
076b22c359c75384c536984c64cd8b8b6d06bb1f,BLOW BY TEST.pdf
e20158f1d946ff4e7493c26b0a44a8d124e069a9,New Doc 2017-06-28 (3).pdf
62bb2de23ca695ad563af6d4f636e9706b87e6e4,Scan2.pdf
611e599da5d6fb95359628f45672ecb7871df6db,Image-2018-06-13-164058.pdf
d49d1f70e98db110eaf2f875ecaf0754dcb20ec3,combined.pdf
471cbdbde7c7cdeaaddf6d3a390f764e1865b49d,combined.pdf
bd823d60ce0e5811067e8e30d5cfb5025158cf73,Perform Blow by Test-2.pdf
5125cf45f4506fa1de27ac194c6ae58006fa8a3d,50002371.02.pdf
171e6bf93c4d486aca5bb791f079cea2dded8b98,BLOW-BY TEST.pdf
b15b0324b0426202a6cfc9ba44970158338ea253,RJ16959.pdf
7ce84f6ebe3d64610420d382a22a12a778b2cd84,TA-2 INSPECTION.pdf
7aea9aecde180571aa41c3ade442a73a3ce6337a,50002371WO2.pdf
682f89becae2b4925595c69dbbc9cf700d561cc5,SP05871.pdf
3a20b5492cb632aa92ec9d865126661a6c443c31,54de398e_8b35_4259_bcb1_9f1ecf2f301b.pdf
db5303fa6782ff6cc712935c4cf7b37eeaa745c9,50002371(1) 20-Jun-2017 10-44-14.pdf
f5fdec25c31c1264456718b1f90fdb9c2372ef9e,SKILL.pdf
4f21073984d320d9220414d76b27e9092f5201ee,New Doc 2017-06-28 (4).pdf
9b7187411be073740e3c82f5ca5ec718086d10b5,Perform Blow by Test .pdf
b5303eb776e8403ef85d161edc9daa38e456cb47,BLOW-BY TEST.pdf
feaa336f294993074fab68fa9c881baafa2091a2,JINDAL SUPREME.pdf
5b2b8a18b84d18dd63b0cfe40672045eb2b8572b,RJ16462.pdf
fa310ab810ff68113a8a10ab0d4a576ac7a38d3d,TA2 INSPECTION.pdf
6924cc86fe6e20c8ab1537233d99bafe91ff5211,50002371WO3.pdf
b2d685066ee58739ca87696cd6b80a0e69169131,SP05874.pdf
3a12fd9e3ce819007ed07f599ba254510954be68,da59b2e7_4a5c_473e_9c48_cf14946a1dd0.pdf
238ddca76d3e2296df612ce0bc988eaee71138e5,50002371(2) 20-Jun-2017 10-45-23.pdf
90b4ce4b5a486acea20fd43f0d05198a2e50186d,New Doc 2017-06-28 (5).pdf
6a2fd9321e321fe72c88ab1797c459113b014a89,50002373WO1.pdf
a1806f37e9c2f5cfabeaeff0c820c22c35ab4519,50002373.pdf
58c007cbf50e36289d6d8ea71d4fb23bfbf185a4,50002373 WO1.pdf
27f7e0779b49f2d0a0d9c0cbb6d249a3b73572e5,MAROTI-BOOST PRESSURE TEST.pdf
f4d51e3e118f304aa64d969c3aa683890e1e6082,GDC10815_Status_2017-07-19_15.39.18.pdf
1ea23dac4b031588ed81e5ac662ad8767a75b411,GOVINDA-BOOST PRESSURE TEST.pdf
8cc9a89f3cb1ef6b1694b294a6755d1f06f0d614,50002373.pdf
d8bcc5652689bbc31755bd906aa3660454485ad5,50002373.pdf
b6aba9fda08a7cd188aa618184c64e091a7f83f5,50002373.pdf
56544cde8d5f2073d44ce4cac5d24c63ecd6d9bc,BOOST PRESSURE TEST.pdf
f47df44abf7148d71aec14c556e760cfd9b254b4,50002373.01.pdf
4232d828612e406bdeae4f704728d9300f824dc9,Boost Pr..pdf
6eb1bfc8b133b15d57bfeb010a4994ba604555e8,Boost pressure test.pdf
ae94e83c229ec610f4d48710c7380331c7fc8af2,BOOST PRESSURE TEST.pdf
aadf320ce545eed88204664d90e9f7d1f80abff5,AMIT-50002373.pdf
f849004a165de104b39969621dbad16c6cae5378,50002373.pdf
f5ad684ab66ec90e2767d011ae8da2053cabf11e,SP05881.pdf
7f57db36486e3a66847b230afe6ae774e3f63647,50002373 20-Jun-2017 10-37-55.pdf
0e18db609bf1dcfa22059787a0393f72a6ac7a74,9KS01499.pdf
8318ea8a580187dcf773a6a76eaf5b1a2d486080,BOOST PRESSURE TEST.pdf
1c710f5343d1a891d7726b1a1a162dea0a2112b9,boost pressurs l2.pdf
155fb04d5eb0fe1d0f9095d8f5af916ea917d32f,bost press W-2 Doc 2019-03-27 11 33 31.pdf
1bf07e5b29298680c31137ab56c67cd7af15d324,Perform Boost Pressure Test-2.pdf
853fd8768926d4433be8af7ef5c2fddd658cf139,50002373.02.pdf
4f9c430ef91e83fca6f7755821061535705e0959,Boost Pressure.pdf
a6ae3b3f5b2f0c6023cb810572a645d3c5c99d6b,BOOST PRESSURE TEST.pdf
fd191e48cd333735eabd7a3e560003c794e0da19,50002373WO2.pdf
d74d5172cfcb47a7ae54aa08cb3f37d744ee3eb0,TTT00763 Turbocharger .pdf
df432a8f387933b11bbb8ef2f5e3d4a432cf6fa6,50002373(1) 20-Jun-2017 10-39-51.pdf
51b412faf4820f58ff7c4e48321cbec0d3ccc950,9KS0154.pdf
c2cc9101ad16a1bf4018a40b192bb98d742f5e4a,boist presdure l3.pdf
f9616ab17bddc135b5f68357e168c9b0e2995dfe,BDT05781_Status_2017-09-15_11.34.02.pdf
3a8d32671b497c82075f1c904223dab131823c24,boost pressure W-3 Doc 2019-03-27 11.34.36.pdf
4f4bcfc95611865d0d07005c7fd726e92b455da3,Perform Boost pressure Test.pdf
434055194a2553bd46d1d975a84b38c03287179a,50002373.03.pdf
2ad2c55ae8055e0309958a8b60eb1abb07a19355,BOOST PRESSURE TEST.pdf
1207486290d12b77e178c5134d6e61cf0529c2b3,50002373WO3.pdf
72f1225e379a32f031ac600470dada9486ccbd96,50002373(2) 20-Jun-2017 10-41-21.pdf
44adcd991187f6890c38e9fe9a62df8f7ffab994,9KS01464.pdf
da27f4888ef1319d4ee1ba4312186aaec20c382a,50002384WO1.pdf
d91693a18ea894be85df6c8cd864e2da7c8c355c,50002384.pdf
6457122f0abf1c2c5ecc2cecf14de4b8d002dc29,50002384 WO1.pdf
8c946e29930eb565235194a59dc0e9dd1e08376e,50002384.pdf
915e348624309136657588b0909bdcece04c6616,50002384.pdf
5016df59b5734a771bf2e7689cf75ad540d1144f,50002384.pdf
391e1c7b40a3091913cf38eec11723e9f9b544e6,50002384- thermostate.pdf
437120770bbcbf2d0f8af1ee82dafb356feb5645,50002384.pdf
420f8ade9baa8122a7b88cc5799ae65189818166,MK8.pdf
7de214e32b3a34bb1352785152a8140bd9ec0fcc,Thermostat Replaced in Routine.pdf
782bc87460f0be21a6e2cce0d2d5803232f302c5,50002384.01.pdf
de9575a30e0b7c4b38547d281d3a2b6bdebc9edd,THERMOSTATE REPLACEMENT.pdf
6a1bc806c48bf44c17b34de0fd221d69a3f98132,THERMO.pdf
2eaea1956d49c4edd6ebc525d6581c9729255ed0, Removeinspectreplace the thermostat .pdf
6744874c2e0d9c6e39850bd795f0f36543b46e25,2384.pdf
c78df903be88e4232ed06e9a2da1732383899aff,191203-000006-MADALA PUSHPAVATHI-AMC VISIT.pdf
d2128a05bcfaa9a160d97fe21378f8a236c159c3,50002384.pdf
30a544e37d4db4bc290fea79d9d060c8f9bd099a,50002384 12-May-2017 17-01-34.pdf
3484faf6d3fa2d16afe50d6dfc0161e1828db1f8,50002384WO1_Remove_inspect_replace the thermostat.pdf
75710bd55eb4247d7739a89a95555287b16fa74e,50002384.pdf
5c64a737a66b68a1137db39645ca96e6c10c7d6e,50002384 19-May-2017 14-56-34.pdf
67e1004505d0ad0edabece5d2268dbc2d59b467d,scan0012.pdf
f7d16c0b15078880b52df9c4b7563297c69bd5fe,50002384.pdf
8c0ce7310ec01aaa8ccba12bfa19d4c6f2f31d18,thermostst replacemengt.pdf
0f4c92c5ecf1d2120439fe3e6ab78522114176ba,THERMOSTAT.pdf
f5e3a3d45f62566f3f3871557765e494c9268e74,"Adobe Scan Aug 24, 2023 (13).pdf"
74750a5c5a3e1ef0e0ab372432b16ab208a599a0,50002385WO1.pdf
0fb04e4cbb1e9077d7b729205ddfe9154e1ce3ec,combined.pdf
9bd212682c25e92052299cf970dd64ba6698b80d,50002385.pdf
52f825a31ab66d63f1c9d40b02063b83798c698e,50002385.pdf
f0a123f727c2c7e57aded0ead589009923565e84,50002385- water pump.pdf
daa7f775eaf632b0d9572477bbc26106a45de591,MK3.pdf
40a859082a061d74d90b5841048eb33bfc8dd735,RemoveInspectRebuildReplace Water pump Workorder1.pdf
0f155480b177f2f1c8c6e328c6e5c55a7cbfecec,combined.pdf
a0e172b2338cd07ac1c86f116c221bfee85463c7,TRIM.pdf
6ac088f811fb485132bc15959a320f25bfbe6314,Removeinspectreplacerebuild the water pump.pdf
faa1dca8d82a60db69c4b23fc9498f425bff0b11,combined.pdf
f63c80da90f079ca91ac2e1020c2e2228f4bc708,WATER PUMP REBUILD.pdf
255c258b38943d427996f636698fb1be39afa9cd,50002385.pdf
25b72501b1e925a8a2fa2954a7b6cd89c53382ba,50002385WO1_Remove_inspect_replace_rebuild the water pump.pdf
3841c575dab1d33830b84079cc853c4f96204971,50002385.pdf
d231fd19984e6c8a27835bdc4011839018b8acef,JB23974.pdf
17f54882b9ca1ab2c6e4e2c8914b6cd57d834935,50002385 19-May-2017 14-59-28.pdf
1b85fd9e8cf96b5c7dbd93cb20fb2d705aa18b48,50002385.pdf
d103718c8a688aabcea32da6e305a5c3795de7d1,water pump gasket .pdf
6cca2dff9e47fc082bcd6af6a2beaa21475f17d4,water pump.pdf
cd1914e088649c0a329e30a47f06bcd3016e39a7,annamalayar.pdf
fd05e1a4abf29ec26142ec398d8b3ae9560747bd,"Adobe Scan Aug 24, 2023 (8).pdf"
9b7066cd10d7d9bef984a9a107e09ad4d77397f2,50002402WO1.pdf
c896235379e0138c65b67d6c5c891dac207c72f0,50002402.pdf
14b2e54a204a4a7c18fa582fe5ed970af64a3394,50002402 WO1.pdf
5483203fb37d924e48aaee9a0e94f011ac16073c,50002402.pdf
9e114e2b4a176f80778f6883592e7c17a91d12fc,combined.pdf
1dfe21964b6ebd5a1fe32a38c874a3acc3c49963,50002402.pdf
d3aa9856644a024ffe7fb0ad3bed74d216a564d2,50002402.pdf
d7bb6dd36f2f90b1e06de1b9aa0d84bb36cc4bf3,combined.pdf
617a1135f89f6e02b823fd4c575ee5f833359375,50002402.pdf
61923b61d4ecdb6bb90306283d7351159578165f,combined.pdf
ee63b427eaf2e9c1f50ab888d0bb410d0a26e34a,Perform Injection Actuation pressure Test.pdf
6bd0365279e2a9da727c442d7d68388cc11234fa,IAP Pr..pdf
2f913c354d4569745c0e1b340dcb538dba312e0a,50002402.pdf
e3a98b6a5a3467765d4d508802758188720da600,PRESSURE.pdf
fd7f959daadb26386b4ca6841007b6b32600a771,50002402.pdf
03486db64a1f2c1a5d32fd3cdca84e4b29a6be2c,50002402WO1 Injection actuation pressure test.pdf
2bf2b0efca104e4d09da42b4be0bb26e38b4640e,GLMS2.pdf
b20f5af8618e221d4912fb110ea6487d24d3e508,Service report.pdf
309443afd60ac3c0c2d5cf2b62843ccd1729cabf,SP05880.pdf
1e61d339eee7dd4f9250f82d22ef15a4699000d3,scan0010.pdf
ad9ee15f1c850693a7ba5c4d096cb9a27cad1898,Injection Actuation Pressure.pdf
ba70989159dd36eb3674418cf4bcf16c7d6680ec,50002400WO1.pdf
99555a881bc50940fcf12995158fe1d3e4b1341c,50002400.pdf
eabf52f40499ae1e48b0b8f8ea575c08fb6fc1fc,combined.pdf
39336156dbfdfff2fe5d0669bf862c62cffa0aab,50002400.pdf
28d1ebe35bf66be82071b24062058808ea8ac379,50002400.pdf
831aa3d332a9f29ce52defc34e6d932f5f7df45c,Perform HEUI Injector Trim Calibration.pdf
9a6534eafe194c9c36f00b26fe149057506a56a3,PSR REPORT EMM00185.pdf
6ad170c63c3ae69fba23e73bc2b96050cfd0b91a,50002400.pdf
6c17445eddf3500507b49b04e3a424ce5b11a22e,combined.pdf
075ffa04ee886eda3b1a72a2d5341a506a63abf3,500024001.pdf
46ff6da53b5c3fdfd56f023ba65832aae74b5e55,50002400 28-Jun-2017 19-01-49.pdf
0d2104088e3f5fab3cab85859d081e622e16f3dd,sp03798.pdf
f263592942ed8f47b7e1fa5e2efafc32a98e30fc,50002400WO1 TRIM calibration in HEUI Injector.pdf
8177eab8b6a46e4f48543e3ccccd0f2380a447ab,50002400.pdf
5bd745e2aee4675171127cdb64b76c74e0b010d3,Service report.pdf
7e908a41d19b9380e146e99ba1f252b1c9500069,SP06269.pdf
c93b181fb953f1ab2fbdc36e23a27d9eced930ce,HEUI.pdf
3c9294ef111f89a689724736ad688808b8ed02f0,KO24635.pdf
44fc7552a57ad529fb2a59d8dba210dc914aa744,50002396WO1.pdf
595e1fb877f58d9cee413acdc95403432dc13dbc,50002396.pdf
4c7b6abd8a752532e643ab8edb33b0a126957c0b,50002396.pdf
a996cb9a60430c34728aa411f63b3ecb98e5340b,50002396.pdf
3ecf4efbfb3697d73d3009d7db999b46cc237701,50002396.pdf
9bfaf1974613656a5041e212e0fbc6c8a08bce97,TRIM calibration in MEUI Injector.pdf
5c4dc72dd1efadda574e6e33f2e8dc8256813786,TRIM CALIBRATION.pdf
c9793d00fae7fd7109597580a784192f06a91fb9,TRIM calibration in MEUI Injector.pdf
0be52577806c06ad3cfdffaa7f4d3b415365c6d1,TRIM CALIBRATION.pdf
395e09140cce7dd93dd4d859e2f667402da4ba93,AMIT-50002396.pdf
aed5e5c734fd5b9afab725dba7e8a3cebec5e5d2,combined.pdf
477806c37f0f46b4c35de623a128f7d25bada94e,50002396.pdf
fcfe858fcf6a624f2a6401bafc2f10cfc8666bec,50002396.pdf
f3df180ddde9d1f8a6d50259df2157df4bb0f257,Varahi TWM02826.pdf
ff91994a8f50506c596729ff0394ad051462bc7f,50002396 25-May-2017 12-54-29.pdf
710677608052efda5aa3e5db8d0cdc89140c7beb,scan0011.pdf
9ccefd00cd5fb0c5351068ffa4be9136fcab471d,MEUI.pdf
1d3fc3ce65a279d796f9d96c83b4263a81a33d2c,KO24636.pdf
b346430c4ec4918b503bdb770bf119eb374a46ad,New Doc 2017-09-12.pdf
c618acc60ef1652d3b303e6b6a01e024d15e7dee,combined.pdf
e9fd46dc43143238e954fe2dfb6518f4fd1cebe6,50002398WO1.pdf
a6b9d436cb10991ff8da8aae97dca177fc468cda,50002398-min.pdf
5d801728bc0df7510fe4d3475b7a10c261f44d75,combined.pdf
6d8637540c3739952c13c8f6cba070f8514c8f0d,50002398 BANSOD.pdf
01eea38da42fa932fbf9dc21b3dd9ae945117a43,50002398.pdf
6c7b160d53b58dc8bcb63cd34b6de07da8669491,cylinder cut out test on 950 H C7 Engine.pdf
068bd518a9c4831159c95b1c8dea238a9d525181,GOVINDA-50002398.pdf
662ca568914f01815dcfb4c8164df702c9d26bd4,50002398.pdf
c8a240533ce927063090a8f06ca6c2c7cb72e420,combined.pdf
d9eb82bc567b7ee5c5310abb5cb641b05e35ef74,50002398.pdf
49a150f9aba5fb0c4dfd42bb75a84f98d04e7cd5,50002398.pdf
ff9b4e8c38b60e34dfb88e428a37396357ceaf25,50002398.01.pdf
728f5595a2f5b8fd242a1834369552760e1c45bf,COMPLETE.pdf
5bb25776dd769dd270f9abdcbdb97ef93c6d3c51,Cutout Test.pdf
efb2fcaf7d6b35465c72310e6408fdf5377714a9,SOL-1.pdf
1bdaf8d0812fee1b8f8e19d4d4f3a7950bc2505e,Cylinder cut out test  solenoid test.pdf
57fb2bfc65e4a04d09ff5a886d8f7de78b507d9c,combined.pdf
016799c0be71811147cb0272006f106be3e8b4ff,SOLENOID TEST.pdf
7afe0e237dc30b00a515a85ccd5575736300bab8,AMIT-50002398.pdf
253274524f3814fd2a65c7dcc5abc64587ccd524,CUT OUT.pdf
e952ee0e7d5ad2556d033db0e1d42f3a1cf8fa75,50002398.pdf
e6225d094b175485c0c81c97eccb47786449121a,50002398WO1 Cylinder cut out test  solenoid test.pdf
9a30b9ad873b65ca01f097272c393d35d072fa5c,GLMS1.pdf
319515504b76bb724de1b71eb21709080fb1998f,SP06273..pdf
72d590ceb7044aa06495dfe1e76100773834f3f8,50002398.pdf
9dc66f2ffacbff195453dc1670834fc86803d630,SolinoidCutout Test.pdf
6506f4284365cc87357eb17517badd5ebc5f3ced,"Adobe Scan Aug 24, 2023 (7) (1).pdf"
e37f17227b2332d2b3367819eae94fd20ce1faa0,908 7TR03788_Cylinder Cutout_2023-12-02_17.30.35.pdf
821728265b0c6f5a383f6f720ad98b4468a4c34e,New Doc 2018-03-17_1.pdf
0393a2bdc9b16be74e0814004c901725e6766426,50002398-1.pdf
114aa70dbc2e404e8bc1886f3b6980b1279e8404,combined.pdf
0a052ef08d570439ebb4ba9c5bec11e99077abbb,competance New Doc 2018-09-19 (1)_1.pdf
62aa8144d9bce8f63824813088171bfff9ae00d8,SOLENOID CUTOUT TEST.pdf
a2e0c63c1cc26cd17f44957b2f8861ce9125c4cc,50002398.02.pdf
b68ea86fb6bc23f70eeee6ca1b0312c7833dac05,JTY00368.pdf
3561e85642147fdfa330c2fb3292090ca9d1bad0,SOL-2.pdf
adcff91af4fa93dae23f9ba4204fa6b68ec5b96a,Cylinder cut out test  solenoid test.pdf
9ed868f5cff7ce445541dce9990e25937440f599,SOLENOID TEST.pdf
8e3df78e949c4ad06b455db76e0fe70880ad0d4c,combined.pdf
e6d220118b0e2aeab6469c53dfb5140851e31c86,CUT OUT 2.pdf
02c30347bfedde21f38c26288c616e433a1e4c66,50002398.pdf
750bda40a48cb0d61a3c4570697d062e6f2fb678,GLMS2.pdf
2a0289781445a15f5b805e897b5977a1f005e3db,SP05921.pdf
90836c511e74b5a36ea715a9e226a225205c81f1,Service Report_14-02-21_210214-000040.pdf
2a14778d49dda01669e9b7c0f2770bccfe852f43,50002406WO1.pdf
7befc0e4034e900d23a51e257d92b030ad42e981,50002406.pdf
6404538b91af1b5ffc30cc4727a2cd96dd3092de,50002406 WO1.pdf
cb07b5655fdc54940959543a575b07e018a72949,combined.pdf
ea287ceab095fb9c1e33c613021de313c9794f08,combined.pdf
b9f8f2007fa9fa11796ae603af507b77833aea53,50002406.pdf
3ce4ec8dffb22935dd949943c0c3e5e4122faa13,50002406.pdf
3c3490031c4f428ad0d3660729dd38109a3b16c7,50002406.pdf
8aef5841c0b70fccc5418490fe008688e802f940,50002406- head.pdf
d2efc3205aae20d275fcbd4cc56e38c5edd7db63,COMPLETE.pdf
76ac3506c41fe20c3ac26b967608fc5d778e0516,50002406WO1.pdf
6dc0c0309b6e9943e7ef7648def4de42cc5d63bc,CYLINDER HEAD.pdf
608e553d250e2952ec943259b337cd98e9aedf96,50002037WO1.pdf
007f84b47057647b5de5d105a59d21237bef86cf,50002037-min.pdf
1f482fed034ed8b1798316e37b7f6b2eebbba029,COMPETENCY NUMBER 50002037.pdf
7cdaf2fa6b56653e1c452e614e747ddaef114bd9,50002037.pdf
146381e6f50d3b4987b2838cac13744bc2d413e8,50002037.pdf
6f8ef78dd89c8977dafe68a770f0b63ac0766fd5,50002037.pdf
f4a2bf7d6be32982bd77822ca39ab64408509f8a,skill0001.pdf
68190b0e30cccb793bde97ae3666e0952f61cf3c,combined.pdf
160f534fc4832c77a8bb7adecbec4ba121d15c43,MPU TEST REPORT OF C-152.pdf
ddbbb61ba41a0ec346c4f055b177d0d65fb7c90d,complet.pdf
02f28927f8b21fa1e383aac195a18945dad5b1a1,Speed sensor test.pdf
df5e5f153afa7f7625899eff82748c287e0c25eb,50002037.pdf
cd6211303fb16c12b179ce24f7d26c0cb381abb6,New Doc 2018-12-15 13.19.40.pdf
5a62a5456c9dca77c2e3391a0b32eca9eb27a9d9,50002037WO1.pdf
4c9fffe348a1a01f7a974101ec343914a631393a,50002037 28-Jun-2017 09-33-18.pdf
4a0403adb11cd798a3eec815bc32b2f2b60df964,C9J00650 PA51793.pdf
28d59ba0404e82b0fd0400ad12811dd8122af1b8,combined.pdf
b22de595c29118fde7f4a785dccf414c47a2d89f,SPEED SENSOR.pdf
74220b5f437ca49c7fa0e358c45cbc854713bec0,50002042WO1.pdf
debb42eb5974e8f2b44bb41a8de294a405dd41b8,50002042.pdf
8b74baff2d4cc8e5b3b16f1f9a5134ba10c77d4b,50002042.pdf
a2a3c027e23fd02c43f7dae82e99582254e5f94d,ET.pdf
87263a90c24419d9ff23404b8e75c7a8158662aa,GOVINDA-50002042.pdf
781160c943d4fdf944ffc148d5c5961dbefe799e,combined.pdf
89cbbae483629218c29e157dee99623cae89b985,50002042.pdf
345e7a4ea930ca98bd54105c105579f8f5065c87,combined.pdf
81b45e69450b3b6fcd16db3d5826dc8788f78130,50002042.pdf
27b419e46028fb9655fc312720d7403de221b398,E.T TRAIL REPORT.pdf
31bebc96780215f22ec601fd03a05af22867845c,EMCP II+ TO EMCP4.2 CONVERSION.pdf
35635c2e2dc07c22e58dee433f1d62e42109072b,ET.pdf
109d906a86532792092baf84dd08d52456627bb9,complet.pdf
c26007ff6987df2ea005b5250861299efc47c949,combined.pdf
2f9b99890f51b382fb4a55645a0d00fd90f86ee3,PSR REPORT OF JJ400288.pdf
881cb92f25f77007ed436bb1feed7e730a50d430,Basic navigation and report downloads in ET.pdf
58af7aba4e5eeba0983d2549372fdc974d622015,combined.pdf
93179176c92cfa34d11051e8b7edf838e666e6d9,combined.pdf
653971d74316e8e017b6f44b603819f6396deb02,AMIT-50002042.pdf
c6315a13bf974235940724f25dd52389c8c08133,50002042WO1.pdf
55e04e10b02e254fb28c1734b0a69a1e584c2f2f,SZW00161_PSRPT_2017-12-05_09.44.05.pdf
ff3f8ad4e46ef0e236557e8fb0df9dcd7e116677,ET PSRPT Download.pdf
e135a5a7785c584d5321706919a4c436dec41bb2,glms3.pdf
52734365ae014dbe1e17408c9e2b86ce7175bc16,50002042WO1.pdf
3d55784d761e60c48d1894181d8df66c3eed137d,SP05534.pdf
8bbb3bcb8801633ff0799f7e457c6190af94308b,ET REPORT DOWNLOAD.pdf
256fa89266b5b49c77403ee86b13d57ffa7e5d28,ELECTRONIC TECHNICIAN TOOL.pdf
c14c1bb50bb60ad9b1e622843e752e990367cbbc,KO24618.pdf
ae709e57c2b101b5283dbea7ca976a58ed57513e,combined.pdf
e3fe74f26b5eea26bdad6cb76253f1b858f24d6b,combined.pdf
39ccb3d2e32a8842a2522db6583623e8d3476df5,combined.pdf
3ccec7a54a7e3ec6523c16afc3252a3f0fd5520f,50002042-1.pdf
3f9a382314922870681e3f966392c139003db3ab,REH00712_PSRPT_2017-04-07_11.56.37.pdf
4076333b7197d7d5eacfc10d10a6cd92fdb69467,FULL E.T. REPORT OF ENGINE TRAILS.pdf
634ef4e406be3a14e9e7cbfcb360d3cb6b273d35,combined.pdf
44a0bab630dd3390953234641d74f5c721257c59,ET.pdf
e1e05f5011a1b56923b8fbbd64ae2565fd913096,complete.pdf
172ca163b325bac33f6a502674d852fe0482c1ad,PSR REPORT KEYA INFRACON CONCRETE.pdf
a9b88c349a76508b0985f1cf8711fd4ce26ec4cc,Basic navigation and report downloads in ET.pdf
8a02b887eac03d2862aa8c2bb27f2be308ed019e,50002042WO2.pdf
f2f1c8afc0699b7c20bb910c96a5923a188b46f5,SZS01108_PSRPT_2017-12-06_10.35.40.pdf
c0730d2afcdaa6fb5bc009a0adb6a6bd38a89ef4,ET PSRPT Download.pdf
e8343b033b2eb1fc9ce29450c6edba89b84f12ac,glms2.pdf
6dea0760a6e136ced34c9983d605e48c6dd2e63b,SP05535.pdf
cea4457e41fc8ae127b0e9880bdade8e7ea14539,8500 HRS PM.pdf
a5ae2c126c525ab96493bc41dfafdf5d9a00d5b7,KO24620.pdf
84794f9780872d5bd3993c7a3a37336081b9b037,combined.pdf
f6e15f008d2e07be45deb0e6a25c0ee8d781ef0d,combined.pdf
40643bb4fb25b235b9053c1cd4c60495b3108689,KARUNYA 2018-03-30(CO52647).pdf
32fffa39626c4728aee7947bdc4bb963dd809188,REH03574_PSRPT_2017-07-08_11.46.12.pdf
5fda4c88a453edc41d973db3e8a6bd7a04573d44,combined.pdf
bdbc7539c5ed5b42573bbe6c2e65fffce5ebf827,E.T REPORT OF OVERHAULING ENGINE .pdf
7730f39da02eb0a0fc22e406f9237c5144392b42,Breakdown visit  ET PSRPT Download.pdf
e2d02ca4aa380ed5085d653001edb89decbca046,JJ400272.pdf
974ad9fd4a0e0915858c5becf9e98a3fb7432752,combined.pdf
85ba2d34faf9e0034c97237eae444448088cc5cc,Basic navigation and report downloads in ET.pdf
926dcbb7d97130ad41523fccf2acee0982b44be4,50002042WO3.pdf
0d673889d406e7bd878ceac4ba2c5f741539e6dc,SZW00173_PSRPT_2017-12-10_09.42.58.pdf
6c73fce15535180fd518b00b35d9178b673618c9,combined.pdf
c724a27fc09877b3e3d46ad316183d95476413f8,glms1.pdf
ba06538ba174b7cb33d81e6bb4c4bbfed4703171,combined.pdf
6d4051d1e05de5ef7ef17b679b36a9447fe24bdb,SP05525.pdf
1e01d43c64a62336a10247ba7d1d4e61932a2d6f,KO24621.pdf
b308760fff1a49296cde7b22323acfe2e8b73e8a,combined.pdf
20d3ae3e17a91c40c9870ea6d18325ad8891c6c6,220421-000146.pdf
656086bf7bf5a8cc69e05a7c8953c5eed5753d23,50017682.pdf
506a3b7324caef34d87d9fd41fe204fc32ff7edc,combined.pdf
ed25351278d46d37c3f4f80950478e8148bfd034,500017682.pdf
c079290faf8183630f01d4c112d665486bc78505,50017682.pdf
62cb6a90621aa8771476ba836649e9b1c963bbef,COMPLETE.pdf
a08518e6fa2a18a886717754d73c6bf0bb52e476,Service task in connectors.pdf
17b0c9ab0843d4857776f8efa23835678c8c1e11,TROUBLESHOOTING AIR SHUTOFF.pdf
49dc016629ddd4f541c155553b95803a7cdae65e,50017682WO1.pdf
e43245c52a210e8c218b2be9785786fea0894fc6,sp05656.pdf
9f716bc9ed1d1dd4e8e3ba2822f9ad801d5dc6bc,50017682WO1 Service task in connectors.pdf
3c65c442f98271d72220a11d83f6a7a6b68adee5,50017682.pdf
395a3284c4b815efaa2dcd05c9265ab73b5d3e8c,50017682WO1.pdf
65528a1f64868fceb71b298f7ba3354009ea7560,50017682 28-Jun-2017 09-37-58.pdf
a16e46ca5c8855f6908768ac152c1b0b71b6d786,POWER WINDOW NOT WORKING.pdf
6052947dc50be3a4fe09f64388464b68cc41027a,CONNECTORS.pdf
30489ef4c4423c52c2abded84f77ddcb2f485732,combined.pdf
62433461a3375088ce7238d3ae4a7ef84245254a,50017682-1.pdf
86fdba240ea93426dd4a7c691dc992e71bf04667,combined.pdf
4a35bfdc939dafc558fbfdb91637e74d2d41da9a,combined.pdf
537a21b456073b987a28fe4fdce45e1543193361,Governor Installetion With Connection.pdf
098ada2ae50a8deaa9df727ac5d5402b10307d2d,Service task in connectors.pdf
8c7ee7048ca3074362f76cb2ec0f215a9d368f58,combined.pdf
0baad83689e65e80f986145da348eec44f9233f3,CONNECTION CHECKING.pdf
71e24867c3dc6777302978597692f7583ba156ac,50017682WO2.pdf
f6a8a53e4e4248df389d894c867bac0bce59fd10,sp04880.pdf
8dcf76dd45e819bbe0f743471c18f7b10c9856ff,50017682WO2 Service task in connectors.pdf
c95eb93ad27313ebff841bbb20935e42647f89b6,50017682.pdf
0098454ac3a92c9543c1ba12f90b38cb74249990,50017682(1) 28-Jun-2017 09-52-41.pdf
5429390cc3183a6d685f076635a6ae8b8fdb6f78,S2S00310 PA51792.pdf
1a7ad56a6ad3e53ce315fbb872358853679a54d4,engine speed sensor error.pdf
8064e1b1e5ae224007cc46b73da620d6d61a98a0,50017682-2.pdf
c4b0d756c82c5d470b18f214f8b7bfa770668a3b,Coolant Temp. Sensor Wiring And Connector.pdf
bd28b77eb0f0992faa573996a745beda120d34f2,combined.pdf
c826b98c44f304ddee397dd60c3b07f07e87b9f3,Service task in connectors.pdf
0d5e2a4a5c02887c84e7e614f4abb949dd3c79d6,S2G00130 sevice task in connection.pdf
fe9fb0221d05da5de93021e44ee4936192f3a31b,50017682WO3.pdf
16fd5104fb9bd87b2f6b93711ec927e6f0bd1359,sp04878.pdf
0da998a03ab6fd9ebf9bdd9ff1791cc675144cf3,combined.pdf
10c787228fa951780f02c97125d48e6b8688d365,50017682WO3 Service task in connectors.pdf
ae181445c8936caf545f9cffa963768c073c914a,50017682-1.pdf
5af558033da23a4c0ee97b024e89f7c9d0079b66,combined.pdf
ec56c7b34afc676b6e7ea6e629648c3cdc9acbde,50017682(2) 28-Jun-2017 10-01-50.pdf
9ad4f7012fef964c26799c5f1b77684efbc66d54,RLR00295 PA50971.pdf
3f59355564fbcd5f4cd97fe8541564cd8d62e5a7,position sensor failure.pdf
eb4a273d3dff0365ad3335f83c6c8703358f5cdc,50017683.pdf
4283d06718affa47ce3aacc25bb9036dc338b764,50017683.pdf
6394f1af7dc079e4e00038e89518dde7d9668059,Perform task on navigation and interpreting electrical schematics.pdf
aab4e3d5bfdaa73c81fe5f0b8b86f01c9b141aef,COMPLETE.pdf
d0208aec00146be692fec1a0e064c890550057c1,Navigating and interpreting schematics.pdf
571ddcc18a14534721656f90fe3c3a67878cf24f,190826-000484-JMC PROJECT LTD.pdf
04aa43cd8c1f6f12a0dbbe5ca9fd5fffa13933b7,50017683.pdf
16e99b1a29a934c6e7495d377ca589534954b555,50017683WO1.pdf
9a3c842acc898abee31e4aae9bd7cf0f1765b988,50017683.pdf
595b63c9a7c3d76dae8c190a18f47f5bc840c62e,50017683WO1.pdf
5506cf3e06dde763fcb10cb535c975ced992f69a,HARD COPY.pdf
89c484c44233cb20613b8ae47714b14e45e7f420,50017683_Participant_worksheet-merged.pdf
260e363b5effd6ff8e8185acfa71278575a72f94,combined.pdf
bd1106a1d505a3454e1a16193fa78214b16dab97,combined.pdf
1fc9fbc7262f8722a1d1953b7f60e066728edcc6,combined.pdf
19f9a6a5fe5b8ceae011cf9487b626efacb50f75,combined.pdf
34009bc6ac5727e909cc48823f5dc48951348e15,Perform task on navigation and interpreting electrical schematics.pdf
6827c5af06934215cd8ddb38775a1522ddb8cc68,combined.pdf
4e6111ecb1b51e24e75d0afe0d54d18f37e087bf,combined.pdf
ae718f180596c6cf81537ad9f10947b2850bd223,combined.pdf
d5498907d71051a79306fb140d4e1845fbfaaedc,Navigating and interpreting schematics.pdf
b7304ab15184a596e3a70f79283e6d1b0b7aa382,200109-000031-JMC PROJECTS LTD.pdf
f781de0f34fabe0b62099969a21b5141d30959a8,50017683WO2.pdf
36c60abf8f1a378828aa19a1a7c850b623932098,50017683-1.pdf
414896ebe707bd650d4dea10a1c3506a0b34799d,combined.pdf
521761feaeb425f8a67008c5a5ff16547f7f0164,combined.pdf
2c14ea97345331b7ba2289c7197dcd819cd1ebd8,combined.pdf
afcc0ae3373d18d04fcc1cb030a75de2ace189e5,combined.pdf
21932d40a258dea40b733ff4a6e3cd7361a30597,Perform task on navigation and interpreting electrical schematics.pdf
62c73ce2365e4b567df200427285d052baa72e48,combined.pdf
f9386e03458159e36e8077887c83f73490aa306d,Navigating and interpreting schematics.pdf
0544bdd2e51f3496e551f5b3d23920ce36a0c4f5,191220-000220-S JANAKI-WARRANTY FAILURE AND FITMENT.pdf
2623b7c905cfedba6c7c44e215861866d4b9267c,combined.pdf
de49583dc35b5d9223e820b7b4e77650809b7e6c,50017683WO3.pdf
e8fe2a930fd45e999c4daffb13dfeb2ce3c53553,50017683-2.pdf
91d3d291cc3eb0770b2e6f26dfa8bce60edf8f6f,combined.pdf
12d25068845f7712138ba5123448da88b3b5c98f,50017683 28-Jun-2017 09-36-12.pdf
a91f3d5bac9f4946222766a9263ca3aa08650d91,50002064.pdf
43bfa43d035bb3dcb549728ab59847e72b14ba22,BDT05781_Status_2017-09-15_11.37.49.pdf
742e39c853c822dca19e681fe4fe795dd9e15a6a,combined.pdf
f640a040190e49e0c66c2acdba67ca311eb4e261,Airport Doc 2019-03-15 12.09.27.pdf
0fcbf9ed536737ccbbe99df25be21d376ad13aa5,50002064.pdf
75991b21d85d31f3d674ca43fdaa026219f7dcb3,combined.pdf
43d07b1c1f5d150bc8b516867da9684009f59ca2,MPD FLASHING AND PARAMETERS SCREEN.pdf
633e6c3a9c95b070ada7f85ba9ca1a48f8976f1a,COMPLETE.pdf
53a2a123e8bd57ccce6a87132b1bea28d945210f,Y9200839.pdf
fe6c8b1626d8f90845844a75301d3bcd6780c000,Navigate all modes in EMSCMSMPD and view detected faults.pdf
79ee21ae3b36d03b6fe7f853f5250ff99e3c9c18,50002064.pdf
694df44014e3cf24edb11a762820478355932a58,GLMS3.pdf
e0b60e3cec3ccfd2892280fe88cef7afe1c8cc2a,50002064WO1.pdf
dda2220616d547f771bb9ee279238ca54288be2d,SP05644.pdf
ecc7fbaa1ec44498386dee7aa3c190d3209e11f2,EMS.pdf
930aa2985897c28729a41ad9a51ec573acdbaff9,combined.pdf
f9ee6b2523a736e0cf3599e0933258f0ad9a125b,combined.pdf
b12eb786e5c36651811226dc756c1e73d8565c28,combined.pdf
5e697902a7e845443f2236dc9adb5017ad02c2b2,combined.pdf
aa629254ebd15824cf35280dfc4a2e51aea3c072,combined.pdf
ca0f4b9be43fa27b097d736ff32d4e39c79d597e,combined.pdf
e7c88358e77fac041af17686a0e9f360b9233d2f,Scan87.pdf
5322e3d5b0ab80c3e5b4d1018545164655bea943,L2Z03540.pdf
4a7dad17ed03e2662234558fcee86d62359fb5f9,2277.pdf
0b0b7903fa2861140352fae793a5ab8608e9b030,Participant Activity Sheet-CN50002277.pdf
67836eb1c427ec21d3218a27772838c2988e5b25,50002277.pdf
b38bf2cf6cca7e8728265995fd03df1392f95d91,sp05724.pdf
95f2b44a4764a90c2cacaf10f2aef253ef178616,50002277WO1.pdf
bfb1ea3b684c203aa9ba5f67a210cb12fb5dd848,combined.pdf
94e9104ce8ae6381b174a12f6908513632862b50,2100131372- FDB01857 Torque converter.pdf
5aae655c9922b1e01319a2806252c20f56a7915e,complete.pdf
7a3889bb5f728b2d1bbfa9629129bdaaeaff7024,Service Report.pdf
72d1e1b9c96478594787f53f5b276b2c03349e06,TTT01012 Failure  Fitment .pdf
a9b87b54ab8762cbfe223aafc666409ecf37363d,Service Report_10-10-2024_241010-000175.pdf
75e50eeafc94c0c5ba4b13acd96c1c6f646b7a32,"L.BHAVANI, FLYWHEEL RING REPLACEMENT.pdf"
f0b7ae24b1ac51fd7644c412ca93cf9f9b40b27a,combined.pdf
333ce2793abeff9eed4d215f77e283f13537b969,combined.pdf
95b0d5d8690b04a73e14bbb3c36b9ec284198497,Scan85.pdf
23da36715a2a837c083ddcac0a18ea39e7aae909,50002279WO1.pdf
7a1cf2d126943bc78a8bc14eb8ea4971d6a181b5,combined.pdf
74dfc3dbe13e4f5f7ebfa0a86f439dab39c8654e,Scan84.pdf
177e9feae32c1155434a2b41e04e9f6bb34bcdbb,L2Z08296.pdf
f679cbe0eb20bdac29101c2417acacd046f9f6ec,TC 1.pdf
11817b059bbb45a032c44cdb44a85f33be9882fb,50002280.pdf
16e296cc37a89ab1637467728f59c8e26e16d7ce,SP05143.pdf
8b8b2d014ff8b22bd0949d046f34c9b29b79e5ac,50002280.pdf
b92f96783b2816631bb107b7d4322c42e2c3919b,Service report.pdf
9474a0e56e9b5e8bf10865e365b06b1c13c30e38,50002280WO1.pdf
af2e4b432374b14873edbbead4957130bba52110,combined.pdf
92bec1ec350970a21c3b2793f1fddb8e091b4d5e,combined.pdf
9b77949347da5ee36cae8facdc90ebe530851197,combined.pdf
f92d742f878cce6911a5a39c50ff456aa3cad8b2,combined.pdf
6519cdf1a5525834e33ed5b95f2434a8e4a97477,Scan83.pdf
10900452dc057b08d4ba68ecebe4cd5b022b44c0,50002282.pdf
5777ee77d155209fd9303a2d74f5117a252aec70,50002282.pdf
9250b6d32db1b5e192245bf31f299ef560bd676e,50002282WO1.pdf
c8f695df6fd9251b40ced1a79fe472bef638c5c9,50002282.pdf
51282307a212003e972ba76bdc0a265e1bee0caa,TRANSMISSION.pdf
e93f83a182a14a6b37be909ea57f4d741694a3d2,complet.pdf
57835a392c24dde04967751d1a2168776ba69a03,50002286.pdf
5e646e90e26b8bfed8542ae8c87148ff5d2adb3f,50002286.pdf
0ab1ffb536df1a687d36b82d2541989f2dcd2dee,50002286.pdf
ae7abc31a40b02d4578c5379f7a0f930fc8bce14,50002286WO1.pdf
8b5d4486ebd2a65a201831c4762cc9b4882cb038,50002286.pdf
090d94f71fe32777d851708b2dfa0cf3476928ac,combined.pdf
7d5d17edb1de8c4afba69ccdba170f12300bed98,combined.pdf
c313ac068a0d18d1a2c93ef285473b45567c37af,combined.pdf
0c45c2d2f71c24f830cab86214b33108a74f96b7,combined.pdf
3cd4d48cd0fc86ab6f024cdd3543b334ee7fd4ef,COMPLETE.pdf
662f11cdd135a51e074039649cdf8116c9eb4dae,combined.pdf
23f5885c017b0d22147e03e1e78be6d7e0338c42,50002287WO1 Torque converter stall speed test.pdf
3b9f68f341df6fc2452b2f05c1bbaa1dc906c2af,combined.pdf
8392c4c5ef82d7c76c0bb75610ecb3f33a5728dd,50002287WO1.pdf
81ce939f9d9abdfe7158814cdcc9fb0eb6555017,50002287.pdf
6263b2170efd33bea4d2ba00cb6a159e72c9eb1f,complete.pdf
b65dbbdd8b572e454c14975e5cfe0f0dea2a68fe,Searvice Report.pdf
c0f7102c7f536d502780d577e7d8a37b40275ca5,Service report.pdf
b78b78317d22f641575e8f1dfd74f17d3f9b76d1,combined.pdf
18b7eb6011fc079e4884fb6415da0610138096b6,combined.pdf
d6c209f53a344101e57691661b82d75318949821,combined.pdf
2ef286ead4363c35707de57659df6e3f043583b0,combined.pdf
40f1c55c5d55f0b19e3bec20bb2845af70b4b726,combined.pdf
4357fc04fd9fd8b8a41b56a98186c858f8e2a8df,COMPLETE.pdf
1a67170f26f06d826534bf90aef79fde5ca17ad4,50002288WO1.pdf
709d9facdcdec3306e6cde4715cd1d500d9fac2a,NW36458.pdf
5b0dc690e18eef6f6455e6f4cc9ddc3f96f92d1b,50002288.pdf
a19c6ddbc42b0008b1330f5423d41f6c9b6ff1f6,complete.pdf
e6ddc67a881dc552cfbc161314124d2bcfc3bd2c,SEM919.pdf
db2b858c1111a49ba1a57d25104f3c535cb22f7c,SP06051.pdf
6afd482e43cf8de2a51c649a8110a97a987e51f5,combined.pdf
fd917c8b560b6987b9ce43776863c319d0defc13,Technical analysis 2.pdf
e25216b4637158a1cc5f168a16cd2c214ae94ad5,combined.pdf
823ee8db0537037427cf3b3f6e57bae65390d948,combined.pdf
dcf65a54f6d9f67df41f7caa837692b615c6e410,combined.pdf
09dfe58a661e2a8a452c56607179a0559f09481c,combined.pdf
8774f70fc354278f4e5bfe693c3600bdae7398ac,combined.pdf
aca90a8fbd00e821a5a830547be55b899607fc2a,combined.pdf
dc90243d08e0456df09baca38490050d11670aad,combined.pdf
5baffe293e2f8cbe2fccb7b86df5676b886dd2c6,combined.pdf
18a0cf25d8838522893f9613689d8dd9cf3b16f1,combined.pdf
ac16aecf7ccab05505df24887c85396bdfbf7aa9,combined.pdf
faaa012b688e5b63b8e09d8f20130fbb42309cb1,combined.pdf
9d6ad9583d8991c41e8f8ee3c6d12c6e8cfc1a0e,combined.pdf
4f8547dfbe3972f29664d45595865ad4eb0fa93c,combined.pdf
a33425ca67f5359c9072b147df46af8fba8339d6,combined.pdf
4412aa957027d871378bec0c630038456cdb1ad0,COMPLETE.pdf
5920ff358e9fac8e211e91b1ab26c341de401b2c,combined.pdf
682426c332e8e2c99bb3cc1071a1f2f0c679ad58,5002289.pdf
e902a08627c43759772725758e319a0ece9d5872,combined.pdf
e9407db2fb80e62163b5035ba43278ba5f5cb957,combined.pdf
922ce85b8d215af85f0e10db80300fbd555afb82,combined.pdf
b556f3613e4ea3bfc159b8f3e417e0847f8cbbe8,191224-000291.pdf
0062a1dc7978e2ee8e71b2baab76b4a3bb40028e,combined.pdf
f83738696a8bcd84b9081a2e12ea5578c3181a9c,combined.pdf
8519dfdcd313c15888f57d3126eef405693823ea,50002289WO1.pdf
7f155674404cd96e0a9b755f95b86fc02766c010,RU10461(44).pdf
2baebf448f01a17d913852b6408c5f70eecc3557,combined.pdf
e1a1535c1f613ddf062f9791afc28b47eca279eb,combined.pdf
b10c6e2718a955575830f6fb4a744cdbda59dd9e,50002289.pdf
a6a815780482bedfe8a1d36454958006d5f4c564,combined.pdf
6de6e37903e96237deac683010265e6e5726e1e7,combined.pdf
6385772c8f70240fa7fcf55083a5a15c3fa18614,combined.pdf
91b6500efc39164b713795a4d59e35e46e73097b,combined.pdf
d0a754b67b1aa93481ba240d1972f145423fdb0e,scan0005.pdf
057e04605daa7b7874d19beba9f1aac7d8125866,combined.pdf
9b719def7b83808182677487e6626fda99008d21,combined.pdf
404857c034fe182bcc71c445dcdcd2f16795d457,combined.pdf
dbeda08cccf5a764ed16dc60e5b3be43e1bebe36,combined.pdf
d3e6ee5e1070e6abce9dd75a3baa31396faa436f,combined.pdf
86fba3b305469225c35a953fa8dc16304830ee93,combined.pdf
1b3a83f3159c3e38aa7337ed0ca7ea832d52264a,combined.pdf
b95d965268d821ba65d2db3d31501a141b4fb5cf,combined.pdf
1374d6d4cfe69b5b11e972650fb0e18a817112eb,combined.pdf
293004de5e58922761024f68ec1d7b27925f076d,complete.pdf
95972f46d058e838814ef26133b54836858ac35d,SZS00735.pdf
190f6fd03cd576561d240fc6389dd52afd1e43f7,combined.pdf
609c5ddd66f48103da1d1a8cd36e30969ff382ae,combined.pdf
3c5ab1ddf6093808ce7b0b73c49199f34bc13d4b,191226-000306.pdf
e0aa9f3f995868972205e510096ccabe1dca5628,"Adobe Scan Aug 24, 2023.pdf"
903136d9a3a8ec5e787b7b4f6c401e59d6136955,combined.pdf
94ce6d70c4ffae666176666798223b209454502a,combined.pdf
07df8a413413d0f241ea27647292a8ce0ec2c9e4,combined.pdf
515a4f0d1def65a0e4d0a5d7ab476e7eeaacfe87,combined.pdf
bcc305e739eefb1cc236b62735051df7c8aacc9a,combined.pdf
0b8f9854b734f3d391c829d3bfd07b506fdf5a4d,combined.pdf
f50e2d693d03d0330a942158db1bae588c9331a4,combined.pdf
b7597dbf1b821130ff6ea4aac78de370fe61f7cf,combined.pdf
f2641e88bc0561de4b72ed11e29899b5a1f049ce,combined.pdf
1c54eda4e09ba084a2208402181ef129740ba0a4,combined.pdf
33e99165a49948a832b380fd13a0e706ce6bf528,combined.pdf
afea1007b3adcafd5c12a5fde46368bc751a389a,combined.pdf
6a9567a7c31fddcd0756b832e5a1baeef7be2d7a,Service Report.pdf
456e138e1180c7f14a1f71230a621e22185e61f1,combined.pdf
b789214e95642b489776ffb2d6308df4496c8909,combined.pdf
7b50dfbccfa5907867f2a9f403ee0c3b4b19fa17,combined.pdf
b806ac164a2a7cf4bdcd29b27f1a88c2c54f7ab5,combined.pdf
9a859dc6a19fa85560fe8ec31c018062f3b6057a,combined.pdf
7f204a2fffaa7a3a357cde77f5a41588d076feb0,combined.pdf
e59b98d595b9d5a01ed707727ddc5fbd6009998d,combined.pdf
f91245f949c5b66869561e754ebb243cc01d7b85,combined.pdf
48117a0611844c0052c7e136cbcad2fc0e065e3f,combined.pdf
54496a6efc6db949baa1bf4bf362ba95ee895a37,combined.pdf
a174e61bcbb08e5e424d833c0d1966208ae71655,combined.pdf
424d28388e658c881215a3265c7ea5b500b9aaf7,combined.pdf
0614ffb831952fda5ec2423109158f77d6c1cfe4,combined.pdf
89900cd356395ec173b2fa81659d8e56fdf2bf09,combined.pdf
9fab62eb6aa6cb85a803ddbb4167a92edcbde2e9,combined.pdf
45b0101df6fe239e205d83f1c28cf13f7777d272,combined.pdf
723c13c71e5991e4bcca1290930223c6a1502108,combined.pdf
6b2e20e546100c1b1af18f1ac43101f7cb671295,combined.pdf
3afe867f6da1f5c932e48b01dec396b8d1a60d4c,combined.pdf
9b6cf5fdcc8588b943affa55e2ca0061b357d6d7,combined.pdf
6b796844541c4dd75bd63502bdda08dcca49e646,combined.pdf
69165b1ee346fbd7388d2af2a5c7bee5d9e8e044,COMPLETE.pdf
d990e26af2d30de659505034f1db26a067d61825,combined.pdf
084b2844f66f86a4182b6fa2086a91a1ff1ca745,191007-000001-K SEETHA REDDY-REAR AXLE PROBLEM.pdf
50240bfe0ad41bf8f76e4e179d1d32a0d959257c,combined.pdf
0716f3e3a3a62cdafc0a1105d3916ed52db6c48d,tc 2.pdf
4ef0d2e5fe745616a5540235964db64f85dc66c3,50002291.pdf
bd10b52487f0d5d3ac50b35946544e0cba2b6d45,5002291.pdf
cf5931a7e62d6d4e7522127ec5aa8975957b1409,sp05152.pdf
6236cdcc6bcbac215acedb57f53ed044b3db9517,combined.pdf
f1edd4ed429ef7bc9fa0586928e0a69e144252e6,50002291WO1 Remove and install a differential and bevel gear.pdf
0d877df1d33f782a123ef8aaaddcff89e2d7af32,50002043.pdf
15b2af1f075ea8fffa99df3080e64d3f8d0811b7,50002291WO1.pdf
ac3eb091f2dd93b2027d7aa425312d885b7b6e39,M5K01037 Differential .pdf
8c97c8f09e026d20598f503aca6f83a871e0f6d8,combined.pdf
37643dde350c72e5e698aee15de69006c42c4d31,combined.pdf
bedeff0768761787e9584dff0be25500efabc779,complet.pdf
ee149b1191b299d4e755502829179c9c4a002aa3,combined.pdf
30735cdda822acf35170efc74732bc9d0c12a9a8,50002293.pdf
c6e2ce1d019423e490a356f8fd8bf12a54fbd9cc,50002293.pdf
75303835b3db35df994ecfb251aef633354d2fef,50002293WO1 Remove and install a final drive.pdf
8af4a576832a4625830a62d12f297f0006b7cbad,50002293.pdf
c6efd6931afcf8102ba27d30a755b5748f7f322c,Service report.pdf
c221d7589c6db1d94a113303b89362d0f84d0b45,50002293WO1.pdf
0a4dd173233c14ff273bf87ac33d988b3cb0320d,combined.pdf
753ef5e35c494a914eeb8ff909c876e8af6b0508,combined.pdf
fbbeb1c62edbb00ffc7ab44286c2fa29897b0ebc,combined.pdf
4e529608d84dea362fd65810cda0c62cc4fa9450,combined.pdf
6be98c393de8c258c4fe353e437292e1f26f3fb3,combined.pdf
2a05d19898227268146d9d01abf5e63821ea443e,combined.pdf
76a702f3e97934ed03c97b6a8005af5062d37aaa,combined.pdf
fb46b60be5b92ede44f6208f2b447dbea135b9d4,combined.pdf
864ebd027d806e7535dfc278dd56518ddf197916,combined.pdf
c507089ff8740573c3a98aa480172eeab1bfdc37,combined.pdf
7618ae7cb870fc51c8144e3c2ecf61d0d4f5aedd,gmm3505-2.pdf
6bcc89caf70b687c609ae53da90055a7d142f72c,combined.pdf
1f941395b33136297fd8c8596ebeb3cd3f3c8380,combined.pdf
3afea048088f7a67b5d368e1f674a33bde5a80ee,complet.pdf
de96894c8f23b77cb887de33cd98161ec92f033c,50002294.pdf
cfa0ad13bc2fad025daf0bc8e630e47a55e9a2da,combined.pdf
0c9d3c65e2e04a6113154269ad39012c85e77f25,combined.pdf
67e0b0326b45a81b4fdc80a1627d7703632199f4,combined.pdf
71bd9f4055e29ee93129843bcdd408cced5509e0,50002294.pdf
fd3ae37f50630f9f2b12e6f2c3a9d8bf25d72440,50002294.pdf
7c071a8d66535e24f5b3713fb6e9b0b18ace2acc,combined.pdf
3a956d4d413b8dab20e452e8c95fcc275b505ef1,combined.pdf
29a07c7f52fad291bf6539b6e1d07d44f0d5b6f6,combined.pdf
e5c0cadc20e3907a2961673d2fa3ef61f51657de,combined.pdf
ddcd3bf8d52ac5eb0b5fd3c1ea6e7eab60cd80b1,50002294.pdf
c081f3f1a82150f1a85d22463702c584218bd9bc,combined.pdf
e7a401591d3aaa0d68912e644b6b895055c49f1b,combined.pdf
358f261f96f6a9bc31f4058ced8a651df81d316c,50002294WO1.pdf
cdf6eb0995a488f40867734b4f9843e48b7671c2,combined.pdf
64922166fbe86dfb519abf8b4c7ebe208163c549,combined.pdf
8ded5790b541405661b279be36f5c8b8687e51c2,combined.pdf
14f750e86fc1b2d70350e3f18b03f8ea93a37ab2,combined.pdf
c97c0ad90b95503c336108ecc4d65cb27d1b4494,combined.pdf
5d8c5c89ab0b9d88be673efe4f72c5e820617c04,combined.pdf
55f0f59b851774f5d97f1a7808a499588c123ddb,combined.pdf
bdf51234b4d7b5959e32fa51e8aa9df35879de75,combined.pdf
7488a15d0342a77bddf86468c45722ccd7dc3d53,combined.pdf
9672f46578e9ab833ecdde563b604be061fcd514,combined.pdf
a7eea8a9a7154c9c19e60531c60c4dd45b546ae2,combined.pdf
58c9ebaf1f6e556b7b2b60a46c0d1003567ec47a,combined.pdf
35a1e5e744d3a88770dd1db91cfffe814f1d203f,combined.pdf
7224600fe3a34aa2e88e1b881966ead01b7936ac,combined.pdf
a1708cc6972d799e8f20ed631bd503959b7fc7e7,combined.pdf
e5441d8432147fe41bccf4f1131f5ea8afb1b649,combined.pdf
d8ae558f13cd1b5518b004b5be35f03e12afec56,combined.pdf
cce5aa6642450d139ede14bc10bc1283c065aa9b,combined.pdf
9d3854f56c7553c828d5822b4359105ea574cdff,combined.pdf
1cf667e5a3ad76e870a1ec162e43db210ed519ea,Inspect the undercarriage components.pdf
40df849bd7fcb63bcfac45bf966a4605ca83efd9,combined.pdf
90ba42397a186edc6a90dab464eac63e507c2152,combined.pdf
3f66e84bf7799d2a89404dc5f36264b85a34404d,combined.pdf
20bb4ed6886cc4cb4c254d500f5705a7b2027d76,combined.pdf
90d622b43918864b8ad1fc362698d2c6bbfa81d8,CTS.pdf
51c172aff67390917e20fd15ac599b1bff2b99b9,COMPLETE.pdf
b094dbada6d7cf849157ef847e9bbf641fb6b0f1,combined.pdf
945fa7060ab702a0cea584257ddc82eeeb02adad,track chain tightening AR.pdf
41dcd13ef6ed2208b47a5773a71c7f9f11cb9a1f,50002043.pdf
6b2c17f307bb640b2e5ba067f34658da09a3d80a,50002298WO1.pdf
03b627462720bc7bd62d2206791197423cac5309,SP02403.pdf
f85ddc77c9d3a3a1a16f99aeaa727adfdc6e1c3b,combined.pdf
ce0842670952b007bb7ff821b6479774eb478ece,combined.pdf
2e09d980ef896881e7dbf35e915cacf082624858,combined.pdf
e123458a00c779e4ecee6a224ab5f1976191e91c,combined.pdf
f62a28fb5754efd2279fe437e303dea25bc25def,combined.pdf
f1dcdca188f09089ffebc99a531292649a1fd6cd,combined.pdf
edb36710ebcfbc379b529b8c7c9829a75dffd866,combined.pdf
5bf4ad1008c0a1e1f2d1435d783eb14f9ab5357f,combined.pdf
0257475b7252304b99c45d03f22ced72bc3ed770,combined.pdf
30ea70445b8fbeab22fb510321d22d0d28ea6cf0,combined.pdf
265e1abe2c82c166b9863e47b8022735a4f27078,Inspect the undercarriage components.pdf
cba827e9789d7edf7bd20dbd0eebe702ea9b8999,combined.pdf
0c43ae439bbcd0fb16f32049dc8fdc8d0a0693ec,CTS.pdf
e4fddb406df3a05a63014316b39de29733e7c906,combined.pdf
a9ba3f0e158a80c23e7e3ba7f75f2d5bace22201,combined.pdf
c735f5f566d2a3d13706ccc3c67100a7efb9186f,track pad loose AR.pdf
7fdb3d5f228d27c1b6e686ccf634d1adc0f16fcf,50002298.pdf
f4e79424b78329819d8a7eda139a407f2089d626,SP02404.pdf
2a13f4a6476e7439d0373cf0ee1f9a4fbe0ed7e5,combined.pdf
cee750b30e0c53c9860bc1f9ca6aa54f640da5b8,combined.pdf
a540ebf00547cba4fa0988e7f0de8f92bfd69f8d,combined.pdf
96ab1b36b4814e8b2f3fc77aeaa0e96e885bfec7,combined.pdf
62c967d241b045cd7f550c6b0dc6b502ad42ddda,combined.pdf
63b02e8492cdbfb483497fb6c113101a324dbad4,combined.pdf
fe91332b9830b4531da07c18fee12b345c492143,combined.pdf
a5ac117156c579b00900b5aaa101e9084e89d7d6,combined.pdf
e7960de15d1cfaff86a446a50fc3b82e3f7f69e9,combined.pdf
bd5a7e30110447f73e0d36b69e2881acffcfd00c,Inspect the undercarriage components.pdf
0c03e87732bca41b78bb9886db9f6b33d96ca78c,combined.pdf
2ddf93bd52020ca2da7e1e24e09b4875d8d0c4f6,CTS.pdf
a984a96b9a799e70334509067b13d0e78b30f80a,combined.pdf
0afcd35be28371d0d2678864cc511edbafb800a9,track pad replacement GPR.pdf
66e3f9f622892558f246d217b38ed64edb08b8eb,50002298-1.pdf
0930ff8ec07bc8ba98ebf654867ee2b155f21108,SP02044.pdf
bad737fbbd3eda8f9cbbdf79c9a9d500c66035c9,combined.pdf
c2f53d1544654c586e2e2472b0938c60dab6116e,combined.pdf
5206d186a5aea59da421213a95c2c95e21e9ce35,combined.pdf
a60a2659957a8932467eee3fe9baeee35df1f89e,combined.pdf
8d13730964e5286f8ac917933f18617aad27beef,combined.pdf
bcf5b0344b454ea681fd8b908fde9cfeb61e13a6,combined.pdf
cb145f48987e665c277400b326418cdc29727df9,combined.pdf
92aa8bbb6b8450b903a2f6e18da1c3d8e84fcbfc,Test and adjust track tension.pdf
220d3ef64f3068281f07f33d663641c75e4d7baf,combined.pdf
b21d5cd024dca4948e3f30787db4673983077126,combined.pdf
924ea99db8d0214ae950e6e7c19b653f5fc0de12,TRACK SLACKNESS .pdf
0984a2c6d38f842df6e04998cc01b76ee2c330b3,COMPLETE.pdf
d6f620ee99f1a213171ca70997cffaf78d78079a,combined.pdf
c352dfa49581563a317dda7d1a37abd02258cd71,combined.pdf
8feda0d13502dd2c2d5c2b9d6a88a4d268745309,combined.pdf
a246e0e6627b793c3c1cfae53fec0005b0a7f5f0,combined.pdf
83680e7d8c57eb992600c6d86865bd1dd7805536,50002301WO1 Test and adjust track tension..pdf
553bb12c5ab2b9c726cb97c1682c0b313d05f316,50002301.pdf
4396947cd51047d347b9f6bf57dcbf85d05fe900,combined.pdf
f7a890a4330ba62caa3ad78e5f5341dde91c0934,combined.pdf
6b8e3ed24a72b86b4c6273c68cd5cc27be91c1a7,combined.pdf
98ff81b6952fe44b95be5f67a16746cc9164474a,50002301WO1.pdf
c7d7c58f11d2a2f310ed098be4a5e75ae8d00ede,SP05544.pdf
14bde38693c71b9b8c9cdd03ed0b49a5c0d63e89,combined.pdf
678bcb4e2bfd4f3001575f44447e517f9d705d14,combined.pdf
68b2c57ea11e0428afe233b31446ac2f5a08488a,combined.pdf
908fe0790a9d6a1e5f3cb7914b8ea9f36ae2e815,combined.pdf
fa46f16f5b8097706da4359924f3c19e13d64fa1,combined.pdf
010e4e252657eb355708941f9e2ea8d02fd0721a,combined.pdf
1e42b563bf222efdb52ec043e5a16c7345882919,Test and adjust track tension.pdf
f08f69fa1607b490c953dc331d7877bdc114064f,TRACK SLACKNESS CHECK  ADJUST.pdf
5b2a9c3909097051e2dbc8217120632b6d7b30a9,50002301WO2 Test and adjust track tension.pdf
1a921d61b3c7b049574c294cc5d353b9fd66d262,50002301.pdf
7463aea851133c007ade613402822b0791fa1260,SP05550.pdf
1ae2bc1a1b58e65deeeffb41462d7bc955785002,combined.pdf
c71bc93c609974c3a4c5c1eb77fa970786344757,combined.pdf
19eda5b4af48770c9b7060294e823dbc02aa395e,combined.pdf
9d9dea3748591dc96a7c495a8b1275fa353ee8f3,combined.pdf
a28da1fa510d72189b6c95a17e0f19649dd9c586,combined.pdf
696fba7cf3f2351f96325a2e026ab10242d16e9a,combined.pdf
0a97bc0b46be0d3e39d358343f1d2f4279195321,Test and adjust track tension.pdf
2be182306459deeaa1bdfc4cea95e525e9a3afbd,combined.pdf
deb5e4fcd8bd8c76a0d2e5c6b3a40bed8ad8ae92,TRACK SLACKNESS TEST AND ADJUSTED.pdf
bbfc25b851af78af4e5b51c2dfe60b9f56016b29,combined.pdf
0e0f99d967d23df0deebb45132719446abb5c88c,50002301WO3 Test and adjust track tension.pdf
097d4ec7a489c56f7db412246639dafa64e2e91e,50002301-1.pdf
603efa8d5cf703ee827903d196a53f2177c4f9e5,SP05552.pdf
5fcc561938e96e626687ec3efeac87949286e2ef,combined.pdf
7964f304708da4882adec670c6da4bfe8bb2815c,combined.pdf
91bcb48a5a1b7da9d18daf6471b8e1b87c8c3620,combined.pdf
00ebaf160ea1b400cc5c65d12e7cf252d2f630f6,combined.pdf
a7350d567ba848852e3e7b39950174d6edd15d7e,combined.pdf
106b3b858e5ddb01cf903594eebd4a5c4df49cbc,combined.pdf
eb292f21a25165ab00bb969c49b5fea8e9d2c084,combined.pdf
6ac5a0d47cc436e82495260dc54dc53f5be460ec,combined.pdf
9ed1161f41c9de931ae801ae36d3c48429c08a0b,combined.pdf
108c89748b16f31e18eb295305a23e35cba454c0,combined.pdf
05ab50e5d4a1b87dc6b10859f28aa5b1a66cf61f,combined.pdf
da3a03114a039dab165744a3c007b5957af8f4c4,combined.pdf
5feeca58b129eab3312a6aa59beecc6ad9493330,combined.pdf
6f035a9ad8434d66976135784490dc4b6f911d22,combined.pdf
b1d065c02ee86bcf0ce299a0f104e7cb6a36c37b,combined.pdf
54c55b168cbeb71fe82f8b18b8fd3949c34279cf,combined.pdf
3b8519f31b66fe37f0243b94cae6a6723e96b131,combined.pdf
ef2a4e645dd12e162c7b4b34bdeaabf7d287d78d,combined.pdf
d55ece8a8c858182969fdf6211290569074dcdf2,combined.pdf
24151fdf78736f41eede8da6b91c3e60cf0dac3b,combined.pdf
00bdfd1ec9850afcc399de560b68063c4014447c,50002172.pdf
8f88ac065e162b0e6f26c2d9f6198ea2ff22527a,combined.pdf
0203b4ead3d3f88bea6315cca1b08de47019da42,MK6.pdf
8672ae1229410f6a1555717aa6e3934a9d819c60,combined.pdf
d9a4356850051396de682de6c3a199b10ce7b3ae,combined.pdf
32a80409a4282d66975df673f8ef0d4008aea460,combined.pdf
ce2d8e5438d93a7cfba23510e9c12bfaf42ef449,combined.pdf
e52238ddb97b35b792b7577a2843fd7492008cad,combined.pdf
3f316f63189de90d614c8c04645cec09f3722cd3,combined.pdf
523fbdbf642c286e3dd4292d8388f567f1ad109e,combined.pdf
53be8327cfb70f8ccd920f7e9085e281790b1b73,COMPLETE.pdf
0f8857ca15429b55a1dfee48d3f653ba2b6fd21e,JTH01791.pdf
2dbacc7d69da7f61a8548d5d9d23f925891b41c2,combined.pdf
dbc4e3d182a29c927dcb6958d301ce7c6bb1b0ee,combined.pdf
9b3a622b58c85b0f7e1adcf81d713a3d3c84563e,combined.pdf
f2a1d1fcc9a97109df877a3497913b8d75d19550,combined.pdf
c77775cf28bcc28578e980040adfaa5cf8cfa97c,combined.pdf
e094ff1fadb5196f6515c5fba233f8afa6594e60,combined.pdf
d05e916d713a466b93a34c5e59ebf87422516a42,50002172.pdf
57c7ac7d7e65b41b935b4d6186647a5179745e75,combined.pdf
1a405055347569367e419e581302722686a11ebc,combined.pdf
0ab36e34efa3701d805a0c8041ba866adf7b6f29,50002172.pdf
e3e1d9acedcf324c4d707dca6f702719d125933f,combined.pdf
89420e040329df0cbd90b1bedbe0e730038e0bd8,50002172.pdf
32a1de1a6c7029ec93f660bec9dc5c31e67549fb,combined.pdf
4452b101a2e9a043521d3a8a6dc4e91c4560a051,combined.pdf
320c7cf511e3056d7a701fd60924a7748594f8a4,Perform the check the operation of Load check Valve.pdf
4afd57c49e2e76e103868192cf882f13d84bc205,combined.pdf
7e7afee93739b77a469d998d4d1c721854ce43c0,combined.pdf
0478e3672afa73779d7065684656fef809467bfb,combined.pdf
23ce9bc3132152766d2ebc82792ee881016fefbf,combined.pdf
9d428c46dda5e4d59a9f45bbff1563bc3c7f0a8d,combined.pdf
8bf4e3fd84939b4c20d18f488d700b96e442d5e8,combined.pdf
2709aaac85396b0f6d1e842355cd7956f23456d6,COMPLETE.pdf
ae6346fffa9e5c495510ecd92c59855b18fe6bc5,combined.pdf
3e38e8a847211973dca6934b77c7d9ad237bcd1b,50017660.pdf
85aa38c95bc6e32fd9bb266191e44353324516ab,sp02958.pdf
da02a4ad1beb8626d569d720f1dc77f712787330,combined.pdf
4041f06407df93572440dd0431c9422b8096e7a3,Service report.pdf
fcb85e7399ba73068c968c8c3a127c75d043ffaa,50017660WO1.pdf
9a068da6fb2a64ff93e8b1f48f1775c3687e567e,combined.pdf
1fd4caa826b47befedd2cc5390fae3d332b724c0,ttNew Doc 2017-12-20_1.pdf
12e8150e07e37c8368b28997df88c00d3f426c09,combined.pdf
f4cf4634da29607ca760812974a5d9ac4c76e992,Implement Hydraulic control valve Resealing .pdf
486347c1dc239434ee3619a96781f7a16d4dcfcb,combined.pdf
1defcc248581c6f0ad7f045f59e022d24a8979af,combined.pdf
2a34bca2fe198a3b9c7a367d4849187c33d83bb0,combined.pdf
62b072bece0436efe97734de730b39311d797b62,combined.pdf
684e01dfa0c8d9719ab8e65a1f6908f9c321bb09,combined.pdf
de390a7017596ce72379b051c94723030fd88a67,combined.pdf
d56f1d436d534a44c41f4ee8a0b0112eb5855df4,combined.pdf
147d21cbf8bd52c38d895690133f7f0b4c30cd2a,combined.pdf
17af13312fb6501ed5cbd9e82b798d512b0e0231,combined.pdf
6a6724a68d6f8811be834dfa6342f9c17cb10196,combined.pdf
73d9c69755d4714e5555af3b2728f49be284f0c5,combined.pdf
9934783aa934284f2e7cb3bb9ac0a0325bb19ebd,combined.pdf
db846f718d1c9d84f9ab755badd7c4861fedbd25,combined.pdf
9680695185c9a4649d6ce00e61d1fef44f15201f,combined.pdf
424a11c735654eb301cf851dbec57726aacd352d,combined.pdf
4ce9e040d3ee429bd4c9a7874aa4f9c3f1b8fb73,combined.pdf
f8071d321a35091cb6d2210256f9f2d3f60593ce,combined.pdf
4782d1d237055e406dfc7f8dc3579e41a2d2f9fd,combined.pdf
e8de60e21d9e41e2decec90b7bbb2acb134a04d5,combined.pdf
bb79dc545e15029db372e5901fb349ee2b01392f,50017660.1.pdf
304e7b4bc954b5e5f92f1719a4a8e0bb0a5a911a,sp05204.pdf
332143667322c4950a7f032eb0b7ff5761236269,combined.pdf
d96d2a0039b0b0fd829d84cd247032a2bd18296e,combined.pdf
35ee0c2450f66fc91b09199a9353aeb58437bc35,50017660WO2.pdf
3bb7e10fc583e0054155d9b188b3b4a5b40dce25,SP045611.pdf
a9d56d4d1a5425618191b1865c05cd29181d627f,combined.pdf
f55b5ee1f65f93ea5b86825091b722adf81ab85c,combined.pdf
661dfaa1c486bc4f0577587476213033a17291fa,combined.pdf
b864bd90ac02cbfd7a6bf01b2f2bf970589409e1,combined.pdf
c6e367f7b340c0bf7be9b1ca373f8e8fa4e73641,combined.pdf
6ebd48956da2b6525c341334f203653308b8c39d,combined.pdf
d11672b92c48232b8647de7d8f2b1b75de7596f3,combined.pdf
2a51bdc3fd988eb0dd0b6e0bdcae0529064b1b2a,combined.pdf
467c281cc841cae2f49d189c397bd526cb8777ab,combined.pdf
b74f4213ff4ffda8970d3f8a0e12dbf70af43f5c,combined.pdf
53acfb1aa2123ba03ea80aac37f92f145afda063,combined.pdf
1a1bbe751a62de6254ae750ac3b74689b2930243,combined.pdf
4455c2e04c3a86dcc01a8105825bf0901eeb9f2a,combined.pdf
99f38f471f0047f294942ea8394b7ab8192f9d64,combined.pdf
d38656da24ea4a87da9b4d57bf3a66e6adc83ad1,combined.pdf
2505d5bf489a53b3299a4f9b53ad863a58043a69,combined.pdf
2179ed462e8ae3df854062c9a9e370021a47fc25,combined.pdf
b048617f5201ccfb8738993968d0b18d455bffca,combined.pdf
863e52c1c99e02f794176b4fcf560aa1d6f74190,50002187.pdf
2c8d9a9ee29800fa73364c2b53fb3fc6ac317ce3,combined.pdf
e655d069ae255594c420c8fbc850330de794a88f,combined.pdf
b30119c54eda4886b78b8ca2794cbb4d82777450,combined.pdf
598e320444401b835bb4962b9024712fb691e194,combined.pdf
1a26506d229850fb45af5727fe619436ef1c95df,combined.pdf
e4f64ac6270c4e25d86f6388f33cad3a5c4d40cb,COMPLETE.pdf
4da8a39d78a0754683e564c34fadab47a1a6d08d,Service Report.pdf
e81937aa19aded88f80bd24d53d76c4d2586d029,50002187.pdf
a3ed448755e681eb2c58b0084f0b427fc4b0884c,combined.pdf
cb728c94fe956fc542262bb48c3288f19d446b63,50002187WO1.pdf
80b9a31d4f47b6bbd7a36fa2bb0ae2cb30bc3b1d,combined.pdf
e64619af8f86e7946cc6543ec8c56deb48cf32dc,KO24630.pdf
95c3a3a8dd210a3c35c6f03621a1c0e11410a6d7,combined.pdf
77071cf653f7fed7a1dbd5af965283425aa2dea4,combined.pdf
11453107de45a2d84612cebcf8db6d1fc52a59f1,combined.pdf
9a01030ed0fbb2944fc0ae17258695b03915a868,combined.pdf
87de0d0ed40864c899122e02998713a8f89197e9,combined.pdf
eb4e29258c7c540f36aa489dc2b36a7c011502a0,combined.pdf
ac0d6d416436b5e7d53ab7abb514951692fc7696,combined.pdf
a25f3e5352fe7164799ba4a77b2c77beb57494e5,50002187-1.pdf
ba6b8b346ee2ab26c05938687c8d0d5dd683f18d,combined.pdf
470c2f0038904fc29f1e40ae4344ece902d69b3d,combined.pdf
f25cebeb9eccd5e18856ea0d52b5531974b0fc1e,50002187-.pdf
ec562dae26728f5154f52c9de0167a859a1ac156,combined.pdf
91df2ed35d07b87244263eaf65ccc01ebb87f7a3,50002187WO2.pdf
7d83e86cae74544584dafad31c72a2cdda301397,KO24632.pdf
00fe4b2267398d119b082aa8902f06b2e53a670c,combined.pdf
88bf834f1d51c47725e80a61c267951ca6875cc5,combined.pdf
848fd676841f92677b764bc121c9acd9c32264fe,combined.pdf
ba4598d0e2fa038feb96430ef5e5dd494708ed99,combined.pdf
3bc09eb01cbb69f10ca12b4c63d9cb5cd5ab1311,combined.pdf
134940c3d3b14e53dc0297b5d4733626c1722d3e,combined.pdf
7fe040e307c419b2318fc99ecb9cbc3d0d1f02a4,combined.pdf
22511cdac0720aeb7b466d8f338c67a2cd46a44d,combined.pdf
93d9caf4f13e20c816752fa984f43661aa3e260b,combined.pdf
6590dd81724a45c7bf0e750ca993059337adf222,combined.pdf
f2390854d2230ac7d9c4a28b04b99c113fb076ee,combined.pdf
c61951a497eca61982dc6febf88d1f1ee21d76bc,combined.pdf
7eb94f69cc8939b5b9b377366a2ed9742cbb689d,combined.pdf
83976b6406286050096bfa7d75865ad66a393de7,combined.pdf
e97e6fcdbf58ca2ef4f96f65f9b799e92b009886,combined.pdf
3d37241c2f4d0870c5af30db3d5e02cce35652df,combined.pdf
51b198f38c9197cb02728eb7e6a0146caeb68aaa,combined.pdf
e155518abb122c1b67e468a54f47fae6e1367da5,combined.pdf
bc5ab0c985fdd80a15d0a22be0d00fe8f1b498c2,combined.pdf
aab067ea832851dbfa58293b5a38c418c2e45346,Perform the disassemble and assemble a variable displacement pumpmotor..pdf
cdffc1a4311a638aae9ad6472a1d3eaad8a54b4b,MK7.pdf
8e7b83c2ff3700f5cb3d870e4f72c2902097dcc2,combined.pdf
28a17cd651c164510a7800a5e18a46c8c38014d6,combined.pdf
a144f4bf921e32ef3d2d1063d05f55885d524ada,combined.pdf
c3fbe6cd01e4f89934638cdc987979c27039ba5f,combined.pdf
73d4cea6391552c22040e2d4c8b5f0bc7bbcc0ee,combined.pdf
be8aee42ae091bbf26ed85879060dbdb813319f7,COMPETE.pdf
3a573169c44865b4093015ac02f6838e2e6e0ea3,50002188WO1.pdf
14aaae1227a8bce555640b8f6f20d0f128a1a883,KO24631.pdf
b65f8fc54e21a629226d4f72b52f4dc38bb6b26c,combined.pdf
952745c0a6e0a251e17a6753bda8412be159e3da,combined.pdf
7ec85468fb50de64b51ebd84250a3c3267ab532a,combined.pdf
d3f1e08b716f5bdc7836de97f367c45150b8e6db,combined.pdf
0036bf032555616f202af0aa10a82967a5d4eb97,combined.pdf
2c37c4f29f617649f24fb7bd71a70b7d231402fb,combined.pdf
9cbfd55066cc33405211540ec0b12c30284f637a,combined.pdf
8f30161db9d3716147260d02aeb94e3df768d7c1,combined.pdf
c81f3360ec11312b3361a965d42cc35b208d39d2,combined.pdf
afa297c56ad9204665f3379bdb7f2e13474f947a,combined.pdf
bd5a671f028d44533f561574a4247d06e4d6307d,combined.pdf
b2f19e927a08680d8db830a41cc84082c7005833,combined.pdf
6e198b08711a4a73a4cc40a242d80346c3d99bcc,combined.pdf
7cf2fe9d8e69f7becd88b20587161daa01c65382,50002192.pdf
bdfc666cc2241b0618b3f7ab05ba2d5a022da5bd,combined.pdf
43c76a8d359f99517ad6f106f228d0a40174ae99,combined.pdf
7e61e441bbd5b66cec6be73d3742c2be8727c581,MK10.pdf
461d26f13befad5468be41fbc84d9468cb76e058,combined.pdf
a9bc3e8daed5fdd27c2edc718d4a46b70cc5a4cc,combined.pdf
95f12c4196e75db72ab66ee6f3b0d1e1a790b36b,combined.pdf
6fd1b019d647a2e019459165d1666f2f5bf41994,combined.pdf
3f2a403c04ea1eee69aa52af26b25b7b9b675835,combined.pdf
d3dcf7d6497742fd9bf910b436df5d4db16769a7,COMPLETE.pdf
42f7df2f499a9f525418e54a8fdf396539539f55,combined.pdf
2b5478631cac277c995448848ae7294ca0dc2299,CYLINDER-1.pdf
627423cf623f5ad0fb6cc21a214656d798f83199,combined.pdf
dee806b76e2862889dba0df8cb1eb6895351e308,combined.pdf
bff4f614cd22b4c04ff243d026fe5ec5e4268377,combined.pdf
b0184c1dd6a97bb9058d93cc27394079d2208a4f,combined.pdf
690fe084c8feba2985da6b599b9c3785dd6c5045,combined.pdf
50e9279038c5bb418abcce709594b2ba8325383d,50002192.01.pdf
5b2cef9ddfd5c3bc692e2b1d0ff816304150a7fb,combined.pdf
567516a912635b8ac6986ed66ab2cd52096e0b95,combined.pdf
109c2345666ee4d472a81ba5a255bd11d77bbb47,combined.pdf
6d557ab95d3767ead8466b8fff5b611cae548ca4,Stick cylinder replacement.pdf
43892609fdeb7eab28e68a9293593aa24074ed9d,50002192WO1 Disassemble and assemble hydraulic cylinder and replace seal kit.pdf
05bd5525e7d1419d69e43ac4fe7edca95705b154,combined.pdf
83f34260e4fc7d0b63613e13ab63045cd292d8e7,50002192.pdf
df93e5450b0915aae6b4eacc60b2d7c0203d043a,combined.pdf
243965641882ab455039e6e73435a5375f8de6bb,combined.pdf
a51a27bbcb4abd8baa690e013d3be80635829f7e,combined.pdf
8d4c33ecc76b75bbe7368410c0c5839c5037585b,NO01278.pdf
ee4b1b64415fc33efa67deba58107d2640736e82,sp02750.pdf
bea9502700c202ea8fd2cf66f7d6de50a9428bb6,combined.pdf
c7c1f075a607e48a1a0f316e8e82a49cc603851b,combined.pdf
be557a6d1e3c588a662d8e168b5661c9cda3c578,combined.pdf
2a2b233646445210f754380e252842d39fbbd4f4,Hoist cylinder seal kit.pdf
902ebc6c7d7c0527803c020e75199b413e589d7a,50002192.pdf
18468df5c83a731777273395881dd93c33ce43eb,New Doc 2021-04-15 17.34.42.pdf
0841be024420f9dfe30f074663aba9f21b23f5ba,combined.pdf
aaf3dc43a2c0fcab53e82bfc45978ee682224375,combined.pdf
c5d701ae1f84d04566aebcef27ce16d565832a08,"Adobe Scan Aug 24, 2023 (5).pdf"
faa5ba58cd8b847e161adeae9b9abbe3d04bba39,cylinder.pdf
2974c8477a1e5c940f637de12e391d1dfb962730,g.ashok kumar_04-01-20_200104-000044.pdf
ca3d78ecd86bfed137d2a64e4d8e0741b49bc0b1,combined.pdf
68243b9712223d0479549b1982c5e2874b1a85c6,combined.pdf
6805cb4a2efd804ed6d90aa840f95129755063bd,combined.pdf
d6d3d28c08985b51895e6fd34be36490992cc536,combined.pdf
c16aff629afdbaf53ae554efb76343de4a849c3f,combined.pdf
3d887602f618a0aaf665dad6a219a51ad4ab4602,combined.pdf
5a733e80a6fac8536965485473a2521db63980f0,combined.pdf
df4e158477567b891a1b57ed3dfb08946dd41cac,combined.pdf
27bcd2497645a0ba591769bd93f92b6ce793c33b,combined.pdf
82c8347bfe8f7a834bf5a147caec534a4c77e362,combined.pdf
192afd1b6784bf002e1b1ef8a31aecf62d27e6a4,combined.pdf
154f8bdd3a13bd0892f5a6950b035c0da3efe2ec,combined.pdf
67ab6358f3a5ad3502f62e7f3c6078414d86e6d5,combined.pdf
193d009b602faa0e350fcb7dfbc79caccb7f9a67,combined.pdf
7ec80f2ea6397516e9d7fa89c499ac047c7acc28,combined.pdf
cfbdef699b2b4eadbb9f82ec7f0a8e0e270d453e,combined.pdf
7b47d0f070837a1ab6efbd5fc11858531343306a,combined.pdf
d5ca633a5c39c672407531236b86dbafda7becd3,combined.pdf
0c6638eee21d09f53bccbf543068300c7278996c,combined.pdf
2506d9579166cdf9fa5348771051c6239fec0151,combined.pdf
62492f7d48aac3ad562efaa2cc5d87324c09a238,50002192-1.pdf
a643b7d2fc729f613b14db06812e47dddfa83457,combined.pdf
425b424b64ecce51b81c239c58387377e2feee7d,combined.pdf
3a61a505aa63d6d92cf620d11168ffafb19f165c,combined.pdf
e57946604448164b664b9a7648217c98f7821034,MK11.pdf
e2be0a500bba2d8698854d59b2048917a940401a,combined.pdf
92058673f98ef8e3fdc86c6b71728cfa654f92ba,combined.pdf
ad1fcf956a20128a5b2a4430f5262778c172a4b4,combined.pdf
a97ad39384c08e5b5bfee9aff757076644e1551b,combined.pdf
60efc45fe6041ebe97eccce53deaf5009e9c2e51,combined.pdf
fb2d451d65ab1595286a8fc4b1a63ae0cee66bcd,combined.pdf
5b92ea12dc30dfa213cec741f9d56875395bc6dd,combined.pdf
6950101772601d8fe5a1f2c2ad9fd6d05885c2b1,combined.pdf
25bbad705f2495371753d05dfa859490c4cded8d,complete.pdf
530a7217481e00877df32a378d8ef0b9bbfb3ae2,combined.pdf
3d4a3602b226400629eeb0f99d5bfde000572705,combined.pdf
72e80d95c4a3997a15adec1fdceb60109b0493aa,CYLINDER-2.pdf
29747781851b20429dd31c9eff45e55c3eb7eb30,combined.pdf
6d593341c3441734a1a7148ccc5e21429634728f,combined.pdf
dd52bb5d721cff1201270e2452b6ee5e45be4f9c,combined.pdf
216ac9cc8f52e4ce217ab169d45586d11011ae9c,5002192.02.pdf
572624ec76d2302827a1c1d119cf3f397dd3116d,SP03458.pdf
3d36cfa5a489c5f98a314a76c5659f9edf910f28,combined.pdf
7b3501d5dfc686f4caa9fa750f9c1488f78ea09f,50002192WO2 Disassemble and assemble hydraulic cylinder and replace seal kit.pdf
ec0314974ed6a104c06efe74904b027dd9275d03,combined.pdf
002f2302af85025ce97d101d25c31a2e7776cadf,50002192-1.pdf
71ef6359db36ae59c5208bac564d7106867113aa,combined.pdf
a5617a85da382b4dbaed903562a4b85ad833de56,SP03183.pdf
41e3d5666990ee698973df88cbb7fdc4f60e577f,combined.pdf
7880d297a563c5b2dd16294ed079dccfffc615f3,combined.pdf
dd8971c9cae6608196ace0ab4c0d63999cb88de6,combined.pdf
a21ec2a8953c471b8bcda165908a86a097ceb568,combined.pdf
ae42fbbcc77871d723730474073f171d202b837f,combined.pdf
e449d2af147fe1f7ffe011865299e09b25b94131,combined.pdf
7c099e6f8d03f2313dd005203b6c4a6380ba826a,combined.pdf
9e8d01f86bf23fccfd99d06fad74ceeef0817035,combined.pdf
9b74c76f26ffe34447d7b7e5f975099e2fc2bf6b,combined.pdf
327269324d09fe37284fb37b460795015932dab1,combined.pdf
c260347bd25a94cfa2f5489a535a4892cb3cab4f,combined.pdf
b48a4e984da27a5c6fc09145ce69e50370b9a35f,combined.pdf
2fb68d674a5f2690c750fba166516537fde4554a,combined.pdf
937a85560b7e098ee0911decdf84842f12958b87,combined.pdf
5d8f3bc74a0ee07d43346f097ea1fb67babfba10,combined.pdf
2b229a4cf84a77043788698fc6da30f86f7c3c0f,combined.pdf
7637b7cb1ae9ba21595b6b5b8144306b3a86ac83,combined.pdf
eca9114a9c26985f5a999b4d817de8b34b8b65a1,combined.pdf
308935596002549ac84c330a6f542b8f0198a7b9,combined.pdf
3f38b453e8d19d0ab09dfe4ddd2d8e9279899bc5,50002192-2.pdf
b0f833ab09a4eb6b47d92bf68a92ebf4a8857db4,combined.pdf
44b8ae1f4f429d00b685028372bf3b93628823f8,MK12.pdf
2c3faf80b8d83aebe1331e2c2daa49ca1f88617d,combined.pdf
4697ad4dc75cca8b332e86e183a1d72ed9d53f02,combined.pdf
30dcc9dd9d0db4bc48a1578a1163c4b2a0f148ba,combined.pdf
7fc3f270a83c44258f0ecdef3d6a40894ff10a49,combined.pdf
70ef77013fb389f2f82c51f8f296685b2aaf9cd0,combined.pdf
a646f7a985f87bec4f98937b5c83857aab9b1a7b,combined.pdf
ba41faf385d1fbf0c06a95808af526beb8148fcf,combined.pdf
b9aa41b9a1d7c357208007cd4a24e7b701fd9107,CYLINDER-3.pdf
3b4e8abcb15b5bb5feb4f9cf25112a5ed48ca860,combined.pdf
63e5af498adc004437700697790e6bd3270ca751,50002192.03.pdf
3db0397ad354dea5e69ffa0f3b559c1be9291491,SP04315.pdf
e55b6396510644c069a8943e3a7bd5f99bba4303,JTY00238.pdf
30fd3817b4b02251768a58852d729d5d1147310d,combined.pdf
cd2c100b3136ecd18eefcde8a9cd903b4ddc900e,combined.pdf
f64cb1b2f40d6692bdb9a7c3dc0bb26c8da504a1,combined.pdf
3262d1c23f0a2db5bf4e2441946952188d061181,combined.pdf
412a0d5f77abf197c8409ff1a664cc70a5911bed,combined.pdf
e818185f799c6b4b17bceb7f2e9d9f0b7f403ee7,combined.pdf
4b76deb333608b9f4331cedad01589375d90b3fa,combined.pdf
3bda45020d3b8e0c8de950648d90d06e07af62ec,MK5.pdf
a2ca458f8f65bdf6a8f0d9342f67ec2110222aa8,combined.pdf
823a9451dfeab3a2a9391f209959cbda8e31c1d9,combined.pdf
62067422c48ac194d8fb673686781452a55786d7,COMPLETE.pdf
e0fc30d7001427eaaf27ab7f79d06c5b70723a8e,BLK PDF1.pdf
226b4a7eb06d6fadd42dd9a7c47424f5d1a419be,combined.pdf
8bcaf169c651b674c15e2742c9e69c04e7e79add,combined.pdf
d1c8d5be7934e3bd2b46fda08ac79838d21bf792,skill 09.pdf
637837a4172b9e7c03cfbaa5fc3f075302a0de03,50017661.01.pdf
6b1be100bf3658077436c75249079ea9573ae12a,combined.pdf
762aaaabaaa266d1e9fbfd7a6b400e27679fc7b3,NO01281.pdf
80d7e03c232287b09482f82df676ed39b3bb1f77,combined.pdf
fe6b51743fd85c4ae6e9027f840aeae7b1ceb2e0,combined.pdf
52098f59602d4c76fcb35a8426dc3d5fd2b9bb3e,combined.pdf
c5c57350c90ab0078cdbf88b356e879deb789698,50017661.pdf
0d4cb3702f0557c47af59cf3372cb4611b4f3020,combined.pdf
d8c535e2fb5707002544e7e8d5d9ba62410a34f0,combined.pdf
7126ab238f2ea849cbf2b63cb474f034e2d4b955,MK9.pdf
a56d180ec19a7aa811361793580d031dd08b0ae7,combined.pdf
d6adb7be7d36f3911c6394d86a995c900476a552,combined.pdf
ee8704d37c9621a00996585c39f4eacf33782ba6,combined.pdf
fb20a58fecd1d959adc96a611cd447bb9b7af574,combined.pdf
eb4857ce774d4d6764b8c844836ec2d69c7982b8,BLK.PDF2.pdf
e75ee82ed9d5cbb0d5358d92a6571b5ca1ee03e6,50017661.02.pdf
a72262761906563e25d3c2c9bc8b19685975f163,SP06420.pdf
5c9ed8b5087b9aa4460b953165c6a99716a7b036,combined.pdf
a70f3433ae951a8dd97ebd8ade77f1237294c4b7,combined.pdf
da8949018f5f398a3773b9171fa03a7852e2f8eb,combined.pdf
5539dd9a66eea509fe5acc8222704cf8f0268d4b,combined.pdf
137b6041fa14d342b23ae4802c672d78d1f0de0c,combined.pdf
bfefb244bf4cafb79b26de660fa7dccce7dfb19d,combined.pdf
95e3b4e112c5693bdd6fbbe1c663ee2579a2937c,combined.pdf
a647bedb59bcec27a4a400015c1a0d1425990c20,combined.pdf
785f2e06bbe5c926b4efdb501a9e4f674c8aa660,combined.pdf
750250c09228801f55319b73454112406a8d5293,combined.pdf
88d083debd61d31a43ad5de1e4c8037ff9941323,combined.pdf
27cc9bcaba2c56c753f33c7c018518ad5df807ca,combined.pdf
00dc0b90bb3b6065471ac77652bc33722617506c,50002204.pdf
1ae43b53872a01614e58af10ce1984a1286fc994,combined.pdf
f15886ef6bcfa3a25332f35526c987b3f5322988,combined.pdf
35f47276a2c549428714df5686b1f0269b922717,combined.pdf
f4b70f1ef88c7955dd3df77772176e98ebc22550,combined.pdf
eaacf0b34fe36fd22e1a0c626afe2aff3b9a20d6,combined.pdf
0cf956d8fc75f38c070870583b63e86eebaf77e3,combined.pdf
9231e3862873a9a21b3c460948f391a3ca2caa20,combined.pdf
2234c1d386d8ddef9a42c674185252b0fe69cf13,combined.pdf
1a780b509caf973b7c4e06b1a04c3b758d2412cb,combined.pdf
65ce13bd1c11c6596f37272fd1243acfa1a28dba,50002204.pdf
39decc9b858d141594f67f3c20ace01330a860be,combined.pdf
39918fa6bb9e1cd121951414bf439a4ee7ea15a4,combined.pdf
22abaf89dcd26bac5ab14e3fe8bcc13d91374836,50002204WO1.pdf
0fda2708f37292454257c438c24b9e2487ad1b9e,combined.pdf
72e75105a564337f7814cca8b2d974858408b1e9,brake weak.pdf
eac8f1df5514eb352edb64a7768700c898c76fcb,combined.pdf
ebc0d2155fa9900fb5d70d51139a27a889559c9b,combined.pdf
b0c237ec1ca26aa9479cc34b0cf205d29fb21c97,combined.pdf
5b0ddcb67a97e6825b78f0c32d42022f72e56deb,combined.pdf
a08c4f016f3acd9801507e35335a855c1b37e8c2,combined.pdf
7587a194a21e115cbab9a4f6912de6d9424f5fe9,combined.pdf
e693b6ef19e3d85bf1614cb32eb85e1ca38e8d51,combined.pdf
8dec3396be4b6996b295a5e2999ab3ed4e494c35,combined.pdf
71bb9a73961228e8920218bab1e198b9da1938ed,combined.pdf
32cfd42ab6eef52595978c0dea985c3375a4e0f5,combined.pdf
4da0d836509cf52350ca1448ccf9cdd928015e9a,combined.pdf
81577db81f0973ca20da2c6a4197b337b84372a6,combined.pdf
d466d9fa5707560c553717b9d9f2a891b0efff52,combined.pdf
0c6fb6eea325ed7c174f8aa22214bbef08ba826e,combined.pdf
8b69d06d0e64d0f90574f3d8e91ee27cc053439f,combined.pdf
10531050bf10553f8edc2c3eaa2d3bac5e7c98b4,combined.pdf
6b4a8c026d54bd3bdacd5e397cdca8ff6ebb1e1c,combined.pdf
4b33322261234d5c3ed8d97706943459be0d5e2f,50002209.pdf
f0b734374c3ed51924e1940eb52f6e4a313f775c,combined.pdf
c8ac140032bebe004ae307a5e33cd0431500917c,combined.pdf
9ea3207ffc94cada4bb62545de129f764d02a69f,combined.pdf
8f2f5b1f014cb35fc2c4fe4f8699cf68c2ed10a2,New Doc 2019-07-19 16.03.25.pdf
50c5796abf8f1ab343e828f67c2705b8f1a080ae,combined.pdf
543c5f8d6d2b8ece55a7053684134097b18a7165,combined.pdf
28fa4ae05505e93979e6a2c9e0008819c27e299c,combined.pdf
ed41aa10a980ce8e24ff0a1fa258ab6313a03ad8,Scan86.pdf
6af563286a4bba6c74c29f79032e45d3eda7ab59,combined.pdf
335e4043ebec4967e57f63b26efcab90fe167d81,200107-000189-V VASANTA RAO-AMC VISIT 1.pdf
11fc2487c2e58488beea43d2dcc8f5e2db9bd33e,combined.pdf
a3f04cf359410beecaaed4f2fb5a4b2cd12a309f,50002209.pdf
3851ee776806c5611d2a1f801750920afd8a4c92,SP05129.pdf
4d7a9f4803e3d2748775641042852344b8a6fd35,combined.pdf
6efbff7c84c0153bda913c3a8a48675d975d41a4,combined.pdf
94116cd6e805983f9617306facfd6407fd125a96,combined.pdf
e38cdac7843aafbe31b3c78bbc3a12780ac02fa8,combined.pdf
d71336f39110da394b55aeae7bb9ecf15acf9341,50002209.pdf
061ad32bca20b1b7494995759c225dbdbdccce6b,combined.pdf
0546529189f0b6bb745d5ff906bff3d049b77f19,50002209WO1.pdf
a0feae4873c288f4ddd2b09667d30b12ab194d43,SP06070 (2).pdf
4973bdf777f43224b2c5b3b0ef7bd47b33592a25,combined.pdf
a772799261dfd219787c65dc65b184bff4328d41,combined.pdf
2c5388a77113005fcbafd713f99ef3eaabfa455a,combined.pdf
bf90d773e17e78498092a386f53cbd598e5922bc,combined.pdf
c5de5fbb7a204b263b83742b914e78dcdf2c1f3d,combined.pdf
7c1b5a39312508dff770f507e002227e602aba5e,combined.pdf
1d3af65951520cb682f562f63c1359bb49602617,combined.pdf
2e37a92a509c9ea592caedb4856ea61983c9c8e6,combined.pdf
8c70d63d296b1335c9c6eeca0d60fc76b072cd60,combined.pdf
e8fb18cea1be35e0d702a88d0bc4bbd25002e81a,combined.pdf
39108460273c6a3ebbd4c4fe1033140de64807cc,combined.pdf
7b0344d244cb7eb52e014e836bac275bdafdafe2,combined.pdf
6d35b81d298962c025c99e919e5e107cccedaf99,combined.pdf
5a081910921fa4e27328b674510949bf070ede57,combined.pdf
4dc617b0407dfa5d438e2d3383991f88707cab15,combined.pdf
a64025fec6c35018c403e5d95e856ceba559c789,50002209-1.pdf
273211abb0e44f96c095729e686a388d8cc9d9d0,combined.pdf
3adbf7948b92f4a743ab46ef51b895df20d56969,combined.pdf
c690e098d8cf2c63bd9e21e6d55bf15e75dca248,combined.pdf
ecddb6bd3297778c1a871f0213095c72b5e5d7c9,combined.pdf
cc90e953e259f1c41b2b2d3c23400f7c3074a90d,combined.pdf
c0b6ffd51e393e495ac257ef95a7ae57f8e47f99,combined.pdf
98de670a79d08fbe6f70420069c65d9c2942bd6a,COMPLETE.pdf
460511260e8bbf9f447c76f6c9a88f255847b262,combined.pdf
5c01924c5211472a2c53e3b680e197f55ec5abf6,50002209.1.pdf
9aaf2c9c0f475f833b33d5bc0bb34ddd2317cc48,50002209-.pdf
1e09ce231c6d0983f9013ed05514159da9a426bd,combined.pdf
909a2ad05705226e9e63d1fe7a077d3f245e0a4a,SP06201 (2).pdf
d2bdf251e299a97cdd23bd1b2dda8781dbdf3e75,combined.pdf
3c36a88f65a084974a37b1fafeb248c188f3d863,combined.pdf
c5e001477bb82947e757bb5ec4913cbe3d4c0144,combined.pdf
e0cde10b01ea53f5ae02a5eddf0244a7e76bb754,combined.pdf
833c24d56c2fc532cb69a5935fd6b9a6f55f7ae4,combined.pdf
7ebf26dff795b31a96d5bca7ccaf2bb6cb871f74,combined.pdf
a8d892e93857aa0a6c487938e684f34069524e11,combined.pdf
db78775627aba7fadff2fefad6ea3ecb7829fcc7,combined.pdf
f34b025fcbfdb95b9d81137d68d8fccdc7422bd4,combined.pdf
625e909bac032844237bb9e4bec317de662513db,combined.pdf
75eb8842403c7a10a585f38807cec76ce52f4f67,combined.pdf
a212a1f7e6babedd294cf770d993c4afa8d46d1e,combined.pdf
a12b0d7906cc6297a99e65d98acc0aa8901931d0,50002209-2.pdf
69c3fec8b6bb4972f6af0181ccd94d60260e1f57,combined.pdf
bf516d2a0f9653d36c0bc4132c9672bf9020b4fe,combined.pdf
0ac1e669995b5a185bb5d865ce602af3e191f127,combined.pdf
6b37e33abf4f7827e329736f99c39168d26b2efa,combined.pdf
7dcfa3fff8992e4a35775289d88a9ed910003048,combined.pdf
7be93d178619dd46ddcdb72651cbdb2f2c178aeb,combined.pdf
b1c313ac08c8711eadc20d8631fd41b2fd19ab10,5002209.2.pdf
07033af419e0bbbf02a9f3b35b4a49885810849c,50002209.pdf
863f5626773b98e8234f87818ea3ad3a8f71590a,combined.pdf
743aab4e2390a5c1b76bef1e3891147b04a52d12,combined.pdf
e17372bd5a1fb321a2a836deae369c65dc3e70fe,50002540 19-Mar-2020 15-19-12.pdf
0066781457560aea0203b480f6c7c961c64c8607,combined.pdf
7207df4ea65784af2bcb38539e1049b608af6ed2,combined.pdf
a38e596a0932b921271b36ea9096a264a25df476,combined.pdf
c4b43fe0d5d6996c55326a1702c309f6a1b06d16,combined.pdf
6f2f33a0227e2873f8be4a04025a10f306b7dcb5,combined.pdf
f05bebc858811a744032f5c884c7d2430a29a5ab,combined.pdf
aa0780a003d62227593545b17bbf77f35a1d625d,combined.pdf
9cb84b2f7993c34d27f27fe418b7bb4b37bb72bc,combined.pdf
008afe3638d7b0002bf88730b635956fccdede13,combined.pdf
f4d17d74e21ed0e815fb4090411336fc495af5bc,combined.pdf
8e254c66da31bf111da6b2466ce0900c1888e358,combined.pdf
6be972cca9c57c53fbc512954cdd32b327c865a7,combined.pdf
0b62a4e6fe29a82079e840d8127183db1c6a06d9,combined.pdf
d9a15c94409045b4c7220a519d3b17dfd56eff3c,combined.pdf
3fa7af7ab2bdc85c6800b84fc58573ae59863778,combined.pdf
ef22de99eb3cae729ac15e69a044bb0dfed00522,combined.pdf
a2ad45184e4286effa36918b41af32b54f5c7c67,combined.pdf
cb54a041944506c91667a66396a28eeda3b51dd7,combined.pdf
ba16deb9c539da6faea6fb9c845ea68cbeb52a56,combined.pdf
20ba7f4553b494ef3bfbfea3ab16722653761ae5,combined.pdf
5a9d63bec99020b1924092ed44ee393d86fb5acf,combined.pdf
1c46b1c52d3aa2db39b974d30c643cdf697672c7,combined.pdf
ffe708700e9fb634b56f13c6b8bac7b77cda8ac2,combined.pdf
8bb7fce487a2ab0f331f1de3a5c81fe2123bc485,combined.pdf
3c6df1a3c34c758a42d24f352e91885c4aa3f287,combined.pdf
c126c65409ccdeed9d76c9bd8b4c2b6183726eb9,combined.pdf
96d17702d7421382c4e5003d4a4e2e79c27264c1,combined.pdf
2188022aeb5cce3b9d5dd6a432fac91cb76bc8cb,combined.pdf
f0bb4ac7238fc896a5a2385db90aeda5b5046010,combined.pdf
e52534d20bc033f52ae9be4ce911108b5b301946,combined.pdf
86e2878eb63bfb6e31cb08f5d5ebe2260226b65f,service report.pdf
5dd353223a604c79c8e8a50443346ce1781c53ef,50002535 19-Mar-2020 15-14-45.pdf
ad9a9908f8da183f004b8e3c58f6fd3ab2cac45b,combined.pdf
4928ddbdbcd272a0265c272a05854d7a4a491fea,combined.pdf
ddadbed372cfdf89d324a0f907f319e75496386c,combined.pdf
51e3166bbaf3c86daddcc70015a8482666209800,combined.pdf
f53969029559fc6942158cf92992fbd58ca87c07,combined.pdf
6039d14cadfb72ab35309901552f8f31782f3507,combined.pdf
9567d12be9407b6adc7c369964b39fe9e9d3016e,combined.pdf
05727749d72cea0217bf8ec92421c3b2f1d86f05,combined.pdf
3e303e47056c45700daa530b878d9cd1984bd35e,combined.pdf
a15cc1ca209efa816c4d03aca0d8f8f29fa19fa4,combined.pdf
38450de8fbd84e52ede0a977eba4aeb05fa0f7fd,combined.pdf
77be5bbab9d30f32e2c636518111d257a6448e2b,combined.pdf
e4e87297123456e3df5a3292dd0a84390b477e06,combined.pdf
6775fe53c8b3410f1d4741ba1befa36cdf1027ff,combined.pdf
bc1423a7e189da13ae70cdc68aef6c33948c74bc,combined.pdf
16e07b534274cf40de3522fdae089550bbc0168a,combined.pdf
ca4e97a8aa97f38d74bd51320dc4508ed71fdf0f,combined.pdf
bc20fca9fa9c9edb37125a036409a12b246ecad9,combined.pdf
abd7e233f609ef0f2e93bab672c60b397ad0a3f2,combined.pdf
9aa08759f57a2bfafe4274ad17231af6429f22cd,combined.pdf
7ea44d588e488f45ce5ca9297f82b5469408a511,combined.pdf
c5c05f3a1644e237e51137ff0b5703f09d1767a8,combined.pdf
78565b9a54f86e5c991c48a08a15275c6efc39d7,combined.pdf
388472152aaa506ab75d6ff7a7a2486bf1b71682,combined.pdf
6c84e783acee2d4683795a083a800c0855fd6205,combined.pdf
270ca2b0f8deac2b8be376f9061d7bfc9ecd1fab,combined.pdf
498784bc50ca15e065d4d161ba2ea49795eae24f,combined.pdf
ca1cd39c4f1265509d8e0ed86d924508ae0cf0c9,combined.pdf
c520b0d128e458a61b0ebccfc7944e7f6fe6fdcd,combined.pdf
eccb9dc14ce9fd24a21ccc19d18b6aa74f42eb7c,combined.pdf
855f2d1d01257fc12eaef5b1892b850a7ed13aa4,combined.pdf
53ddeac5a46c97e0d7cf26da757e8573f00465ff,combined.pdf
4534f5f0e489a5b2db20a5007fc8a98a66b71b4a,combined.pdf
9a225bf5d9ead2f5e46fb2c9107fcd9f6f569443,combined.pdf
5842015fa827d13b4f0f1545bf6a91d4f7467d1e,50002541 19-Mar-2020 15-16-54.pdf
54a8fe888bb092f4f981a39c2acb97109a5973d2,combined.pdf
636b7bfa81a5412a6aec6ca86ae09549708708b1,combined.pdf
02cceef131fa10e452b511b9a1f43e9a66ac8a1a,combined.pdf
6359c8b36a5bf27414035d885b82a5c804efe8a8,combined.pdf
eb227de8f607dd8f1e8f358fcc30e5329727ee3b,combined.pdf
7cf33dbd5dd12d9bb18f30db26a4aa9cd24f3551,combined.pdf
81e9769421d100f3e6da9121a8d37386b87fd92c,combined.pdf
8f5aa047699fd410ca027b76fe25ca607bff13e4,combined.pdf
89c90471026ef2fac32c886ed87f78fd44aa854e,combined.pdf
279af904e041c7de536d411cea0c5c490f01d5ad,combined.pdf
b50e5ce3acd64249d354cd0caaf786a6280c4490,combined.pdf
89c5fc9eca0657c1a5c0d1981fd967b23ae2347d,combined.pdf
4e51754479c31875c348a9453d819ce54ea0377a,combined.pdf
4fc7a93d523b0147d1d7196f0ec74035e404622b,50002536 19-Mar-2020 15-12-08.pdf
1dd13e0c845b453516e830f4a2dd9275b8480aed,combined.pdf
a60d7a8cb6bfcff09d9eca8ce49908c398b54e0b,combined.pdf
8cde114f05d5acaa6d37eb3e177646f99de1a76a,combined.pdf
37f354c03cb4e18ecdae028d71e6b0b992fcacc8,combined.pdf
f6e1eb9231ff19074fc8b1ef17393298f48063ca,combined.pdf
c3ddf1e73be89032da539398c6060a093813679e,combined.pdf
bc288d179e97d0b57cbb472ae90c14a792299e7f,combined.pdf
149f08094c36931c1ccf3c03375dc2b100f09427,combined.pdf
9a8012dfe51cb89d121ff5c6616947dc4ebd6917,combined.pdf
5efe855b6d0ae3ca4cfceab25707117eaeb44d2d,combined.pdf
ba7ad0ea29b94df511443d1cb3ccbe27efabf4ad,combined.pdf
816a2a498f5f73dd5838cbe6c1959765acc3c98e,combined.pdf
348dd775a49ced14b75b4b64cfee834c0e5370ee,combined.pdf
5cd2f25f887c26c7246763266918d6f049bf4b5c,combined.pdf
61270da33be23dd05b1d6d5ac1cc7a7c10b016e3,combined.pdf
c4c86a204a1323b1045357848464e36f65a46fd3,combined.pdf
9a8feeacbfe9ff9607690dcca54e1629283207c3,combined.pdf
8b1dd96b7c816e5bbb8cf1266de29ce7fa350de4,combined.pdf
673e60bd4e49d2c855de3605720e594c84735f23,combined.pdf
3b1bfd603d22678da4ec33b0f44bbd09c648110f,combined.pdf
097e374f762d72050b4154904a991dcc78170af0,combined.pdf
7a61d3010583f85bcba6e0a7b1d7f6043977bea0,combined.pdf
1835cabcf035d8eddeebccea2c219cdd0426d9f5,combined.pdf
1ec9a1e13a69532f8b5e51624d6e304adb099eb6,combined.pdf
214c52b9785192ff56efb77e90e09cb01ee03128,combined.pdf
d408e2335193f7657e22bc196113985e6f6abb9f,combined.pdf
6349e2063194e2f6cc2397192d49c69dd80ce8bf,combined.pdf
7406330e803130833f2d10ed025cbbaf7da5ff15,combined.pdf
69dce75620d88c8412ad394374bd101cfd5e030a,combined.pdf
4d6368de3f305248fd7780bbc34e6f7fc1abc7bd,combined.pdf
f8fa9b1e3601fb66a0be8fd26b868b429618df31,combined.pdf
2301ac741e8bb06d41dd9d4e58ce92aebe1bf4f4,combined.pdf
29e874a755df8bcc47a8fb5006dddb57b4889482,combined.pdf
9be09185f5dfd9ff54f808e0e3059a2fd8ffd000,combined.pdf
233018ffc995ca3eaa16f57a02c9b59bedaaf63e,combined.pdf
47f1fa3add3273ea5d13fb267bc507e689dce515,combined.pdf
c87e87f0d36f058f83fe710d6ed534fa8b878438,combined.pdf
92b2d28c6fbdecaecf71a97a8463900b34409e1a,combined.pdf
27ce1cd21b4a7d6c2c1c608fde87aa675f6b6775,combined.pdf
6c56148357cfc34207bed42ed5630de55120256c,combined.pdf
5e2bf84708998b2eb1b75671a5c2f9ce74169f80,combined.pdf
675b208c1d2896927e114eb954f712c4c220e3bb,combined.pdf
ace491321a886695fdb0d8142005e42ec5a79794,combined.pdf
70a43eb9ef3bd6823e07e3e1fddb45484075c692,combined.pdf
e557b4a179e1384c7ddff24be58792326bbeef23,combined.pdf
fbc33075e5a64d5c567f77241f5fdc5a0658d9f8,combined.pdf
4dae321fbdc740e111a9d4edc1668b58384c2251,combined.pdf
2db29fee5314ecd281d3b8033214bec8f309f7ac,combined.pdf
027f2c2545b5d997eb1479937bb66f9e8384f004,combined.pdf
a010ae28c844d2464c009ef880cf9b31b65f73b2,combined.pdf
0660ac795a4ec5f07231eeae0a37d07d05d6fe1b,combined.pdf
8296f346857677b140fd02aeb3a507a1357c02cc,combined.pdf
68dd57bb3800244c2e89a4ab43d957f52a1b4cd6,combined.pdf
c0d2d3ee97e837345297495e8f92143c0213d1e0,combined.pdf
d73333df1752facb6c2f926d42851afa0f3b4040,combined.pdf
aaf4bd1b368331619412ac294729317532ada942,combined.pdf
fb77ada6f60fe405401665bf4ff10384cb78eb3d,combined.pdf
9f397a811495dfba140047469aa8dfc222f5484d,combined.pdf
4e67b09855e5c1c2e0b95e9735b8b2717efae356,combined.pdf
3c29327646820340d31d862f4ec1c208fe85ac08,combined.pdf
ad6a58c665237acf771fa07199ee23e3f695942b,combined.pdf
156580fe954f17a9f734d94364ac44ce52249cd0,combined.pdf
ab044435272032a9ce13dbfa1c4c3e29e3ab8fc2,combined.pdf
2ed36edcdde4372550ce1f80ce9ef293249d9512,combined.pdf
bd217f57f4778f0ab1316785d1f4bd1aa1d13d3d,combined.pdf
1df5c4902a0fc57b60b5699dfee12ef18c8e3836,combined.pdf
582a3e6a9352fa6b46482d61feaf1b5cd9f082c9,combined.pdf
9e397caa5f1bc81cc84aa42ae155f49e377d7207,combined.pdf
2e84d39044501b67aa999c32d150b741b5447031,combined.pdf
ed6dcdf70fde394ad9cd02e7b768dc8b18759aab,combined.pdf
05c7463915fed36a94253756287ebe30c9dae10d,combined.pdf
a0f1a663b6448f8dd9b75d4599b8ac4a24a50a49,combined.pdf
39e5453d502a1dc6179a7febac8e0e372402d709,combined.pdf
1e1dfe37b6ac866d8d6a72aade48c637a3a991f2,combined.pdf
0ac175f73b00020cfcb1426e04bde3e54302bc21,combined.pdf
c106fb9fe908cfea87d15a15165ad695b2a735ae,combined.pdf
35a05669c73b0946fd8372e235686ee3ced10cef,combined.pdf
93074027c8297dcdd3e77c6fe451d52517aa83ef,combined.pdf
9ab5a94fdd9123ba23ea5747235117d87c323a55,combined.pdf
83711dae186c90bdbf1fe8c93f596377be49d4cc,combined.pdf
d5a8de68f370513492c68b54e59875cd3452b82c,combined.pdf
383baaa9096e0bcad177cfb960b5046fd3820f02,combined.pdf
5542fd38f7b6bf67ef9e8b0b17dc2d121b5b2431,combined.pdf
badaf3aedea7f47f87f171f2a0e5c339425e02c6,combined.pdf
7056a204c9a709c61dfc257e0f66ac357bf41395,combined.pdf
c2a705fc2ceba226b31e237a4aaa05aa250a2431,combined.pdf
74b5fc8aa7c36c19e020874dae6194cc1643b4cc,combined.pdf
ec75696d54630f60629fab5373e7971b21497a90,combined.pdf
049a21f2ba6507677e9bcdf6f87f33840d29b038,combined.pdf
8ef7d12eefdfb226cd81dc1625c3c014d9a9a547,combined.pdf
34f86915a8995ae0985e31eb47b7b615ad644170,combined.pdf
6be871190bd9d4d426659c5ef3bd1434f055e5d3,combined.pdf
42b0530596eb0b38cc2a613fdc9bca883bcb2d4c,combined.pdf
5a03d270601e62aa6b2ed933094e63eba6871f1f,combined.pdf
a61b8710535b73c6da900ae68593c2d7ac5695d3,combined.pdf
5db9ffb08567eea9673f215f41a85cc5af6b534d,combined.pdf
4270a874ab0e1afec101445d3364ad7837989327,combined.pdf
ba0555418ccc7b187a8eb139d7b584d6fea4f75d,combined.pdf
980f89b1bf5c631672cd044b1e54b2d0e832bf46,combined.pdf
4dac2400a26b9d4c954b72ba633823ae29fded33,combined.pdf
4b7d4119621948b7153c51a89a88479f3cc17219,combined.pdf
c05f1dfb9917990fcce3df5cb87dec22f11c823b,combined.pdf
00049f32dfa1c3ce9d62330f4b0cae5c9d115380,combined.pdf
0c109e440fec00ab83f69727cda6d50044671b8d,combined.pdf
662d7278cad6d480eb97d79c0d2cfd1a53af71b7,combined.pdf
42e4b1381206ab70036f2c282599cf6d04991570,combined.pdf
1ef7c069c27c5b88a4e0edf4a62df6ad9cb8fc65,combined.pdf
7132c2142e7e814158f632041aa5308cea6b1547,combined.pdf
f9da76ab5455a4c105026153d0c26a1c7e5331f0,combined.pdf
97c57098c50343a0363e85091e85b8dc6fe4f3c9,combined.pdf
3910a75c353d3053eda555c6f1eeed61d03cabe4,combined.pdf
744b965e034b18b01799d2d58261ccd02b91bf80,combined.pdf
cd9d7c3f641d4970b15d79e11887adced50c6e50,combined.pdf
49e6af4314c33a35c8ded4c67ad770cec004b85c,combined.pdf
6315ee03efe3656e86ffd3ae044d6b60a87c88ab,combined.pdf
12ecc285a7bbb8fb12f6614fbf798a5c9c91a189,combined.pdf
39fe195f88738f45a7808d43edf6e9668ab5f8d8,combined.pdf
12fe673a2cdeefffdf45b819f5dcd8e6a08bc756,combined.pdf
17be382af7aa8ee4a004630b5bdca1a9de8fdb27,combined.pdf
d456496033511760b50d149a371f1e662018b62c,combined.pdf
bf91321142757aa6bb31a16f9b0d0dd5f851d8e6,combined.pdf
468e42ec51ed447d81826c452add73ca1ed65bed,combined.pdf
e00aa113be1034fdfb5bd01d88771badf95e11c7,combined.pdf
6c090fe697125bcf07fcca97fed644f70ff36b57,combined.pdf
e8e0d615f5d25716783e4e5e2fda0df96347fa60,combined.pdf
bf147f73db9d5d5a89891ab95d11e50422caef1f,combined.pdf
b0f40b56267fd641bb8aecef097e3e43e95d732b,combined.pdf
316c8beec13fa6e4a12e43f657f4b501397fb86b,combined.pdf
e2292d092e8fe81ac4532a05239122ff89f9f602,combined.pdf
f34a6faa0e9f74f009beba9a0e695e6cbd000900,combined.pdf
9c226d94c57e28c3d5863452e6757d63bcb0463b,combined.pdf
7867539fc34bd5bb6650d5f327dbc6a576594b82,combined.pdf
a10a25e236802953f3ea6a83676168abe94272a4,combined.pdf
25b3a3c5cee78ed2301df5ddb8ff3f2afd6ee376,combined.pdf
58df3f442e698cee19386b1e6349aabc0e9e926a,combined.pdf
931ace8581d8e76564665bd2c08922e0662a526e,combined.pdf
d7468777c4237ae6c32b2a5511e8c0c0b238c080,combined.pdf
afdcaa2bb843f376c43655c304b51b75c1ff7967,combined.pdf
8d32547c813111e9da68e110c8c40b5eeee7070a,combined.pdf
f359f6947858da31d57311176d38d3adef5668d4,combined.pdf
88ff88861d042c4b44124de690c3533a57c30b14,combined.pdf
999dd7efbbca54c2461fdbf6f2d3bd4619baa1d9,combined.pdf
f49de9f3e3f1081d63db036011d87c24785684fb,combined.pdf
4bea5e984a3cdc38c7d88f609b16f01f7d135bec,combined.pdf
304575e4d1b837ed5c0f2bf52fa8c9950fa672a1,combined.pdf
90cc96eae3058ec746ef8c5e330021064dc51b40,combined.pdf
648e60ad5520a4695746dce39620f80a66f4d825,50002559 19-Mar-2020 15-09-09.pdf
919999a04d4a8056a7ceac6a43337ad63dfd0be5,combined.pdf
5eacf95d39b5cd8b50fcdbd22c6297a93924b7be,combined.pdf
8dadf1008678c4081d6ab2f2ccd8e6404007b5e0,combined.pdf
469eb29c2c27445d3b5b93b37be41e2af71e2cc0,combined.pdf
cc0fc23d0e061689bed1dc6a7ff5720d10640afb,combined.pdf
0a60da2d72e8f9b776f4f7f8d5b80e5fd6c29cd0,combined.pdf
cee90258463a6feb65a05f25c2bd589b0128edbb,combined.pdf
a29955790cbb6ca038e42b935640429304572fc0,combined.pdf
155da2d64565761c45262701ed30458acbad8335,combined.pdf
a07898d1c410e6acf8409ffb93043c974e8f9975,combined.pdf
a82a6ad2df920b33649c6b0c16b5a60a3aed7381,combined.pdf
a05de4eb2e067ab1a9eb3293966e48eea560e116,combined.pdf
3393ff608c3aa02a5b43339334305dd2cbdb1ac1,combined.pdf
1876a143dde386aee51f4d7f2975872585273c5a,combined.pdf
bdf7d53631d53bfa2c820bce3cfe84400185ca08,combined.pdf
8bde3382197f5897c1c83adfe5a691d255ff4d3e,combined.pdf
9f4183b95d975c0b56a23e28193cfcc94311989e,combined.pdf
a7e2bbcbf829c67d266a4ebf9f9e6398ef47fa77,combined.pdf
0d21e62e4024bb0398cb958a610ce8baea34dba9,combined.pdf
c1ca76d69fed154157f323923534328d4231b0ef,combined.pdf
bd21bed76ff88d58538a803c12cc471f24bf1ecc,combined.pdf
852dd450b8f95900b55337f73861ddd8abcd8e85,combined.pdf
9ebf6fc01216ffa027ee84eb1f242d2f1ac76f57,combined.pdf
d371d0aa62dd63edf6466ae647125be067e8e359,combined.pdf
eb82fddbd3188d8daea32bd86cfaba8cb2d0e4ba,combined.pdf
ec45f0e7a890ea5a5bf4b77dee27800e741551d9,combined.pdf
8de35e644951c9fb09633e192ddbcaf365bb1321,combined.pdf
7beea2f6d4adf39a94d8bcb26360ed056e667800,combined.pdf
4827ead59e2fb78b9c36ab589b6e1ccd96a291a7,combined.pdf
604856410bc0454b74ef5487820217311f5be76e,combined.pdf
d84a2a3f395b8db488809c2bf5516033d57733d9,combined.pdf
eda19933852ad793e1cfed24a18dde5b00280485,combined.pdf
61a1d986cb0352a4c59110f6d7e734d2a4c5b631,combined.pdf
0276295d9594d8c3aebddf08084a04c8219fe931,combined.pdf
260a24f71e784a7fe9e23a9f39b2747f57513c32,combined.pdf
ecfa4a7f4a6b0e050c77585adab6998351aee1aa,combined.pdf
088a379c5b4950c3120d9242789b46c727b387df,combined.pdf
24bd56e58a15146d8a49325249a2390ab8d4e1fa,combined.pdf
cf4a43cb8db60cce39bd360be92156401848b94e,combined.pdf
6f8804ee3b8daa6cd34cec27445dfa2a45e15b7b,combined.pdf
e97a3fe71dbf4ebec6fc4c984d3f36899c0457ef,combined.pdf
7fd688784a07fdfc8d597ed898219110a8d30a59,combined.pdf
47fe1b019efedb5ee21cc38c17582418c07f5667,combined.pdf
e441ea1714d4cc8e9d7b6cc15faea2ea55a28772,combined.pdf
21c1624d9512c85326d838a6a53a6bdf5e714823,combined.pdf
f837da856b9a79946df45bcf46a5a1c7f5c2b9a5,combined.pdf
c03b3443fd10018f382ff41e51258c1bf04a2dcd,competancy New Doc 2018-09-25 (1).pdf
1f4100f2e002f8209772b8016fecbac5f1f9640c,combined.pdf
f211f1d1118b128a2c5bc4b6d06da588b0827f04,combined.pdf
44c2ceee6b5cf6eb5308ffc1e3746dd4f5ed561e,combined.pdf
d94ddb82533ee78eaadbf349bcc4329d30d5d0b0,combined.pdf
4f6c8b32b36206c208f3db3fb2b5d3d339730f9b,combined.pdf
ae74931d0d4ef84f7b462a2130cc7e54c35e6a51,combined.pdf
bbefebceafb22f5c2c0a3a5f3b33b3d67b3141c0,combined.pdf
1f7e2a1f78e28bb6c1d71057a597e7686b5faf60,combined.pdf
84f5595b57b55ca0fcbbc7bc9fc53aa954b9e404,combined.pdf
4e883047f567433345001091e6ebf92862606f54,combined.pdf
ee58abf609e496d8eb4cd33bae8625668135b00a,combined.pdf
971676f2645f4039b4a13a07d28e4b0a44c3f995,combined.pdf
ea067fa4ce8490199a71927a2d1f16c6a9049579,combined.pdf
3119128e96d1d24bf61b4d7fe5c1ff1b0bf1580e,combined.pdf
9d1e5833761cfafaa33ecb94ac656cbad4c6aeb6,combined.pdf
7eabd36b27c135e1af23741668d9c223e07f4348,combined.pdf
e2f12ebd1bb4efba48e7a08db65c0bf4d3ff155f,combined.pdf
debee4513a12010e92646fea81b72cda32d1f197,combined.pdf
1fcff6f4d05c82a79ee4aa097283557e1e0d8352,combined.pdf
c157315fd0868d28659cd909f3de0e82c110c533,combined.pdf
841f0d28fb118cbed5e0724e36601b8af1e424b0,combined.pdf
8c69f037ad1f8dcb6aed1c261a5503cf420e5477,combined.pdf
a3d771705b2001427995b781bf1304315e4b53dd,combined.pdf
b8e01e7acadabd0232dac5cc348be49c6df85e40,combined.pdf
4aca9e6dd228c2a54967581e051aab7822228ec5,combined.pdf
df2b05c868be637f8859d1624ed21334eeaaa660,combined.pdf
ad5431f96219c6c15dd1b44f46135709e3958d25,combined.pdf
3c7cdf51c678459e1cdbeb75bb3fa90d61a8a97b,combined.pdf
4d5bd76c871dc35dc9b3e88014905fa62299af83,combined.pdf
9935c1a8743f06e3d36c1253ef68bc84d53409cc,combined.pdf
7e32e108e5ae70834b3dfc8ea0ede0729b23bd66,combined.pdf
18f86698bb01119788725d133e39b920e996d427,combined.pdf
040516a9bb885ad483ba860ca6fe0192d8716d02,combined.pdf
674a2ab66a1c4181842cf28710a36575846b0a4d,combined.pdf
727cbd8cd47c9f926d6e47b10b994d747f207a74,combined.pdf
2716d09584a55e005c678501ee0cd04b654063e9,combined.pdf
b24d2d7b6d11f12716f952da0bb7fdc306df96f9,combined.pdf
080641e117783b9ce6f110259ae268339eb8a44d,combined.pdf
5517cbac6e8097d4ec9af5900b04306940585bb9,combined.pdf
149856b80eb52f906e2e755014b48020c3f0f0aa,combined.pdf
8100f6e45e407134e9ca9e416d83e7550a872c36,combined.pdf
2a2c03bf97ddb01538f9a19551a891f36443e901,combined.pdf
91051689423d7d883d15a26f4697f6d07d4bdde8,combined.pdf
2426511c3b9bac8a0c9229cd1270df6d32ae760e,combined.pdf
acbe97c9abd91f7ae548bc9a163143834fac74e6,combined.pdf
75bdce3d2a20b405f0cf5d21f3511a072c237572,combined.pdf
efead5805d5b741fe33555abeeac3378ded9e120,combined.pdf
0141426d52a5861eb8d55d3637c9b0f19a80a026,combined.pdf
0b51028d77e9815f720283122b3cc70c0e2b40e1,combined.pdf
4bfb53aa4e2d510e6d0d4af956cb9030f2d5d0be,combined.pdf
25555a4d380896d87ad147588c7a01c23e21377e,combined.pdf
fe70e808786eb7ed7f70e63e225bba77312bd17a,combined.pdf
4938d89e28f320f5012541cc962627e59eaed37d,combined.pdf
9d4b9424295e3c2a0258a6c07acd75dbd6945997,combined.pdf
c22df89ad06e138c6d503e84d42e034bdf0c94c9,combined.pdf
1c55466623da4a34c37f235f0ddcffaf94c6d341,combined.pdf
6c4b767bf692b8e4621e5ea2bcb9cc9ac6c116b6,combined.pdf
58aa04e871d83f1028dc4fc10e356a7164e2a61f,combined.pdf
14369b53c4a7c06f3d133759851c9ffd4bfa2373,combined.pdf
ee7968c7c95f435ec40277420f3815a81d797eb6,PSRT.pdf
227dfb8a613fa87655147dda71844c9f0014ab19,combined.pdf
e7873994137db511cf51393c2879e79008b4d7ee,combined.pdf
0b0558ea7c2e7236d4ffc4b72b986a6db4b9ffbe,combined.pdf
070d3388a92b9591717d7031515e0150697f244e,combined.pdf
3835271cff26a77d30abc47b9afda94f4a8197c5,combined.pdf
ec21ec71a74612c857a798ec8cab5abdd4ecc0f3,combined.pdf
a6b469a02d54b5189718f47c7d8c13e893203d31,combined.pdf
c204b2ec53d770c63aaeea684875fb2b1bc6129c,combined.pdf
d844d73622ca1bc03687aef62de147feb5911096,combined.pdf
27a39b501cc883ea8f68628da44027d0c21c5473,combined.pdf
80915dd6d0248588abefe5c1dbf828cbe99983c4,combined.pdf
1259cddfe40f66ff826329c188665b5c4575af3e,combined.pdf
f2bae425fc5a23d4fadeda2402e25becb7f5bf8b,combined.pdf
8cb6c260f24cd5054cdfb5a8a5030e632e6bf3d3,combined.pdf
c43c09ee4da90bd1d41b809f2267f72d34a8c79a,combined.pdf
c59b1fc6d9664778d0abb27983838e233464e17c,combined.pdf
6d2a754a8c65063bf64647ef2da0d938a81988ac,combined.pdf
81772de2251d597fb3bfe9f86fbcc7b0716b341d,combined.pdf
c3a9d42d3ce4bd51108e68e31f31308f93017a8c,combined.pdf
ef7030a4a6a7f5a8839d2a0c4664073ecf04a8a2,combined.pdf
5c83b52c4f4c5699ce0522bb81d3b72243a09d5f,combined.pdf
0303297b409fc1c2c309e3aafb112cf279fabfe4,combined.pdf
b935753c94208c207b41eb052d46054ddf6118e1,combined.pdf
754f07fe04f65a8e3569b1d9eba62063161bd3a5,combined.pdf
77e65341cc51ea1724793ddb1e965aa7f8b4617e,combined.pdf
b6a53e2c5740b14749020d3b6fb596f47942cb76,combined.pdf
b6042ac61893ebb7532222be50e7fa94dba85bc3,combined.pdf
90be32ab7464f3bc1b44e4a1a7b4450dad629627,combined.pdf
bf2ab4128da676aa41ab83e4f94031aed88b089f,combined.pdf
9fc4b44b6dfb2437a48281137643200fcfc9cdef,combined.pdf
3bc16a681cc4e2ddfce7bee311e714da9beb3b3f,combined.pdf
4e23b64f05b6f5aea840b3535ad13a057db234e0,combined.pdf
b09721dbbd098b1169bbd05d29cf2c66c9a8201d,combined.pdf
0095d8c1724af7b9bc5123183a04389b014478a3,combined.pdf
6dce18ad7cd5f6b5de1fec24264d7613b9121fd6,combined.pdf
58d1b16d2ba02110d5e1097cda836bbd22fd83f7,combined.pdf
b04e08cf4bb87231acdd82bba0ab71c4b5327ddb,combined.pdf
900c910c603c490da99fede33ca8472f62f64b5f,combined.pdf
8ca6d289afbdf9ec7132b6634adf3f77136b1b1b,combined.pdf
ab024611a407c2d7b30d0d5b9b8c06a0cc2df4c0,combined.pdf
f9acf3541108fdfc075096693d7b128e239fe401,combined.pdf
6bd4960207f43788ce0c8959d77f5386a7395245,combined.pdf
ac2a2f10472e921e9879d7abe627e20a94127ed6,combined.pdf
68fc625e8eb5476c3681862484e9cbe838d98339,combined.pdf
ef0662de6bbb485073ceb489f05b6fe1dbcb3f9e,combined.pdf
64d747f98d00904968d1a68acc157af74a4a0af0,combined.pdf
108c2bb617a2a1a592ab96c6937db4b69c689400,combined.pdf
918c8319f4dc9f4d85530a1541b9a61b4539510a,combined.pdf
b02010d890fa4588c621f271c5a609484ce68dfa,combined.pdf
4cdefbb829acbd106d0217fdeec3de53b4c48a74,combined.pdf
7562205fd5cd8edca0df6c63e021360c7beea3ce,combined.pdf
7675caa5ed976b82110f183580eb51a0ce459ff8,combined.pdf
49d9123ab404996dc17c511b23b9be35e601db2d,combined.pdf
cf33af16d8624801e4e43a36dabd698573c49ada,combined.pdf
815a259e9a0a18fab0a019871ad24fe1a3dcb488,combined.pdf
034b6af417d34e24587c074c984ef9c549f6e06f,combined.pdf
75f850f90c53a43c76490df82a40e8ed1a6e80b5,combined.pdf
6a63415f88cf7fc0a9e3aceba73441023cfbb2e1,combined.pdf
326b92f8d691726a0675f51c9c2059c306d9dd62,combined.pdf
23a5edc29d0fc3d21979bdc0db0d604ddde5e110,combined.pdf
f03472a132a35a98791c08e631987362bf6fc358,combined.pdf
7a464f37c087c20a0b22eaace6ab8777963db304,combined.pdf
9993fe74b6304aa833c4e2fb5b9f9006791eb7c5,combined.pdf
8ccf93a57cfcda99f9e9ce1711c92a47cdb02f88,combined.pdf
0e6f1701605a18b57e4dfbb8db2cd56f31ff81c6,combined.pdf
dcc199d9574eea0d8b10ecb0c659b44cd87ac3c7,combined.pdf
73284866ad0df428195458fd86af16782402541f,combined.pdf
1495ba4a49a9c30f6ef8cbb87da759d9d711f345,combined.pdf
98ae52dc14e2952b620ca054132df0220e3b7d8d,combined.pdf
f3bf9117b8365763c1d29cffd18c68b12f6f0fed,combined.pdf
be5e6d7d990445b90b20fab0b2bd9da19947f46f,combined.pdf
18bfd41c04e4dcaf57c5639a457f071e456923ab,combined.pdf
ce369f93190dfa6686345483192c8686f5df41f1,combined.pdf
505b90b52b3cf28aeb2acee3fd57dfc0a4ed7cd4,combined.pdf
711a40a8356ab1e546ac3ca105ecd9d83a232a65,combined.pdf
72f521d659f056519a5c9c43f85dd35a8bdb701a,combined.pdf
4cacc8a5305d833b55a5fef5605c0e544a42bfbc,combined.pdf
d5d65c734b996a6159fefe4781a36847304f0cbe,combined.pdf
81fcd600478b79522148b11bacc7bcfac524dbdf,combined.pdf
6d30fbe98dd2831af1a74f716c59030d7e4dd820,combined.pdf
6a52a08bff028dc89e50774ef14ed8dcb54cba99,combined.pdf
57b5dea7e70617b673b4166813ae5e7c235b7dc0,combined.pdf
985afc1d667ea760b1e753d4a75e2c67e83ccc75,combined.pdf
6480d34eb944c0b401523ab5173d35dfee51f8ba,combined.pdf
d83c9d35e2374cd1ac30a5bbbadbcf85836ce95e,combined.pdf
78baf8f37871ea39a27f22f3fea4600e4216dd3e,combined.pdf
f8c4fc477a2872404db4f075e495db0cb681516b,combined.pdf
acab4bae7fb6837f937261efc3952ba5d78ede9e,combined.pdf
3c683daaaacaef3cdec1f9479ecc4b97258bd3ca,combined.pdf
193e9306eca312bdf3faba6851f355830d15a4ad,combined.pdf
8f4e7e03eeeb3e7251afd89a976a551b8184ec72,combined.pdf
4b6d7bc9f08c65a3108966222f681e078f7740c5,combined.pdf
5cf9ef8ec1fa21955a3a8c72bae7e258cf6ebe68,combined.pdf
3784c991c94cf47d387fdff57891ad06aeabace0,combined.pdf
6cda5856b8e6b819e7039d666ace229e11ae9e9b,combined.pdf
c6988d976e650fafbad4bd9ddc507e1bb94bf6d8,combined.pdf
8805b0faffe1127e94d9c21be0113dc02bb32836,combined.pdf
32c8bc36a59d210fbe8b9b1fa990fd11232d6275,combined.pdf
0266f8b978129239c41f112040d792b7a5d912bb,combined.pdf
91302b81fbadaa7e5b20ff1b0b1cfe34e5100c54,combined.pdf
198b1a077553717374ec9a7ab3e26b384c6fcd0b,combined.pdf
7bc0b9c3a166dcf4b438778f2ede252446e37e1c,combined.pdf
136eb332f67fb204944ad5dbfe77c6bce523cecd,combined.pdf
ccbdfef0f2800c3030480edb4ce10ebb2b0d22eb,combined.pdf
0f01c8cd978f2a4701c4a1e58c07bcb63ebfaf80,combined.pdf
df199b4e01fec9bead5e97263d593fb75c5683a7,combined.pdf
5a5e4f22485f63e9bde3f58980af6894c5266fd7,combined.pdf
6b35d891b7bb15cd0d54c933da403665601a023c,combined.pdf
fe1fc6ec257bf306dfb8f03148f505c8f2e667c6,combined.pdf
a4709473309f95c0d5cb68bdd90057e042a38cce,combined.pdf
98cce198fcbb056d82f455dc18e14f9933fb5d9c,combined.pdf
0e0347aacf3f6d6810102de3226436e8135efa0f,combined.pdf
c5e34d2a3edd1b2c4cae743d8882aad3e50af846,combined.pdf
bf8a240086653a0159ec7fca60d66e34ea1728f8,combined.pdf
e4b129256759cd53567853c2f2de88e2cd7f870e,combined.pdf
f3f4e5a2a68b4f93191d9c09d1d368f00126c5cd,combined.pdf
4585b602b2ed8fdb7ce5e5427e869f05fa2b5bd0,combined.pdf
9d5f0f480a16353803a58ca9935e86205e03d860,combined.pdf
916de876ab09c2d6b1cc749ef747fa8bdc2fce66,combined.pdf
17d1f854053e233274d6107fc355b5283b73f0d5,combined.pdf
378a19714c900665d294132eead4681a87be6065,combined.pdf
0279d28091502384fb2cf7863bd1959bdf8d1896,combined.pdf
8e912cafb0f619d224ae6564696bbd89d7af2796,combined.pdf
4903a3758957107b988bba6b5f9eeca64926c31e,combined.pdf
5c634f092e6911e64f5d29ea9ad5847a886a9d9e,combined.pdf
d6ca4893aa58db1f6d067417b287eb7e1c1270d0,combined.pdf
54ba3343a8168cc7ce1870b37df1b5ba48bf6958,combined.pdf
844e1eb4050de210b1f75f226e9abaaaefd1db24,combined.pdf
d36dbc78cdc7c40f89c50ab7d5b362359bf68336,combined.pdf
ec07b012001e68081503a1b2c4510a5ac2c02f91,combined.pdf
e854eb2fecb23581df7111b94388d101bbd2b348,combined.pdf
d2730ac83ef9238ec5914eddc7cd314ec98c5ad3,combined.pdf
4925bb61589e992c51c545a92c84002c11c9889b,combined.pdf
293a57a47641e7a6d2f1936929a4b8d3fceb193a,combined.pdf
1399cf4153663b3c4320320b29a2d2cca9be6dc4,combined.pdf
b0268e33d834c944aa04e867eb8fa2ba6a66d535,combined.pdf
83660e63ee010d88451d23ee0e2db74d5b7eacfe,combined.pdf
fe20346b64a391bcf94c9d280130e09e0a36ce56,combined.pdf
6b168d9d99f73f41623333e73c960187cad29d76,combined.pdf
64431e984e138b61f98a0ad64cd220f63d85dfb8,combined.pdf
3d5ec4cd28cda9f95849df91a16b44a5e7ccaa28,combined.pdf
4552102658883972d7d061e31c1b6eb1e83cbedd,combined.pdf
e2ba3b78e2afc299a9741f0e6c280083ab0d980a,combined.pdf
865ea2da25d0d82887945aa4e347e2352497b81a,combined.pdf
5512516399deba4363d5d63a4e69de21e8a08942,combined.pdf
fcc73feafcdc6e85fc6cd741827b8a8c327987c7,combined.pdf
4388c669fc6734fc20829246629f91473882a361,combined.pdf
a209b0acc403b41378b7bced88bc8506ea0bc698,combined.pdf
52a01e1bb2fd3ecf7b3ac1c06540bd1be73d143b,combined.pdf
18dee7650dfc211f7af77a2e63e2801b16f3cb3f,combined.pdf
76de1b68f21f936ea9caad99879cf83f7618de64,combined.pdf
9fa25fffd6e56d3da1cc1f9c17c5b5563d48ae59,combined.pdf
44410800602b98ae10bab3ece549c2f69f3eae55,combined.pdf
e5dcbc52fe6f3f5758d66a4ecb833b2ab73f977f,combined.pdf
f0cd60c96252536782e56ec439c685666f26815d,combined.pdf
edf89f84644c904707237cf13d60485beb084f57,combined.pdf
d1e248492f24d9159320ab3a856c55651b809a21,combined.pdf
b25ab062f393ad3d381623568b51a53d39165703,combined.pdf
5a17821e3f408cfb12146394c0caf8b22bda1c5d,combined.pdf
82a30e5e6e5880d99718098e189eae6dad15d73f,combined.pdf
ede246fd4a715f6f1bac702444913f821d87fda2,combined.pdf
2dd7221a18731a353df3bd9eeadfeac8dd4cffb9,combined.pdf
b9c27cbf88c2cfc60358e10ac68e6c03a26a2a1e,combined.pdf
7118fc5e2201ea4e0cff14a060a86666609b446c,combined.pdf
a7b5e35dcfc1a515ce1c492a1846caf0930a3dff,combined.pdf
11ef19614d21aeefac83a1ad8d66dbef2ae08c97,combined.pdf
b3a9c7ac2fe44f42dbb863c75ab50ce8e13330d0,combined.pdf
0b7ae066a06478274d1a472115ebfd7d590c9f39,combined.pdf
ef7efd0fda56c936e64289cf0fcc22c822b72636,combined.pdf
9170c6bcb1f09da88ef982475d569fc016439a89,combined.pdf
c265ea072be56ce06ab0bae18529a66bdfcb695c,combined.pdf
05c30f11c7054c4e1850856f5507b4d84c84fb99,combined.pdf
9547fa812a9c9ec635788c9783115bcb2c827594,combined.pdf
76c5de47a1c4022e381d111431f2dca8d754a44c,combined.pdf
88554ccb2d7bacd6c0799117bc0214d558f1ddd2,combined.pdf
469d22893d74a1a055216d3d2e52d25dab49a53e,combined.pdf
9bfa3bf749bc3f8e103b6e6f845ea4784e7b4d4d,combined.pdf
08282a6cd76f88dd774f198cbe08c0c39d171fc9,combined.pdf
7d3b3cf3f969fe25e8e11429e25eb4fd84697a63,combined.pdf
19af635217d7b48045b05dce1191c9c4156656f5,combined.pdf
4297f1d240d58ebae014124f7457b4eb2c71dd5d,combined.pdf
6a2632785ab32b76a7343e14e80c8e1c35c115d9,combined.pdf
6687a27c41f05d08d7dfe5c7a732f1a19aedc6bf,combined.pdf
19dab5cd7371b54b6bd9faa135793c68eaece039,combined.pdf
26737ad14ba78454e96a2d40dd6302e1f286d44c,combined.pdf
b283f3a41bf161f63f2c563b20f7b2cbeacc02da,combined.pdf
85daa2ca560c3f3d37589a1de09e66ccdbb9977b,combined.pdf
c1ff1cdce78b7efc807cb4cf33a6a3939467c717,combined.pdf
55f0c5c2e03b59d2bff4fdab6d92535c11e202b1,combined.pdf
f5b493b3d96a80577a4ff031167ab0f31a31c7f8,combined.pdf
d61098fd6b3cf172a2636a64affe109cb58f9c99,combined.pdf
4b22ef2433bc1e6b6e25dcfcf8fb80700c3305af,combined.pdf
e33c2a8e08314ec3b4394ad23d60fbc43607b15b,combined.pdf
a5f14e015cf3a3cb7f38b03c580ff70ce33483ad,combined.pdf
a1cd715051e28a5acccfbb2ecc35b54ee8c7985e,combined.pdf
e1a9c608892b6dc43ecb2ca7571e6c7a78b00702,combined.pdf
26f87d04a0c358707204609b1c29313d2dc5227e,combined.pdf
264aa46df0802b0c254670f7f007cd2bc8ee4f3b,combined.pdf
69a647e72677d132508de77c7046a1b4aa63f133,combined.pdf
c0c44f976807edca9981e7380da54b1862738f0e,combined.pdf
fdd15e0098b7c4e1ed2b364a19d91c1c9efea210,combined.pdf
827a58a6c68cbe76c54bf6d660ae516c55e89597,combined.pdf
0be5e17dff186bd4397fea78d023bddac6a9d9d9,combined.pdf
7daf16b139c3acb18542fd9a1f19f51a4e0a0b6c,combined.pdf
bc46ce9331d1772d0880969d966d67728435de9a,combined.pdf
3701774a1881c94d7f4b155dca34e60211b83357,combined.pdf
31ed0e38ca029124caf8766f9cb2f357cc381c1e,combined.pdf
8e7a702021def64bfebccefedd06fb00fcfc49b5,combined.pdf
e62c24eff419b74583b2067345fadaaf93d6d681,combined.pdf
195d967814f88edd1bcccd99b9fc0f298a1ec593,combined.pdf
e760f5cd42654d57f6c843cb9b5df53f816493d4,combined.pdf
96d00768ed23b1d900e152a98e66fb6f528ec73b,combined.pdf
1ea4f5cd04704a50a4e6e6e4f959842bc359a17d,combined.pdf
749d04a20914fd9284a3650445c2fbf17e606a02,combined.pdf
4a863683a08cf0d3b9679055d6c010dee6308ece,combined.pdf
30ec1e8f1a62d63269ab28560e9e2f448997738e,combined.pdf
d8249b1c9c70bf766ca7e1844e7bc3cbec53f22d,combined.pdf
3a1e2945c8cc180c6d2952ecccec3daa23ca921c,combined.pdf
901d57a2fe781e4b0d189106c3066ff9b6540c84,combined.pdf
784d987bc6f0842796c59ce20afcee7a117eb8b3,combined.pdf
b6edbbd5d43e8804ac91a1207c2036664c0ccdc4,combined.pdf
bc7bec912945d83e4f449ba2bde88056b9aed9c6,combined.pdf
b145277d17103e99127bf025dfd90271f9feeed9,combined.pdf
429fc23419ca909750824bc97154d7bdb9a84457,combined.pdf
d8c4068b78b5e7e88d30b324c9cac8eb6062bdd5,combined.pdf
b1fe71dc84faf62bcb379735d17c4c11e64521db,combined.pdf
28f7880d988e523e3a9e7efcc8744159586d9991,combined.pdf
2aebddecbf456e6b7bdb63e188fc533ffd0ee93f,combined.pdf
4f1b629502409d9178969ad35b79a287edf4c916,combined.pdf
dffd7e0ddeff5a086d75b0cf5ad4cef66959138d,combined.pdf
4f55a9138b47b521b0b3c32c01d9107fc5313bf2,combined.pdf
28d4cfb42ab8681a16156260a457b7f172970417,combined.pdf
bfaaddf8e63991442f3359ee17132c3397f65bf2,combined.pdf
0a2109514eb2c61e9b1ce352da6e1b993fd63dc5,combined.pdf
0678736553096c1d5044dbca5b0cde740940e97d,combined.pdf
64a6ba96660d530ad047196fe7b3b4cdad5e6421,combined.pdf
b3a3f2ae26fb7b5d7b99c0dab02fb6016b03fb00,combined.pdf
83ba891dfb0fa3df57856ae0901b61c92cc13147,combined.pdf
3d736ae395eb1e5f3e29e12ba06fc4374399f48e,combined.pdf
42e7e04cf4aa06509a57a2a49e67d04e7fa6cd6e,combined.pdf
a8040f6d3d64c481e2008f91232d0c0978dac925,combined.pdf
2c9c1f04558f9a60d86d4ee6dfca90271ba061d6,combined.pdf
c37247913a0961ef40d459466876a169f3004ab4,combined.pdf
712a3781ef4af02a525e5c13743d2a7382569019,combined.pdf
d563037ac1d90c6d9bff56fa09b9412ca4d990d8,combined.pdf
6eaaf6be7e26bbdc7ad64649ec21297e21bd2bf6,combined.pdf
831e4e8864e1b83b2a508d6bd7b52e432d13926f,combined.pdf
2be639db516490480e0a87d53346f8d60b240d70,combined.pdf
265e1096a1d69ddc1144b0ae3c18062ca0241f63,combined.pdf
9a2200416be6a60231b1d9d0b9547b90d25bfa46,combined.pdf
2a2023d6f4fd7b65a2f13d4f1994a85de2a05133,combined.pdf
25ea74ac4295c7670f455379168edb2cd72e0846,combined.pdf
6428233472544b0bbc6bb332685a3290276fe9d1,combined.pdf
fb666fa52f5891308dfbbb935d29ea8a49a57060,combined.pdf
645399f1623b195ab7d74ee1b4dd320e02c5c51d,combined.pdf
198f58bdbb284fe97fe2a96213322afe8c36a325,combined.pdf
3362098425f05fa8c46f91d19c2f1edf2a0d82ae,combined.pdf
c7d8003b36112284faafdbff5ada07bff8530110,combined.pdf
2eca4f04646d8a0cd5bf05cc7793e067c4d89555,combined.pdf
f78b3f73ee0496031b300e028f815cb96e3484ce,combined.pdf
e488ef12e1d55bcaf74959f0658ef19af1131c94,combined.pdf
62bc13bdb89b5f16ebdcf2aa1039906ed5d2956a,combined.pdf
a0c5bdf291d480ebc460bca63acc3cad19b0b851,combined.pdf
746ebdf74bad33d48770c21cb11276382f8460ab,combined.pdf
80e0d447d5413c69afc23816911ed8912c82769c,combined.pdf
1425e5412edcfcb64302f5a3981f5247239c1712,combined.pdf
ac18999d74a148f0bbb2a2e8c4870c5a58e35e0d,combined.pdf
d7fd86d6b4949f183ed8e2421b5e2e8b2470dd90,combined.pdf
1580d86d10a9010cb7cef1f8793d62a4d24a0496,combined.pdf
e0becf337a3fc5f8302397f0e177941a1e961442,combined.pdf
aa44c6ba22a07fb9a14e437f8034f6208961c1f3,combined.pdf
fbcd46ca4f977cddbeaad543d6cac527baa0a83e,combined.pdf
3a3e94bcfe8bfd453bdea74082d48e5ed4d70d9c,combined.pdf
b4b7f8884213be6095498b6ef753de8f858e03d5,combined.pdf
751b90c56fbb4ebfc988474fc486826cf02b07f5,combined.pdf
a36af537b1927430c726fa40b7ce4c77e72c4afa,combined.pdf
6e3dac6cc17efa2e83a7859e4b1a0728611314d1,combined.pdf
a30cfd3507c861000fdd4eb9683fa70375f7f7bf,combined.pdf
1f9f332f1085690dd7da68323c9c750b423d0803,combined.pdf
981d6a3fad62ba5db9bc51b01a78c329eb5c2c53,combined.pdf
2166174466367169018f71eb030d039a7f9103bc,combined.pdf
3d3a3c27f1fd9967cf92ddf84c61481eb21fe5fb,combined.pdf
d9e2888041359c2c9c6953429adb4749c45d3b5a,combined.pdf
c689842fa97378cb617d1e109d030961b764176b,combined.pdf
d653aa9844a3e73d8a087f13b31018e7f5324e06,combined.pdf
7872eef7acfb291d62e1106ade786cfe29dc9164,combined.pdf
5e9946316f1bfd3134c632f53417efc6387b74ac,combined.pdf
2f45b73825e4475c646d284629f40678e3fb6a1b,combined.pdf
e18c8a35d37d6e5e6f5274abe15f95e0e0ce3d0e,combined.pdf
dd4ac0b3ee8b6cc504a4305003d9dc87fcfbf656,combined.pdf
535b9c6128005147a1202d57dc0a503b0a4da527,combined.pdf
8399bfe00d5a9b7450cbde2f91ed35f2547f189a,combined.pdf
be69d69b4b0f74d0be99b92b7e9c209e10c37e20,combined.pdf
c1d61f9a7bb433bb77507558e2cf205738799670,combined.pdf
2112d20d81a0c5077c33f80bd9bd996813db597c,combined.pdf
a00ab6c3207ec2f32e4bef62ac763208ca6583ab,combined.pdf
d29afd35892356180a9de6c8c2bbd7d325eaebd1,combined.pdf
49262059eec4624931a1a938c6147753b581ae60,combined.pdf
f569e8128020cd3e7c55d772f296c0517c81485e,combined.pdf
2495404ded89438cc13d86a98fc9d2f00b882f0d,combined.pdf
23bb1c6138881e40903cda23e66483ce62d60fd5,combined.pdf
07bfb87bb5b34694645848f40d3419fc3d03008f,combined.pdf
ca5e80b4c94185d21d975dea2906a708482132fc,combined.pdf
71578071fc2d771448d411f2441830c147aba6d4,combined.pdf
efa185016bedd97d3e59c827b7d89611e300f764,combined.pdf
03047a0326348dbebc406a7c36e17abdab8ba74e,combined.pdf
cbd46580e8aba9996582a5d9d1bd2b15ac2d5b20,combined.pdf
a8ed59dd5a4af997dcf738a4fd09521d37e76342,combined.pdf
faa0c0da29933f7749e21cdfff07e4474f348c88,combined.pdf
6a4c9793794e539488417a36c2675f17a36b12bd,combined.pdf
cb4d479c412da6a717614228128241658b9ee8d4,combined.pdf
80f7f032fefff13120c48b1de6232c38c7a43205,combined.pdf
063be4e1330cbd920a7919a3d57c7f312e45a8a4,combined.pdf
4c7328bc74b109eb19efe378d71171e12ac0802f,combined.pdf
a0939f2d47ec9e63f797f8d7b210f3f6b84d531e,combined.pdf
235b31af322b96393c491c5a118f268f3219c22b,combined.pdf
68f949ef4b654d323fd9cab84f3bf58471e8a95e,combined.pdf
5defdab4d5d8de2aeab726629d24d8b3b79c0665,combined.pdf
4cb6721a3b7c030f96e519e5f19ff818a856aadc,combined.pdf
9a7e88ae8a4a9abdf78abf57919d1a18dbd2aa25,Test and adjust the brake system air pressure.pdf
6c78d81e288eedc9895968ce362347fe2391a7d6,combined.pdf
cec9ceed3e6f77428a6d3e270efa1e610b019512,combined.pdf
588bfd66dc50d296cbe662a3de904ea1cdd7b281,Kokkiligadda Srinivasarao_193687_0.pdf
df14ce4afece712f1361c39502ddb2f4df2b5535,combined.pdf
b47483fa841ddfc367c89e41452bdca3ad6d1293,combined.pdf
37177aa9aa2635e600d8ba4f6e70dfbf817fe0af,50002333.03.pdf
6b7003bc7d78809764d63e759a386820adaf3cf1,combined.pdf
89355b0d352e2b4179f002ea8233c1a00a815ce8,combined.pdf
45525162eff2c779d022976124e0f0bc2e45197c,combined.pdf
1b078c9b4df73ee9fabfe408bf441cfe5ff2d3ad,combined.pdf
1a064d696f8431c3599b4f5b3572e2803cd8a7b8,combined.pdf
d79f0a4cd01ac0ccb7c2f1ba9b74051f54a12fd2,combined.pdf
2bce8c87397262ab7bc994078c854a99bd6bc17b,Ashish Kumar Shah_366084_0.pdf
88f770ae94dd130504a5ded9876d81f8098c06b4,combined.pdf
961df1ddf8982b0a9979621d43694bcc32c87002,Patel Quarry.pdf
445ff42b6b85aeb019a9c6cdd03e804406e9fb4d,combined.pdf
f84089a9ea3bb672337e22bad4719eb8c1bed0d2,combined.pdf
1ab81a7c1c9e180740802c9cc33b39cfdf7d010b,combined.pdf
11036df27353588709710d921b6febdcbb12216b,combined.pdf
fcdc84bda4bcac298d148b136e1b2d10fe746eef,combined.pdf
ab87c2461c04627d862d6c2242ae72bb21387101,combined.pdf
aa90eded90b79093ce8dabd8d9950043706aff53,combined.pdf
661373fc60295a3f08b7dae2bab8488da7e27711,combined.pdf
2d0df1e18dbb59fd9a21ce6e20c727ec1bf83801,50002333WO1Test and adjust the brake system air pressures.pdf
7e664fa3259aff3a87873b05cd14b57ae3d31ef4,combined.pdf
a1e677ce4572d12438faef52c882a05973f29c96,50002333.pdf
4326fe20b1bb7c7fb4f64e22fbb0d398ef4bcb8c,combined.pdf
d6ffaafdc377c99411d4228a707e2432f1cafa0c,combined.pdf
c56df9dc31b27414226d3ac19cb93bb8218b204c,50002333WO1.pdf
e181e1296b03c296d50b6e439a2e2f1e6bc2a272,SP02982.pdf
67a7057ecd732353a843411ea08a2f8b0a21b4d2,combined.pdf
9f53af52a2179c9f8dfe1f4a36020db150053975,combined.pdf
0a3d0e34ddb8e0d8af8a3e9741cba2b4f0c19fd2,combined.pdf
bf7ff1fb123e320a40b901331d14c494e04ece6d,combined.pdf
63027d820c7555d7840461ee0ea48ee5ed7633b9,combined.pdf
6116da575602164b1b3738d1d65158791c263b93,brake system pressure1.pdf
983e59d0ac8b263a05aba2f1034d532ab35dbce9,combined.pdf
45da8259b5c65c1384b99336ad15c3b439913dec,combined.pdf
f936f882a52a0f4a9fee67f315310f80eb543087,combined.pdf
b6e55017af313988941c8b2ca476abb668bc90a9,combined.pdf
e7aea1f9847596a861c860bac33a9198c599121a,combined.pdf
f4505fccaac36b9bc59c3f81a2a984f76ad1a84e,combined.pdf
5f0acb9f68ab24b92231e5e2f61b2c2b7e944d30,Test and ADJUST the Brake System air Pressure..pdf
379434cef33f53c31dc36734cfd9b7e7c4b3a33e,combined.pdf
f4fdccfc5a9d3cf9b0c39d6924fbd4b16c967446,combined.pdf
f98ce362aa172774b2cd4907c1b2ba2f316e81fa,combined.pdf
bdab9cec7e79ea0c50e4de8a9f404e0555bb3112,combined.pdf
5e36faf633e039b71405d39d280a63cd982150b3,combined.pdf
ec116b817a17ec37bb7134a32cedb9389808811c,combined.pdf
7d57a8221b28d89158837b1924eb777c2f3205ec,combined.pdf
5907f33a8ec045c7eac53e02404d2b97509f2b4e,combined.pdf
08672b529b8461bae625c95fadb801e1d241a0f8,combined.pdf
9f9ddfcad5c5b557528ae2f932cc92271b391ee0,combined.pdf
ee0ee14de33daa21576795ba6927312fda4eafff,combined.pdf
52ad4306a8bc659a02ee4b9bd82ca6a207e413d7,combined.pdf
cba8083c9b4d52d5fcc12e4c528c5201c66a21a7,combined.pdf
70d1efdfb60e1e5b1b779f8a7beaaa8e4891f3f8,combined.pdf
81c08893ebefe66dc3d6fe6da2032da395a696b8,combined.pdf
d9ce35e589d4b3b937020a9f95210bad37d7506f,combined.pdf
e950090768ab5ca7daefb598e50c53d6ff21792b,combined.pdf
5edfb855cda37bdfa03dedf4ed20da42e0ae2603,Test and adjust the brake system air pressure.pdf
76723acd14e8cdc2c2c10790b6da38ce9fef499b,combined.pdf
31d170891156f3dabeb8447b47c683110bad1a1b,combined.pdf
3dac15a2533b0dfa8b9dc51968a3825ab54c37dd,combined.pdf
1675d99f7a75fab361c0017e29cc81713bb744e8,combined.pdf
587b8e3212aba6f6c03d10387d94e194c44ae118,combined.pdf
49e2b754899d7ed319621301ac7bdb77bbfa2a14,50002333.02.pdf
308fa0cba5f0acb41e9761a7bc56523c90cab061,combined.pdf
4a9c721bcec04273592133c152ada0f670e15676,combined.pdf
8aac579e5fa276c48c19dcc87d9995f5a70ec662,combined.pdf
5bce0cc51e3706e03b6cb34ab2d42f59d831764c,combined.pdf
31df8ff3055de1ccc6a339d9e8cef82e783fab43,Desai Infra.pdf
4832cf199387bee1095d688a5fceab35fc1286a5,50002333WO2 Test and adjust the brake system air pressures.pdf
75e3ba84f41a9942fb8474923015076d7fc3334f,50002333.pdf
9173677e33c76998054661b076ef641fd992fd5e,combined.pdf
72d65d07e2911f43c01697e324b00563559adfaa,combined.pdf
8fa884056ef118c57354d29f34cfb4ca48e0d8b7,combined.pdf
82737706806d18ba2da6aa971da296d613324a33,brake system pressure2.pdf
2f05e340d2c2d4c7aa79d027c9d60360f42d794a,combined.pdf
e2b7afe1809d7faaa4bce3c56a60ae92f44eb4f6,combined.pdf
373620e8bd75601a78d6959291ead42dd5a3a462,combined.pdf
1658617f66ac8ab96c812d8226d2fef31b0ca853,combined.pdf
9a35294cc170838d05fc02a51b90767866402c01,combined.pdf
829b41a54ab3a97672672c4b3212e9460a11ed11,combined.pdf
0b8952ceac2ac760007fae44cf3952d153a38635,combined.pdf
8e68ede69e433a41ce66a22a307d6de0f9b3d8f3,combined.pdf
b98bd16c12b0b5d5ef24b2bfc7876d9d368823f3,combined.pdf
2983da5e9abc744bc332d111a4c976bc2ad389bf,combined.pdf
40ee830d056ffb555959361ab012a852bffb7c32,combined.pdf
77d1e7cb9bed640564f0e6090afbd93ef860f699,combined.pdf
8705cdb0029f8e5edc1d5e952314c757dc433dd6,combined.pdf
b5e827bccd29c3c6bd9c8788ccadba85aef96426,combined.pdf
13e448527a94ecf0920202afbe9c650feb467589,combined.pdf
dc09dc332d746bc093b4d3e222e93d9c0ceebc1d,combined.pdf
4b02b4b08211c3abf0a44e820aeb31559a801952,Test and adjust the brake system air pressure.pdf
f9a2347b4fb7e068c9484f7ffdaff8d96b8a6e78,combined.pdf
300bd51bd759fa8d8946a54f14e9fe000ba5a338,combined.pdf
e8397f2c3abaf3c6c1f090250bfa754caeaac4a4,combined.pdf
c368aa88d25cf2efcef43b8cdf4557fbe372cccf,combined.pdf
1d5c8c8dc69d036184cb9b3ba76daca9443e7019,combined.pdf
a6cd97355f208b16e598e9bd8c67ca222928dc11,combined.pdf
05e7e553ef327ca562fc54a2242aca64896a8e70,combined.pdf
54a6be86de642b66f6ee95826541d897e65e5e3f,L2Z06362.pdf
3e40db47dac2759eae044d9de362af0002ded9b0,combined.pdf
e700dc9f9ca0b31f5fd4be3d05408d575ea17a7c,SP05838.pdf
eb348fb7ba32c520df284ea65a0d2967f10dd9a0,50002333.pdf
5bac43a5c4bb1255baf180ba8570b381a75e74d9,combined.pdf
609c3972a3e3a34f6783e5bc5e1a9319d4cc2c8f,combined.pdf
93616d93f1a981d13a6707f09f58992e1db040cd,brake system pressure3.pdf
1148f26f384d7217cdc189d82a4e001823e67ffb,combined.pdf
6ac3b016f048750578b7b596e738d3e8dc222fe1,combined.pdf
384990ff7f3ff9e86c8a97ee8b7dd39c9e07540c,combined.pdf
ee5857f2f85c812f9a1862af6725a9a701c24e1c,combined.pdf
ee624f746cd670c59c8eb97c02149ae2b291668b,combined.pdf
ae6f903657eac464154af3cc1b59f0bb19d0ac00,combined.pdf
69bbbf031622b9daa886f708525965659e54961c,combined.pdf
f89f2bbeb0f232a1eaacc8b97ac5866ffc0e2464,combined.pdf
0f5940297bfa3bed17007e72b750178d8baee8c5,combined.pdf
5d6cf62284f153db5516163778ca3d467b962814,combined.pdf
b15c4bbadc38f079efb40c4a7b55b068babe67c2,combined.pdf
08582b75428c7391956583a91be83f2d85058cb2,combined.pdf
acd18d43c38802a0c5b40151648939123f1bba38,combined.pdf
83d5c51c28d556285e72f40810633e378d22eae3,combined.pdf
26a28dede054faa8b90e5c985086e4e231b5b0e5,50002337.01.pdf
cfe9cefc61f60bd9f97d0c65c27b306f72f5db2b,combined.pdf
0dc6740cec2854850eef8735c732153105ff3e02,combined.pdf
c8eb10576997fda8f59e24bf4e52452aa02e545a,combined.pdf
f87fa0595eea8eacdcb05e8a13263d448bb9e35b,50002337WO1.pdf
0820134d9ec6be112d282ad836a62358a4a06f83,BRAKE.pdf
f2bd2490e3696acc88d179a053a624442d8b17d2,1.pdf
f8d4a4f1d3d491d5dec7d61c2d205cd3599aa12b,combined.pdf
db50bc412277c5dbb63dab5519fe7a449e0308a8,combined.pdf
d174548195287f24f629036dc6b00685ea665080,combined.pdf
44aebdb3d7a783889e604f43eddb985b6b02da52,combined.pdf
3973300576a9d3c4d0f10e54ed2a846497f8eadd,combined.pdf
553525f4dccb1fd5f0d56f9ec14677750dc16d94,combined.pdf
0e099b28da6058107d99450c9137af4978b88043,combined.pdf
95b037cf566812bb86c5a22bb4235511ed4d442a,combined.pdf
8bda4b628e21fdc762de6835e025e81bb0446c0d,combined.pdf
424ce1127663be2c31235df97967c8ccd6c0a2e4,50002337.02.pdf
b5ed490ace435faf07356e6692737b4323a8733e,combined.pdf
0e59a89968fd267903dd37bdb89b7be40f6d579c,combined.pdf
ef0bb9eae58cd9230af836326e118730c43117da,combined.pdf
839dd95d4fc11437b140ae7d3fb551b404287a99,SSS00590_Service Reeport.pdf
b6239e7a2caecff2da45b032e981b480a7bcf579,combined.pdf
9cd69f86afcd3210def648fa451c63d2d94b5541,brake weak.pdf
f036ad55e130977ff516ab61d41ae56a4c21a6e3,1(1).pdf
71e1f8dfe62918dc4177947b7ce9f7b6dca9d25c,combined.pdf
181d87ad99ebd7762531a0c8288f81e7e1f6411a,combined.pdf
04d42bd48e0d8008db00a72cee47b9683a1cdd7e,combined.pdf
2f51193e01cefee07fef55b16e2358110e52b9cf,combined.pdf
afedcc0979776def8b3a637c69bec0ccbd55b3b3,combined.pdf
8fea0110c5103459a87ab5ce12c756a380aea73d,50002337.03.pdf
46d906f8686ed90d9c9b116307ff8c0158377e1a,combined.pdf
872a5bb17467d87717f8683b7c3b46b1b054d0f1,Service Report 1st Failure (1).pdf
4b12773fd282ecbb5cc9b54c5749a368fc47e497,combined.pdf
6c332a2171e6cf09f40dbdd33ddf7ecb1e66fc9c,combined.pdf
1543c97924687a6a90f63d5743164d77dc82a4de,combined.pdf
ad895a5b4ce16df5bb1cfb9e10b3b05a521e75e1,combined.pdf
85b270a085226cb481120f3ca5ea64d9de4979ed,combined.pdf
3ad44a6b08af4b71490537c52fdf1fb6b0707d58,combined.pdf
2fe0e56c7ffdef5e9aba81d82f3c8d91435bb667,combined.pdf
ab32e1516611a79541f1acfdb09aaeec3be43aad,Purge air from the brake system.pdf
0ca2ba64eafe1a1880d458eb2b1bb75fb27f96d2,50002338.01.pdf
0de3192828c0eddf8002ccb3d4fdb4ba46f344a7,combined.pdf
c53ff66a4c83113a459745725a8190e00a8b49ca,combined.pdf
2459b6f974523cad3e75c7b4c6c0732bc9fd56b0,combined.pdf
330641435158c2ed4e36f34b13a15c6098822794,191009-000282-ILLA PAVANI-WARRANTY VISIT.pdf
ef802fd3a9dc63e2d78b44c84e124d889c4689a8,50002338WO1 Purge air from the brake system.pdf
59f77bb31706c80d8885bb3ea61c402bb4c18ece,50002338.pdf
94cd7de69914e07f4b10acc46fbdb6a9bfd55110,50002338WO1.pdf
707ae63a88aaf0663757050199e2fc1e9b4ce3b3,SP05882.pdf
a6986fc7ab00d1ea8cb0caec1ce1fd9798b48a18,combined.pdf
2ba114e61ef5771b29d5161ecb74e4f2de400d64,combined.pdf
2b45ea6cf3bf3087ea9910ac57999672e1c040da,combined.pdf
6a47c6c2d26ba66d263a3f4d521836b289170156,Purge Air from the Brake Syatem.pdf
131ad5cf602259dfd8a7a888040a169ed84c4bcf,Purge air from the brake system.pdf
a015da5f028f4f41e3a4d7fa10130fd3f49f3f2a,50002338.02.pdf
d72843addbf35b8178cfec761c3f38e8419da065,191003-000081-S JANAKI-WARRANTY.pdf
271f9da41eef7f9a6755a8772dd2e4b284647b6d,50002338WO2 Purge air from the brake system.pdf
0721337889fbc7c1088154707daeb469e3481e7d,500002338-1.pdf
82bbb4870d51cc3985a991f04e18892b8def8e7f,SP05883.pdf
9dc971358e0b86a3a59edbc48bf89fac3f0ceaa1,combined.pdf
c066a148427a1df9988aa557eafc8d5254f17424,combined.pdf
c4be5edccecde9deac4cd893c9890664734d65b8,combined.pdf
ea22af93d1ac3705639ec20242a1dbae27b36b23,combined.pdf
f2bee14432c83636c6b4de0197d22195e254ffa2,combined.pdf
1d2e8113d028305ca600e149c8d6d0c1bf65a05b,combined.pdf
0a1e4f173025d4e4922d95e940f421547f475323,combined.pdf
16a54f6f9bc19b1205385a877c872d494961ded4,combined.pdf
e8f43d4979fd655ae3452623f364efd96ba13480,50002338.03.pdf
e8132027bbcf998d5e04af2a1681bf9c9a4f4973,combined.pdf
2e10e231c38901876b99f68289a85e8c1d864673,190920-000066-khaduru venkateswaramm-warranty visit.pdf
ffceebb4cfc5a3da28e24d2e3faf02966bd62d69,sp05415.pdf
1d3fb7dea8829f258cd258d401bb92f6903254d6,50002338.pdf
2a307aad3f909d973fd3ea53b8f0026a11119b61,combined.pdf
e17941028eae5e4f5eefdca6c13b68a855862f6a,SP05884.pdf
9478c5668219d36995d927f9f0611d8ddcc50d1b,combined.pdf
159ef04c70b1b9d3a821557a1a150810f52760ba,combined.pdf
b2a5a86bce84f1d816d31a973b3736d6f7f4b009,combined.pdf
c0fac49534331a2cda2538cf9d150e3bfed07040,combined.pdf
c93c18d7077236105e2a2d3860e83cb3559cebeb,combined.pdf
4540bcb60f6b703ba3905b5d497fb8661096ec38,combined.pdf
5a25da5288ed4a66f5035b24e3365fed95074a01,50002413
63663320b6352c4a538ec5b4b3dd84a2f56dbfef,combined.pdf
2f3d53d4517c2ac0417331b038e127a6633eddf0,VKP-2.pdf
9d79c962d9b52622da4e306defadf4e26ed4538d,combined.pdf
c216f45ee952fe2e496f510aaf6ea9e7d163ba73,MAROTI-02.pdf
3ead6efa0ad4cde7a7e5774c2c2aaf05f7915ab8,50002413.pdf
41afb018146aabcf26dc8f599ff328efada932ea,combined.pdf
b2145810ef41d2ba458c7ada55c0be0caaca2833,combined.pdf
7d81bca049cad58b73ab13caa81eb4dd0843f886,combined.pdf
bf22cda80cc84d227dd9503c454b308727702ad9,combined.pdf
e90a9529c08dc5bc0706118b71405804ebb59698,combined.pdf
48968e0600bd8cdb7a53c0f353c2888d01ff0352,combined.pdf
7b2abc2d6e69ba5f9c320566bdd0e8c38ae0786b,combined.pdf
c1246af9920e33c1dc61e5d7ee6f57e4bc4056be,combined.pdf
97d045a23f4017de9e83d5235d89d5e43c34b486,50002413.pdf
25fe09362f3a2bae39f07976487dfbe5e451c9ed,combined.pdf
0ccaa8f616fa45a245d7ccbeb2f778259fb9ff4a,SKILL NO 50002413 TURBO INSPECTION.pdf
ebabc63d305f0d71fbdd337357a98ae131360d9b,combined.pdf
75314a4e2b823ebf9f8a901c16239e2e3f2a32f8,combined.pdf
1e0d778587ff51947a11d770eee6c9dd78775bdd,combined.pdf
96174f79ca054732f32df16f683fd01e9a2cf8c6,combined.pdf
f41f99cf10409327a8623db87bd7a376d37cd551,combined.pdf
03bda35a7e33c7fc8d6c824c3145cd5a29a2e2a3,combined.pdf
22779f8b4c9d34d23ddee5a4c0b90f293dac25fe,combined.pdf
eee7afe31e4f3b3606b91b92c908422d720a05f4,50002413 Skill definition[1].pdf
9456f94969e12dcd9028f08e63ad34ca86df6737,combined.pdf
1631ee0c8b6f1a659350b832c8ace7a48a4d4b65,50002413.pdf
3fb9937e3711c9ecbe4300634852da103de901e4,combined.pdf
7b03000e889d0dc5bbf0069d1572411a6b06cc77,50002413.pdf
c5fef01c22a55e4bac4f79e1741e363f2cd089db,combined.pdf
4006652fbc357a98e9b1a7435b1bfd626cb68195,combined.pdf
e0407917623924183420191e1590c1a0f24eab3f,combined.pdf
c2b2720f6bfec40895d8820d75387e82f716efa0,combined.pdf
16e7dbb628805cc70e1040f5ee08c48c1b3d2778,combined.pdf
53c9b5924db539788ac8af5599652a4dfcdf252b,combined.pdf
35e47b4f8d317f03ca54781597e0de7780d927de,combined.pdf
40fce492365d04fc080bd0492b0aa6240c00d3d2,combined.pdf
39f2d9b2963a1fd36f92a677ab8cc5e7977f6c1e,combined.pdf
5208b80db8e53f5d8fbc58ebf3d9f3b4a5d75a07,combined.pdf
583cb7a5d07d9fd1bc73cb9a11d40e02a4d5de9f,combined.pdf
fa1db24a9fc0cff0d3abdcb742e751722e3e5517,turbo.pdf
0bffef415a40c8d078980e2db07a27444845187d,combined.pdf
9290e9447c66bb645fa37944fbeee64810e83025,combined.pdf
d50e4cdc9a1b262158863a8800b31a76fc82aacb,combined.pdf
2e6811b0c6088a0d72507f8b262cba511199148f,50002413 turbo charger inspection.pdf
b12231b1c14dd149dc2d9d7f29c6f9410bf7a3d3,combined.pdf
a6696189489694d693b86cf53b28d276372d7ca3,turbo ins.pdf
3ad82ea7d12f05f07d0eca4b478bcfb3677534aa,Turbo  Waste gate.pdf
94b4f82c478d8a757f9b60618bbba524a3d201ad,combined.pdf
b29ef7445364928462d26ed6e2f7d12b855b1e67,combined.pdf
a9b336d3fd7256a7f565dab082255987b4282dfa,combined.pdf
d9cd0434c035cc0e14350ea4df6b8eb951ee3d5b,MK26110.pdf
1b0df3f46513e2989f8c2395ea893935b6b6e8f0,combined.pdf
acf93dea7223b39f282dafb3857db268208a96ce,combined.pdf
914934c03f910d9d7b573827667d0651fed9273d,combined.pdf
2aee824e5ecac19e1ac4c0825cc2bea9cdc4438d,combined.pdf
7c12d12abceb6017bb9c3d94a390afa258fa39be,turbo.pdf
6dac11367d77c3bf780b0f3fc2aa8191c3d21e08,PA65832.pdf
9e0fa0beae42ccc8b8125649c1530a05c357c56c,combined.pdf
6510725e950491c90c1f1d4035c696b05fa4dd52,combined.pdf
b41f699f6e3ca3a70d618bb2596d96468dff3d0b,combined.pdf
8ed31564d18ecc9f398dcdd99254adfb420cf1fa,New Doc 2019-03-27 13 08 36 TURBO.pdf
2624de2f955df2fabeb04df1c7a5153bc8cc900b,combined.pdf
7945f865de61904190b8d4b61990924dfa5880aa,combined.pdf
56f39312a0ea1c20a8eb8c6a8662939b794e4aad,combined.pdf
c0962c58c1a03f1841cd95c79385195e03df9504,combined.pdf
426e291f0bdf3eb2dfd4f79531bd39e91fafc94f,combined.pdf
0d1080c84ace7d951a41b7214f580e14dc3dfa9a,combined.pdf
529bf8b1983b5da32ef99b86e05c505611baa14b,combined.pdf
587a05dbaa4b9f51f9fd740561f5354d7aa9d0a0,RRKL2SKILL004.pdf
bf03d8dec86fbe69ddc2bdd8a2d8b6a5632f2460,50002413.pdf
fd11165ac1afc23eac3231f69122bef48f6ecb5e,EP 1-compressed.pdf
072b51ab8566b5c924016f9fadf54e66894c7780,combined.pdf
8cd2042d492b543a7d5660b4dca6d84cc28aac00,kj02198.pdf
94c5fa5fae85ac49da881443e32909b064e09373,combined.pdf
37ba703d7590dfabe50e6b0ba42205525cffea1a,combined.pdf
92d384df121edaf622e509c84ef0fe976f183653,combined.pdf
38cb389d60c97e4930e9110bd2bcc0b6cc358ce2,combined.pdf
de437faa4f1c889f72eaf927c1f8628584ce53a2,combined.pdf
d943d49bad888c47202c67c590d9370dda6ac63b,combined.pdf
c062af450cc9587f05329458f43d18e99095b824,50002413.pdf
44f4c39ece4f447adf02ab7c46da630de5d04672,turbo waste gate.pdf
f5bcd986b8d072624ace6b43b66f3479d141b2cf,combined.pdf
9ff9b2091ab44e30dca3dd462dbc31082ca28375,combined.pdf
d75be2efd740e52e261642837df78a65d306faa1,combined.pdf
a776b4f4bafab250dde584d9735d0c776d8ea07f,950L.pdf
0d5d56bd129604310d16bc9175d85100326f39ac,combined.pdf
b12034f292df1632cf45750b0c42280144eb1095,New Doc 05-26-2024 19.45.pdf
c0edd13c795fab44250b29e23be16dc38c7c1f4d,combined.pdf
b67325cc52ae83c48f4b4ac14e911c9cdc239790,combined.pdf
cab32ebb70429d64c35004e5ee9aab1521a2329e,combined.pdf
9e8aa1472dd34983142bfe3166b09811bb373cc1,combined.pdf
778309804afd2ee142d318955912e8f08fe59e00,50002413.pdf
9ce3b83cf4ec1939bf170a08a9ac2709e3d6c614,combined.pdf
d551eab257bb6ad9151556f2f1edc6e1a8d93281,combined.pdf
02556061fe9e6f34b4d209a7abf3a4b81f69a566,combined.pdf
5fc7c3a441ecb18aa89e769a91f133afe5e28dd9,combined.pdf
93855f4afa6a5453bfedf0e5925d9756bf433c5f,combined.pdf
9b792f41fb14794467d897917aac91b3fafb39bf,combined.pdf
bd74f6b68c3fd42f0b6f12a41a43390b81ccd2c6,combined.pdf
75bc599bb35eae2a34691baff5064336cc263a71,combined.pdf
18f6143761a80720c42fec58a509fa82d4277449,combined.pdf
ecfa8b964abfa46a6d80ab2bf91270c21564aa04,combined.pdf
32dda6fc01d355d2529f52c1349aa4778c24e635,combined.pdf
f162d3bfcc904d632e5cbc86c4fd175ed3705879,New Doc 2019-08-01 11.51.15.pdf
43cb728b48024ca639909c5b13b074c7d4c9208c,combined.pdf
f1e5b99573d65f7617a0a00bfbfd6f444ea8a612,combined.pdf
3c6d1d349474f97846fe562bb0407833f2ba9bb7,combined.pdf
66a7cb124a27eb8b1c9efaec3b3a95f1bbc86948,combined.pdf
a44c828bf5f01e106d0140e55f70caf20306fe18,combined.pdf
5d6192ac0b15d8efc801f1f65b6020560bb57bee,COMPLETE.pdf
2f515a7d00fcf4e866a6aaac8d5964c4dd881056,50002413.pdf
3eb0b1072c337b6425b3b0f92ab64af25d5ba874,turbocharger (1).pdf
36975d28f63ae1a7a261295727fa110566e2a33a,combined.pdf
342fbf1c50c962507ae49a77d699b0a1aef4d9fe,L2Z07221.pdf
ca4f0f15633f0713f2230e547886bc19d4962f15,combined.pdf
0b9ee2979e5533d1b9f04e5d68c727c1c6d1281b,combined.pdf
68449b584234139d3ae55f20e8bd4a3862f575df,Adobe Scan 18 May 2024 (5).pdf
defaaf69c1fa90ef5a0a27a32345ada8c740eb9c,Inspection on turbocharger.pdf
1305f7bb49421619f5a0f0a130b2fd29465aafc5,combined.pdf
dae4d675d3acfffdb6172dc0449dd92a689239c1,combined.pdf
8daa3d7613b7b6c2da48f393973cc8ef1f947443,Turbocharger  Waste gate (if applicable) inspection.pdf
9cf4c8c3c69819bb0d5c937c173cfca2b404c366,combined.pdf
0bb61d6b121172bc55562c03b70796b1f652e87c,combined.pdf
d07d89b01c6869ba84ac12991948ff41f84fec2a,50002413 L2 EP.pdf
a4bc7a285482be76986833efec49a18732695bd8,combined.pdf
6634571f0fc3330d7ff0656271711948f4643fdf,50002413.pdf
2e8258a6b2636a75aceb14bca57c127dac7923f2,combined.pdf
39fcd5230982b417b9b13cfc12d5cab8e881ad41,WO50002413.pdf
4351143fff892009958de93301bd8d30fd43a93a,combined.pdf
a6a4f13c584a8ae33b3481f2385ed8e1a0b43880,combined.pdf
f11b6b84f440a14258c91c071bbe0a8fffa4fdb5,combined.pdf
17af3d600256c1c4f12473fcf56fb17be373b30b,NW33141.pdf
58e54b2ee61bd6fb368ac49e76f78404d0b95668,combined.pdf
0c7d0569c7521931d2d47b2525ac8fe848529441,Service Report_10-08-2023_230810-000058.pdf
4d738f2f45beca91e1776d273f6ed8286b8a2df0,combined.pdf
49f9d460a43938b862a336e75b1463f571eca5e4,50002413-1.pdf
d44c52cadb9823e7296c7db5e4496dbde8087e2d,combined.pdf
ce912ece6405436dfb589b46172116efa9376f73,combined.pdf
1dd5b92d44732663dbe15417d9e06a875697a77d,combined.pdf
952b212b1c017f8df1833e36ebab7d742365c911,50002413-L2.pdf
15febda8ba844758b0db1cb7382060d09f708e67,combined.pdf
c666570e494f96dbf7385f821ad2503bb16d0f2b,Turbo and Waste gate.pdf
275b794687cef9371a2e31e8e3679dd636757d1c,combined.pdf
4ef4ab7bbb51206c010e263fc694a586d0b7e779,MOH AT SGAURAV.pdf
6569747ac43b40fb8cc9b71b2c06673f795f191d,combined.pdf
fedb9ba9c36462de7d152ed4dbc213fc7e97665e,EP1_compressed.pdf
a40e1274181da76e988a7cd9acb7e6b91651dc22,50002413 20-Mar-2020 13-28-00.pdf
4b9e6cc78fbeee78c44d9b5b4c26062943ba0258,PDF.pdf
1163a8e1211e252432cf8e645eafb032c3eef77d,50002413.pdf
ead839f930eac854b75b57faf6bf67c49dd1f4e8,combined.pdf
93ac7ad58ff032b7ef620b3e103e3b9049db113f,combined.pdf
aeb3145ac814c6f11446caf2d7b1edb8a1c5e04f,50002413.pdf
2d84f5a06ab9f415ba1af6e0a029234a78429f71,50002413.pdf
1498d40ee6b77726cbebae98fa36de8a393a7904,combined.pdf
02c60f9113e4a81da20d82ec51a546e9a7429855,combined.pdf
6e13d69c31eb3e9afef194c89d1411c2059bbba3,combined.pdf
ce9cc0c0b5c274ea9f9d66809d616fc853f26850,50002413WO1 Turbocharger  Waste gate (if applicable) inspection.pdf
5dc7434db35c200a90013e23766fcf4783d1c5cf,combined.pdf
4aa39f5a90b3f11ff3a82e966010b1e6e5338331,combined.pdf
a9c3ce64758e97918fc82b49f25eb5938b75bf58,TapScanner 09-05-2022-17꞉55.pdf
b08feff51dd758299eeae39c8eb211eb8bd5ec9a,VKS 87 19-20.pdf
d3b965a7672ea3619b76d8b7ce590de8edce586c,combined.pdf
f00397759de3d3bbb31fd878174d10b564e700bb,50002413.pdf
643dd168fd3e6623b6d73eee0fe7b40a3bdca31c,50002413.pdf
2dee39d770b6331a0bb059af106fdfe230eed44c,50002413.pdf
81bef85886f679f47f638c876bba52f954940f22,Turbo charger inspection.pdf
d365a52c9f8607f4a877958a9e61a626dcc0333d,Service Action Report PORT C7Z00404.pdf
1d049482f9ef3ca05f72992b055b21d4601bee27,50002413.pdf
7618499a4f83e3d937d0bf2335895d5c85449220,5002413.pdf
2064097d08ba3995c670f79c0e2e18eb501deac5,50002413 work sheet.pdf
e12521180746cf97dbaa9faa1f31a9e1e66afcef,"Adobe Scan Aug 24, 2023 (4).pdf"
6ca7086d615f320832b6bd8955f8d70a27f3a4f4,waster gate turbo charger inspection.pdf
3af6d356a43299585ba2685983e0148d7bba0165,TURBOCHARGER  WASTE GATE ( BGR22-23048).pdf
3c4cec6ddaad0b126ee1845d083b20d63b9e7454,skill2417.pdf
ea3a54217a56b2537b87cd06e9ab1fbe61aa6e12,50002413.pdf
17fd52243a590306c976bda54b4be9ef54c6c4cb,INSPECTION OF TURBOCHARGER  WASTE GATE.pdf
1e864a0b229f176fbfeef736b44d054757228835,eng performance 2413 turbo.pdf
563263435ef81b1b0de1d49b04a4fd9c1e4d4fb5,50002413WO1-Turbocharger  Waste gate (if applicable) inspection.pdf
3d73632a8c789e0b7d156c87aea552df8ae2ce08,combined.pdf
9ed6413e962c99c154e0d1f9e29e6bd2b9b680c4,combined.pdf
aab7b20fd74179ed86031a432b45b775c4a647ae,combined.pdf
9703f3ac552e021e916d8f10c3397f69e366bd4a,combined.pdf
caf9f9d85e1012d9644d1224f5cd57ef4f09bb1d,combined.pdf
28ccdb5c8d661a33ac445bcff28df5169d99159a,combined.pdf
c735693c69b5bd179b6e5b3a960a03d985bb3749,combined.pdf
51e57e11d0a951bae59c010ca34f6c3f0507fd96,combined.pdf
4877846d79d101496801352ad550cf7c085760fc,combined.pdf
d0bcea961c9e3e2e45171ec0d4faab67a61b0391,combined.pdf
b88afff6a148e5fc293532a511e0392a2e356eb8,combined.pdf
fb0d74645b29b9a6ef4dee9712db334bf6e09b8b,combined.pdf
3c77230d7846d8b89e40240e05efe8ecc81be7b4,combined.pdf
7f1158117f8fcb9f4eac6a31b2fbd3107f35b1f2,combined.pdf
ab309d4d978a26a249ebfd38e9cdc753e36e1b30,combined.pdf
17ca2daa7fe24ce9c310329b89982c398764239e,combined.pdf
b37505ea68c4a431cf1a5c71e2dafe2ae4b60dab,combined.pdf
b6f6f0ff03ce507ea058ddcbdbae5b20187f9fcd,combined.pdf
c83d78513c85a2bb33f60c84c1f125687f0b3c4e,combined.pdf
21c3ddace9ed36486235d22bbc92d866f300e530,combined.pdf
fc5571b636db914e361b9fe24328a4f7bf25dd87,combined.pdf
9d815f43497a4be51527030f235136f1b1e7d9ec,combined.pdf
c16f03713af2cb26e74793e9e2611ad5f4c1f665,combined.pdf
c6d1dc641f05b8ccce76846eed2f33c91b406542,combined.pdf
5c7851fc9bf78b92f7657638f653cbc647a65289,combined.pdf
df4749e9f4740bc74b94e4023eed451eff0efef9,combined.pdf
015fbb2925162c75b2902f4e0cf9bdbcbe97fc3e,combined.pdf
60c3a71e151716b2daab3afbc104b2e566684a5f,combined.pdf
f83cc3e6b932df63ef396d2c8ba85160641cc808,combined.pdf
31a5a07b2d588fbfca736d12738913cf04c73260,combined.pdf
a60557eb5048c712288dbf29440c997ca32604a0,combined.pdf
4dc72c2ebcaab266b64fddabf3d6a783011d57c5,combined.pdf
00226c53a0254e3d4f3804713cca6feedda7cac2,combined.pdf
a2ecd51fae977a21ce3c6ae8581c0a79ab74aad0,combined.pdf
88014b7b8c7c4a9adf456442af425c4f6db5fc4b,combined.pdf
b21cfc6a2e99bd49bee529b79d040dbdebcc0150,combined.pdf
22cbad0580cfeb572e57df54f33d9dbfff8dee4c,combined.pdf
a15482b8aa16ebf7f6c3efa87c653f06382a934b,combined.pdf
c06941b9f3b44cb2f06ab46d6b6ef3e7f0fa3aa5,combined.pdf
21da03277ec800908e8f7a5b3398a90e23971edc,combined.pdf
2268d7305b244758bf024bea1cb5787a94036c0a,combined.pdf
23376d76a50040c5418fd0976033ab437b690bd8,combined.pdf
a8d5cc376cc4d57f4e9f3383e3c0ec65d7ef0f40,combined.pdf
875da52b67c67dfa036a6da03eeafa0fa6cc97d5,combined.pdf
a09afe430c76ff4d6cad81a2e754197254401480,combined.pdf
94322ebad7cf21bfc2c133fa03ed92d6b9498f1c,combined.pdf
0c448fbccd3b7ea66fb3c1433113f3cff52c6b68,combined.pdf
489cc1439e192417fa06458621334d07211173cd,combined.pdf
8736e22877133c74b98062bb031d9f19342dff39,combined.pdf
9cffe855cba2d86a4480d60e422cbb2d08f7a1ed,combined.pdf
139258cd55a366b6a0d215351015ea05806b8cf5,combined.pdf
49e5a0d7cfbaafdbe88a0ad3596211869d24fb7c,combined.pdf
65c583b3130e725a8433a7cfee18cb0cfca84486,combined.pdf
8b7f674907541161d0d14b88251018cd8852aeb4,combined.pdf
9cee3496417736c1cbe020209cc4cdedd17d3b61,combined.pdf
bf7aa2b1a22efcca491b697f1613470d286e99cf,combined.pdf
f736848bb879e589abb1fb95257a9d30de739f85,combined.pdf
34aa7441f7fb2669619c778a0f3f5e51c8a5887e,50002417.pdf
4b7631e78b375c307cea4714ad00c0ba9b5b5d55,combined.pdf
5478a0dbc5646bddc6b55c812fd5268756d33a05,combined.pdf
df614b78f1c8f63ccdb66af6746f03fd88e79332,combined.pdf
c77d71f15802541764e3900cdb1cb3fc59fe8b40,VKP-2.pdf
1b14c025f6cd256774ad9ba0d081cc958d0d4ce4,combined.pdf
e43627b0177b3452fb389263c524d3eac2416f2e,combined.pdf
8aa15d1ca6ffeb24d42f7bed56a84d05c5f9bb84,combined.pdf
03fddd5eeb058fa3bc8af2a3b5b386dad175e189,combined.pdf
0bd393f02848d54597c54f6263aa770b135b470d,combined.pdf
d94f9a5a449726e6f2f13113ddbb8b1480017237,combined.pdf
cd95c1c6fbb0701661976be12ffc3b3b64959474,50002417.pdf
657db9f8fd6cedff5594f18011b579aba4978f9d,combined.pdf
14899aa88e4cd943eb039e53510da6992cbd8c6f,combined.pdf
f844465db11f48cff431c9f784105f215b2e7030,combined.pdf
dea9a27d48b3fb19f5fd262d18e3fbcde6ab6639,combined.pdf
56fcd3e2073fad7f4a9268d73e05c503f89bcac7,combined.pdf
c41cefa5a676df4e64b38ca3d185c3efaa44c007,combined.pdf
d5ce89af5d01e56e20477fb4e6c30c9d96be9771,combined.pdf
9cd261138b0e66f59e9a84b1d0310d0fc48cde13,combined.pdf
d389f3b673ed9e54c6a7041e269e961563e0a125,combined.pdf
348f95cbbd4810a45315f0ef4aff92bbe8c1a6c3,combined.pdf
d866c6ad99c9b3298ffe33721ed80141e7aaabe6,combined.pdf
ac9380d7a8aedde7154b5b5d08ac3726ada9b204,SPEED SENSOR.pdf
4b279358f7cdd3a0ed4709c181b29d70897c0782,combined.pdf
a855d4c24856d61c33d0f91d0b523ccda70bace9,combined.pdf
27cdf39828f86807830852fba9a66b286ce9f557,combined.pdf
860620269d2c300257dd80145ff966005fa45656,combined.pdf
84ed6286a1fd9c40ad0756c27cef9cd64f418873,01-20-2021-12.53.16.pdf
2aa1db773c2bf637d47d87f0d07120837ead1d71,combined.pdf
f836d8d783bda1bf46e55ca01c5547655f252a26,scan0007.pdf
5c4edbf9d7abc6507b37affeff60995628383333,combined.pdf
d9e6545d17809981e1468e359971e7e1d142505a,combined.pdf
cf19c60cf52bb9bb7fbfee1575efa03820ec3d16,combined.pdf
43c8e188534349c9c3f676a6736d57bee9300deb,combined.pdf
aff76d23ecbc008d0c4fd84b462559b62d00fbf4,combined.pdf
bf8927b0049d73c0191e699cf76a3ebeea941b3d,combined.pdf
e8eb906171851a580c40ec95ca15f04edeae0e85,combined.pdf
9ce15479487a16fdf2f0d9a54ede2f90f309109a,combined.pdf
cb5ac0d18e87e496fb8be658bcd6360ad1085178,combined.pdf
e0513c2ff1f07dfcad56ff3d529c21e2e2fa605b,combined.pdf
f486f80e450482781120af63172c533fe2264fdd,50002417 Skill definition[1].pdf
b02e85d50b982c706def4cbc29c0b0b97e97079f,combined.pdf
0caae3509fdd350e821947313fb71c00efe6468b,combined.pdf
f48ab22978faad9ade773443334d2cd58c51d25a,50002417 1.pdf
2ec35a88ba1f0ef0d075fce81f1757924b1197ab,combined.pdf
452b92fc99a62a2e4061a6c33c30ffd0fc8806bd,combined.pdf
802141f63861c159ddfda7032f07f1359c48598b,combined.pdf
eea35065ddea44b3be07f1024765610b46e91a29,50002417.pdf
94fe25a4ae011e497c315fc1567cf986a7155f30,combined.pdf
b08ca06ee1dfb5015feb38743bedc31cd49e738f,combined.pdf
7514c9677fd8378df56fcae46b8da9626b9c3366,combined.pdf
f480977511480931c3ebeb97b40db853d6d79cc0,combined.pdf
0dfb09aa03d034a2ed3f5e79e819b802213e0d48,combined.pdf
2c68ca03ad4527da532fac9b01be7f45d5351610,combined.pdf
e10fec322ac0ab7242cab248e097270d934602a4,combined.pdf
8c7b20e1642a4d56315cb6274b38b1f45813a0ac,combined.pdf
a47c8ab359c3df7f4aa0ba6cf17b1cf2824f90da,combined.pdf
1cfdeb5e7d455a52792e22399580e15fca225a4f,combined.pdf
089fbb2335ac175ea66f2d82ae8529874cab7e13,combined.pdf
5fb17ccdcd49cb1907c30f20cd7cbc6d8153e275,combined.pdf
416debe7378f37f482d733ed349d4fcd7b836f43,combined.pdf
e04c571ea98fa598f0b1b3d5f3e94394a03eb124,combined.pdf
8e8f51251e056da87c99ecf20fd00e2e891c7843,combined.pdf
02fed749ab16680b592787ca79e44114912f2ac8,combined.pdf
239e400d48de1defacbd5da8fb0559f45c9bac9e,combined.pdf
40427acfa7fc3283fee40d2b6e4e521ecc9d8212,speed timing sensor.pdf
db0cca28f080de6354cb0e14704c96e70967b318,combined.pdf
3375187bca63e387ba0a59ff7a3a04014f047168,combined.pdf
b1db2da7ce600910ffbeb609917c7fd444a70ae8,50002417 BL76500.pdf
f0823418cd22cf992d44798bd6ea05aadc6cc22f,SPEED TIMING SENSOR.pdf
3bbed75cac4bba45287afb2a640ae53013973a9e,Speed Timing.pdf
32d73f42e402c46beabe456a48691bca15004828,combined.pdf
785a5ae76163ffa5db66892d2e9826b2b1868cba,combined.pdf
9c9fcb228ec0dd98744df395b2420fb12db3e7c5,combined.pdf
6f09ef940e98ef368162b1284beae34d7f30fa7e,50002417.pdf
a4cfa4edc43db6ac43dcdc32bf2133ed3f46c323,combined.pdf
0ad90c42e985aabe93695259c279cfbe0528a5b6,combined.pdf
c51d7e3a49c907aae42ebeebc758eeca8a306ace,combined.pdf
c0433e65cc34400a75f1ca68fe3c8ba70913e6aa,speed timing sensor.pdf
10c00f188914b845289dc07f37c5cd599e1ddce5,PA66985.pdf
890d280fe25b19928b275fe95fe57dea9c73cd82,combined.pdf
30de82e3826f7a274ee6f77e86b876e4ffc6ac3f,combined.pdf
b6688e98279baacece6b6198ac55e0dc61bc97d2,New Doc 2019-03-27 13 07 07 CALIBRATION.pdf
c3ea234922696fda4fbf29a971f315433f665c05,combined.pdf
46783c7e1859b130176ea37c58c83d00b7ce76c6,combined.pdf
89821c35f2e98702ada912b6c5db7a956c142b56,combined.pdf
040da4c356b4b2ef2b5d840216b20895bedee1ff,combined.pdf
b40c278002d3ea724389253c8a1422c0825517a3,combined.pdf
ab0f7d002b45ad9b934bec755ed1996c024aa760,combined.pdf
82ec9eb2ef8bba88aedba9784c0b5c6b88c08419,combined.pdf
344aacfdb6fda2437b602b6ea8f79b8e2668a695,50002417.pdf
5620b4a71b4d8a203efa056892abda63527f0337,Engine P 2-compressed.pdf
dad448147e51dadce8eeac323de7ed079f9b0548,combined.pdf
26bc393db606bfd25f3624bcea302aec677bce6a,combined.pdf
357676fae11bbfac9d13b096612266acc78a369b,speedtiming sensor.pdf
da17eb535f74f82d1ed5dbdce7d54fe40e66388d,combined.pdf
149c65fee4ebb43e412c652e1120ebaf61ad2c0e,combined.pdf
33be17f31b9d4e382149d6144d73f5242e7fad04,combined.pdf
9d84fec245c93931cb9f4280f2a644e026ba0cdd,combined.pdf
74ef1148844dd1902bf4ace531d31b2369820677,combined.pdf
195d6b038e650420ed98f2a8bfa14dc35b236566,50002417.pdf
fc67b643e63e4ef0fac944e06b0ba08e9164e429,combined.pdf
5e3d0068b79dc0e4d98149c03e1bb70c4399592c,combined.pdf
a8586e3c5a6ce163635bbc38765f6289e617c492,combined.pdf
52862e7303e950ba880890907da46d135b40ffe8,sadguru stone Crusher.pdf
d19815a16c3ca20e0316bffbd7780add2e84c66a,combined.pdf
40982c9c4b06ffe868da2389cca584185f06efe1,combined.pdf
c62b42a05fc48f0b0966cbfbaf929e5e8f12970e,New Doc 05-26-2024 19.43.pdf
4e034705ceabde1d8a08283dde4a0d1d3d2d382f,combined.pdf
2d7b49aa644220ac635f847e673bd3608b1465b9,combined.pdf
de93deda5f1f8641a6d15303b6a15e2ce6979ced,combined.pdf
a67c35f1edecb40e04572314b93bccd7b3d309e7,combined.pdf
ca025e20fb8ce4d65e675cc408f0dd3dc613b9e4,combined.pdf
4325d75d9faa5d2e270090f1faa46439d6285ca2,combined.pdf
ebaac30ecf31f56a9bb59052e5e22eed43e75552,combined.pdf
571bdf17f45df228ad0eb311da5383048ab9c5e3,TIMING  CALIBRATION REPORT.pdf
be2e730e1107e6621a88807f49411a7df8236a8b,combined.pdf
fcab48f8275646d87872e8401fa1e356b9a7abe2,combined.pdf
592f2e2d1be740ec76de0c3bdb6e7d8109cd07fe,combined.pdf
5eba96e62f7f9151aabaa7c49daaccf10e38abb2,1046 ecm report.pdf
68308422bb1c043b3072d3e1205a01f09d155fbe,combined.pdf
a9b7b684cae98c98ae1c05b4f812366c6f1f3693,combined.pdf
3eec90c98b373ed38a821670cb71531c174fb976,Speed time calibration.pdf
f52cc8ec2d857ba7df53f9772225f26213c6d2f0,combined.pdf
d67e330d8620d00a72a5ef3dc50f6cc67149bb18,combined.pdf
e6e7cebde5838f834b85db0de78ec842b5fd62a5,combined.pdf
a1ee0dec3131ac45855f632d7d4a71910e459fb6,CE16307.pdf
776d4966969ca690b53c44491bcaebbead655172,combined.pdf
bc7839abcf9a637ab924e19c204368751c0dd832,combined.pdf
02da523f26bfc270064afdd857f0dd94dd14e8d6,combined.pdf
efd98d6496a975e310f45949cd6a10e527eeea54,combined.pdf
803e0758e770a35a57a14edd8287b8565ca34952,COMPLETE.pdf
af82d6f4015adc5e74d64d9d7c633966f19eb3a5,combined.pdf
8dc3edfd742d37db59d8662b4f3a50f8b958f5eb,combined.pdf
19f654d4cb9853a72f045ac2fbbf16018840fb0e,50002417.pdf
9b07081bfd27b9d44f47316b9d66567b7a4a8b9b,speed timing.pdf
8f2c27298393e520f039266c57e2374f94042ca1,GB300301..pdf
e6596e36e2328a7f07ffe87d2c2c9df654849398,combined.pdf
b324b958d77c9a285a3e7132e8c872d5a866b6f1,345 C.pdf
2a44d37567086db08a5228f59ec0d26299fb2c21,combined.pdf
8d27ce852c50619ebfdbf1331ebfd3c99650853c,combined.pdf
7fc8faaa3daaa5aa1db3bd8a2e4aef002b5bb3e2,timing sensor calibration skill.pdf
56190c7bafacef4528caf64390e05ced569493c9,combined.pdf
576dd2eb682c38ab7b4339a2fad9918e3f6f4127,Speed timing sensor calibration.pdf
52f1e3127d1905afb8e87e7d856ef3a17b8b9ecb,scan0008.pdf
fe364f61818af4e456bf2ebc9d8d3625cdcf0d62,combined.pdf
d545cc911b41f9a785987e0f94f3d0c69892fb5b,combined.pdf
f7d3b1bd8983c20e0ff2b4c9821cc70abd2dee18,Speed timing sensor calibration.pdf
b0e650695dd0aa5cc27a8c3d37f9dbdeeb5eaea9,combined.pdf
f60d5abe1bd103865b966bf8acbf27edbd709e0a,combined.pdf
d427bbc78a102e2a2d4e5ef0b392c880a6379649,50002417.pdf
40174e9b21cff10d646428fcdec8d68c10ddf8c2,combined.pdf
33fda383051a7ced37e527320c938aadd92479a8,WO50002417.pdf
00657a6166c26d5353f47e722410bb32f4b01521,combined.pdf
980abc6154e38aa6612790588f939c6be91ee7c6,combined.pdf
b053d3fbaafd1e0f23d2cf0b9e18ed54ac732a53,combined.pdf
e554d90c61e95e0e0d6cc341a6270141cff9599b,combined.pdf
9409702df05b8dd4612577d450bbab7edc3c6871,NW33142.pdf
78964f85c2dac6aad6091c41db6f9f62023c4e29,combined.pdf
bbbaebf4d3b0897ebb6090a2fe632cf8af60dda1,Perform the speed timing sensor calibration - skill.pdf
3ca80e584ad86ceff4e0ca92ad2509ea1922a0b0,combined.pdf
d4b19eb1e53dad630ed3d916858e316669499dc4,50002417-1.pdf
a6360d626ec4e57bd9e2fa1cadcf213819df558c,combined.pdf
63f15dab3135a1c09c78e5fc4127a1c7f8b6ea8c,combined.pdf
83f67b7c84e63a5fbf5f52563fec3cc18c0116f1,50002417.pdf
6290685529b50a0633fcca1dd4260bbcf2a6c424,combined.pdf
953dd1b8fb84770f9922410e32f147f864aec453,Speed timing sensor calib.pdf
8f4fe0d5680526c000c1dde78905727b35e691a1,EP2_compressed.pdf
201ad9341187009febc4ea24225847d02148d4d2,50002417 20-Mar-2020 13-23-26.pdf
c401ce0e702a39c866c1e62f9065a19cf285ff83,combined.pdf
058d56242fb5f9cecd1d2ff064f8921995205418,50002417.pdf
7b2cdbc19b08ccc476f57bcce3d7188e29060d50,combined.pdf
0353f11c7b2b73042a5c0552ef34e8b4a533bd08,combined.pdf
3a3423e91ed915db0a94ba08d0cfc912bc734e81,50002417WO1 Speed timing sensor calibration.pdf
6e43f1559ba3d5926504f94d56df7926c217781a,combined.pdf
38a0c9ba4a358a02b52758daa55239b1008461b8,combined.pdf
3f94d900f23ed9ea270d8a8adb976832bae8155c,combined.pdf
fb06ed2d70709ab06b794ebb358f7502a692441b,TapScanner 09-05-2022-17꞉23.pdf
3c13766941f9f8226537dcd7ad3a690c930d6985,2 vks 87 19-20.pdf
5a96dd10123f9e095ac03a025d1ebd0e5e3b64c2,50017713WO1.pdf
fcca003433e52c912eb5d5f522346f9a829588f2,SSS00498 Speed sensor.pdf
f3cba052a453e0cf60a7f2819a989bb00ed7ce6a,50002417.pdf
c7583f6471bb132804c16cf4523c863d8ca8b958,50002417.pdf
54cebbad725c55e29a13f1664ede47dd54658016,combined.pdf
3f8fad641a07eed67eb0691121ec674a5e5ca29e,speed timing calibration.pdf
ec9986c747160f763192b95b1b2108f731bcfe1b,combined.pdf
afd862997c438166c4648240beabdad596cf1d93,TIMING CALIBARATION.pdf
25851e1f6cb9dbdde173e13ec514a8ba71d89d05,combined.pdf
7360b3aecdfaa04cb2cf8adb6773147676ed63b9,50002417 WORKSHEET.pdf
f2350c4650b6c14b1704d85afcdcafb477ff49b2,50002417.pdf
ab69933507535eb7a794689e15549a04d31a4a52,50002417 work sheet.pdf
05f24657683b22a9317248a0a89e20a3d496d59e,timing calibration.pdf
cd719a0b99e302754fab32e2652aefc22cccde46,SPEED TIMING CALIBRATION .pdf
45c5edc94e32dbb2ea3412e2b8dbe04a0b240dbf,skill2413.pdf
db9a25d9e03ba2369077b6aa480ffdc5748e0d93,50002417.pdf
3e96585082ea570b09f928a04a41fda129c8f8ce,SPEED TIMING SENSOR CALIBRATION.pdf
0f23f7a1ebdf09af6068917ccd4435db3976e9da,eng per timing 2417.pdf
adf24da0da1595fcd6bd8dd4c118b1dd093bc0db,50002417WO1-Speed timing sensor calibration.pdf
5e2b850ce56a83d7aa1b7c3316de056678ea3b71,combined.pdf
90e38f0d6f8a7cdf3bf89db4fd182bec8bf7b67e,combined.pdf
07469451613a17746596aa217a93d6524552d195,combined.pdf
d7bc5912263ecd42ecea1a83b5d1bf8cac1d9d72,combined.pdf
00cafd01fa16e850ebb7007e7525150f9b5a8c72,combined.pdf
ce656ee5c09beb491bf4b98cb338431e556f556f,combined.pdf
d75f69ca58d7864554a9703bceb7bc1629713f24,combined.pdf
78b33a5afc256e79800c882aae6fd453459ffa5c,combined.pdf
01ff1af4ba956bd12ee3460b98fe49eeb55b42b1,combined.pdf
e23b0f6773f559251921702bdad5c550875a7a77,combined.pdf
0bd70a4a36d7fe9379e90ac17b0efcd627c82112,combined.pdf
b6e5dcaf073d3421e2d574747d4c592ebd61969c,combined.pdf
482d9cc45b46a6b83f7841a1bfc6d8f26227dbb3,combined.pdf
325415ea6cd32a5f73266299a7c17699f6ae374e,combined.pdf
b07042047c098b54b8aa9d42dcf133c2b107f4fe,combined.pdf
1abf4203c2a1029d3e45ffe278f0a6a361f16b5d,combined.pdf
328d9b8736bdeecfe034da0e9bdc8d358cff56bc,combined.pdf
3046e1204d2d3807db8bad8bd5ff3cbcc4bf490c,combined.pdf
70b7ce1941376185da811ec5ef0793b377692cf8,combined.pdf
60c3f2d92a003555a178e85dc51cdd6bc8eb22a6,combined.pdf
596f238659b1a4a52d58d6794215db0527f631f4,combined.pdf
02f2b315159c68685914505d917f8c8c5cf81f44,combined.pdf
f3573258f519fc33e2a51d7cf3531ae79952e797,combined.pdf
8c88a8b6449e1907d45bfb27c0fb9e1a679fa7c6,combined.pdf
0d62463a4a2cf65bb2a9703ad35adb95f6151d6e,combined.pdf
d89c50ccc25792bffacaf52bf66797a3bed692ba,combined.pdf
db51bb51c7cb354a6b33c57b3675841a4982198b,combined.pdf
6752da8f6eaa60d9da9df895226f6a893aa58e41,combined.pdf
494bbd29dd38be63764ed58604572b3a45ae2532,combined.pdf
5d0fb9a38e72d2cccaaf8a45cc97d7d8a8dc258b,combined.pdf
73b70b3029f5a9f07cab026fba229e407546f451,combined.pdf
24dffcfa7413a4cf66a36ac5ab42e463d27fd2bd,combined.pdf
4156e98c9b53b3c966e772cb72c17e221a682ff3,combined.pdf
3c5f247af44cf89d657c5a8741d16a30b16924de,combined.pdf
87399e4c09346a6456f45cf1955ce6d89ce3f193,combined.pdf
8ca5afd57c45c17150b2502d622e89ffbd4a05f2,combined.pdf
7553382dff2c2ffa31e0e3c2a1d7bc5e51f4f7d0,combined.pdf
f81cc4e3ed1149baf8a0b560c4989532f4170aef,combined.pdf
bbd5942c932ca63d811af7ce4c76249ac9671b40,combined.pdf
a5bbd7c14567206476831adae8bf3274b90ab138,combined.pdf
fcf63f33aa0088cbe70719596754c4518b26393c,combined.pdf
cc7f694ce9f810ccdbfabd5e73bfe8a6b0e343df,combined.pdf
a22977b52751d968d1d28cdcd513f0e353582120,combined.pdf
60fbcb63de10835bdce98f131d5437e20a7a7371,combined.pdf
f8c29d5a347ef73ad899d3a1a3144c0a9ff25a4b,combined.pdf
b2127ab04809f9301096cede0e9570437cec8e4a,combined.pdf
c301ac46401eefe86eaecc12835febaeb96345ff,combined.pdf
48716ea9f1ebdcaa51e5ce289912e81abdc676bf,combined.pdf
8d762ff6dd43b3b0e99bd52206e7ba354ceef5dc,combined.pdf
23676647b97cc10b45efb277e7c9839730b2f5c7,combined.pdf
29a33038ad57cec7d13d51957a7a6e83351169a4,combined.pdf
d6843b47dd134e5243280ff1e89089768e782fc0,combined.pdf
91c7afefe3ef80e88aae03b873d1906dcbefd97a,combined.pdf
fd2cc32e420fc301b22b09c2f465cbec264f2873,combined.pdf
6a252c2bb98eef62e430310956379182a940840c,combined.pdf
c14aefe33baab35124c3a2bbd4fdbd5fa3e6972b,combined.pdf
baf3537e49c8ab5f1b6aa964b4590aab6c28c91a,combined.pdf
f779a50bdf6342f35b0dff18a48de074f6b520a6,combined.pdf
aee284e40874846e67f9511f6e39ea1513b3c133,combined.pdf
4c5fb4a7a906bcb89985e2fc146191cb4395ff9b,combined.pdf
3911bf52d70e09755d40e4a6d3134ca94369a071,combined.pdf
68a499293df3f66e3eaa343af49f50450e97eb9d,combined.pdf
7a30b780ec00eee384d751cceb04451dd3f439fd,combined.pdf
e132feafd7c2c367638659e2a144c4cd48fd4b97,combined.pdf
e042d187c0d2faae4afb6ba21f875b517c5338ed,combined.pdf
1d75c2f874875f2cb7fd74b8525d42259b958edf,combined.pdf
d3ef3e2e0092a0198d595f0e66d921c3dab5ab84,combined.pdf
f57805c86a1bbc4c416fd7ee7092eb71bf5c087e,combined.pdf
c0e97fdfadcc9281e31c37b6a732270ad0baf756,combined.pdf
82070806dab61bd8c27d02d8790f0e18e350e461,combined.pdf
7546f8e21ece67148c6062248fd3d55c4acb439f,combined.pdf
da542461497455e95824ec071bc9e151c83eb0ec,combined.pdf
9c30eb0e966e33c73d5b73575ba9147661d00a93,combined.pdf
9e9eae4b3de0fae98c5b77ea390b62e8da9e6499,combined.pdf
7b53ca08ecd8eed0c0fefe981533dbdc6c919410,combined.pdf
79e74db151cf8866153f6c2dbcdc2c820ecebe2f,combined.pdf
773efa731f890ea8efaa65e5f4091beada5fe32f,combined.pdf
d6219fe76fdddafe80e069383a0e3c1fb906c42c,combined.pdf
2968fbf189bdff4876b7660fb6db6b504ec72807,combined.pdf
2370deb1774cbe1102b313b979015d783e26423a,combined.pdf
fd6d818601c8ae3bfb8233d13006b96fce54197f,combined.pdf
e863e28181313c7ba33388bc8c1207550fadd46f,combined.pdf
07401e8a97751e6416d572549628d5c054223220,combined.pdf
ee8d6cc5d21391ba19c710a5115230d5b8242be6,combined.pdf
f7cc080f8b7a8f01ecc47a14e975acea3b6555c9,combined.pdf
bd44bc6e5d2b6069c91625efc6c4e548c24971e2,combined.pdf
6b316027ed408e5d9dea50589e9b8925bd097ae6,combined.pdf
25578db2499823d9463cb4107633191d678f4675,combined.pdf
6f8465571d333716c532225109e14ce49ff0526c,combined.pdf
f6721d5448c6cf3859956da3071eb705a97d156a,combined.pdf
6a2028890434349e896859bc689cf2e83e60c650,combined.pdf
6ce14610d290098b6b3dd3d65ba5bd8744e16314,combined.pdf
1600bf03d14fc9a676e11d5e6e43a1d7afb6c740,combined.pdf
a2cd5c35e882a862439cd4854cea2f63a11d6885,combined.pdf
a7abf4287c62f3ffa8274d54ed2497024e19c6f6,combined.pdf
a3e634c59d5b8df05aa22416da22ebe59a44714c,combined.pdf
90cd07ca49750ebacd03d74eeaead586135b8153,combined.pdf
3235a233c1a676d6781cb0a48f2608734d401db0,combined.pdf
9484a8d5cc2d209fc413162250deb2a55a96db18,combined.pdf
8a31d4ac387b989b0bb759108d14d3379ff0c682,combined.pdf
adc62b4a3d2e88145867c69cc1a12d451795ea75,combined.pdf
930cf4a188d0734170996cc07dc77b0906ced635,combined.pdf
73bb8cbe5ce694443b0d85ce24b955fa31bb0449,combined.pdf
c05713a557f3528867697ebb6374cb41e13e4ab5,combined.pdf
401ebaf38e0631a8ec1a0299a430c9891447c955,combined.pdf
e7d069c5a96477fcbedafed8dd20717137352317,combined.pdf
f75b88317ee41b48d276bf521b4fb799977f8872,combined.pdf
2056ac79c44d802ac2c6a0cb6bdca379ac55946d,combined.pdf
ce0ee02ec2f8c3304dadd425db777cc7983f95ec,combined.pdf
12264fd7998444f5ef32d39c09f80d6a6d757268,combined.pdf
955e5e6958cb426d9a6c75076fd4630c25641960,combined.pdf
9d490176c539a852bb58c77f5f9c6bdd7316f2d2,combined.pdf
19325a5ef9d8ebc27c59184225e7b9e959929d9b,combined.pdf
ce2b57ee92ffac131f424975dd33bd57ababf8b7,combined.pdf
2f249022eb7a647dff28c98a5be49cc57341614f,combined.pdf
37f223f3248a795fb1773bb899f66cb1a4589228,combined.pdf
8da0cc2a5225ae4b5fc5cbe3b00d6f46e73201df,combined.pdf
a0c398edad08e948b48b0086208d6312a37f7b5c,combined.pdf
2a5f37b1c66234596d756deaa92a448e4cf2abf4,combined.pdf
7fdadd7371938568e56df2ed33e6fa4e1dd90192,combined.pdf
8891ffd5ecf09fe6b2d3b4eaa7e15737e8d56e46,combined.pdf
22778b8d9f84281436b3441e3420a0325a1c07b7,combined.pdf
9ce98f3c538452c1c337d9f00e558df9e2e66268,combined.pdf
0c020f818c32185ad0657f167f67ceb0c015394d,combined.pdf
3f760f88496050694bfa6485d4db6da5f2fb98ec,combined.pdf
71ae90241371606a9e2a52002a94fa1ed84e8bc0,combined.pdf
5bb771dcb7c19d30aa42dfc19743ced18f977c22,combined.pdf
308f95002c22bc624d0fb3136e09f455e2cfcd37,combined.pdf
4632868c1c21e835d5f8cc60af309891ba43cb66,combined.pdf
907e587feb7843aa67cf4dd37f2d4ffb3724e33d,combined.pdf
8af072bbe8707da8e2cc766b52d461207288188e,combined.pdf
d27fa9df3c75710b12a9c47a0b3a6df133aa0ccd,combined.pdf
178f84f49ad4d896eeb30fc4b773624ea9570ac0,combined.pdf
2fab2850aefe2263da57fbae5892db33dac6cb30,combined.pdf
bd4dcb0f476fee5615d4700ab38fc352b53e50da,combined.pdf
06807fa63edac94a1798ca66b99a02fe23616e1e,combined.pdf
c4d09c30898eb9205cbd6c241b4d3bc48854c93a,combined.pdf
7adf44e9b7671c0b04d7d7f7e8e7ae716117f344,combined.pdf
d6e0f24e3af063e6a32fdf340c5bcf05edda4a37,combined.pdf
c26c922ac71ee317eb4e14d492fcb95d464ad7f3,combined.pdf
c16bcb1e06bba4832fe159ba0b00a2c7f2e036f2,combined.pdf
bd73ed64925b714a17fc85c0ec72591f90ab63f1,combined.pdf
d94a7ce03907f7b34f6484a996c073c80371b2ed,combined.pdf
7125cb022621f2488a142f90253c735a1c9e8143,combined.pdf
7afe423170449640e28ae3dd5b61528b6645a998,combined.pdf
fb49f7caeeb7d2887a704b50a2dcc6cbf39bd49f,combined.pdf
499c023a228e0b7587eb1c8ca816682df57e240d,combined.pdf
cb83a6b21e3faace949e1dd0cb50640e1ecf38b6,combined.pdf
56d7c78ecef91e3cd2186d9422a11a5ba905e69c,combined.pdf
a6f5cfb92ed872013c21edb3ebc56298e46f553e,combined.pdf
cf7f885672af60f9a28fe2dc94816b85b4aef046,combined.pdf
15183f9b4914899baf86bcd76eb2a529fa6bd23b,combined.pdf
bf4bcaa9f24cc69c72b895d45f866d9bae35cc10,combined.pdf
7aab5a5b4980ff413497b7cef82ba6051c58ff2e,combined.pdf
657630171be0981819f43f1e1cb67a3648eff4db,combined.pdf
4949bbb795b4190314dcadbd87f0b315ee4b76a2,combined.pdf
de6159d6416a4e5ed806245ce9fe5a25c6ae42c0,combined.pdf
d2b585716e995a72cd3fc3503f6fde07df423c13,combined.pdf
e0df09af5f567c682a1edd13954eebc874379562,combined.pdf
c407f3a2478166a0ed879b8bec23147f2a927435,combined.pdf
eab06983aefa2988d2e98f47831ae912f01ce312,combined.pdf
82e50e3f5d2f312edd3cefc967b85b916c6c8ec4,combined.pdf
bbd7e316186eb7f8bbf92f4df4f17ba31a0fef7e,combined.pdf
707c778fd6e0899da482bbef5e5dad263b717ef7,combined.pdf
af21a7a507bd3963cceb270dc605c828569140f0,combined.pdf
444d5dc5232015864d63460009f0f0765aaf6b20,combined.pdf
9bcbb7101a27817ab1a50ac3a5a094d1c2583bdf,combined.pdf
9350875201cdf878c42a6d1d0ff043e47bb6f15f,combined.pdf
b1c0e394906b90ef3f815ff6ad9385888748c516,combined.pdf
92d85c2168d1ffcaf3d5bb23f52b971c1ba9491e,combined.pdf
431d4b924ebdb6c071f8ec78f2ff3f0dbaae4c5d,combined.pdf
a7874a1a752673898702cccb703243e9b2e565fe,combined.pdf
5e07a3a2bd0970546ec63094dc5b0d6620c5d4b1,combined.pdf
71e66cd1888c7bdcf30b8d85d1426f81d510df40,combined.pdf
f80e866bc7df21e50391dcd7e9c760d4b1524622,combined.pdf
f5ab8f761b13ce2b2cb1ea5a24e5330511a801c8,combined.pdf
d65949861e92544a1b8836fc9ad43df35a175e8e,combined.pdf
962bef812c6f4143dba828499add658ab87341a0,combined.pdf
db47322a7f071e0bb0b631794806925814811469,combined.pdf
7e32a3e2e65189d46984dd8f8c2902f9775f28e8,combined.pdf
6224509e990f7435ef163e82ee32263fc2b3a20b,combined.pdf
6a3f11e9d6e54c10af09b0a601bdefaf4ca02578,combined.pdf
fa8f23e8a46ae7f1da99a52994cc644e5ef6b0b0,combined.pdf
44254fc73868c446fb1b8d16f7c1afe0d15c42df,combined.pdf
aef46972317fba66d2591025380ad62ff04d7091,combined.pdf
1f6b86ab42b9fd011802687f67efd9eb8501e819,combined.pdf
4181d846f7c3e842287019fbba6f1ed01faad005,combined.pdf
4cd9cbde5abe56739832d52bbbdc1c1036befa55,combined.pdf
53c90650919cdc2d3faff10beda1302a025e97c0,combined.pdf
c98583fe1cc7d9476cec86aba910b4d1609ba407,combined.pdf
a58779f8e107a63b9b537389bab25787a1eab6e2,combined.pdf
9e5aa5f7f9f96c979214ef69e9d20154582bd163,combined.pdf
95b818324b742270869c90bbdc7f1fec6563c203,combined.pdf
c63e47b712a7003811c24519852d3c8c1db08734,combined.pdf
79a42609b65d2ad8761ab2b5cbb81161d54e6c84,combined.pdf
d8ea8708709a72a6098bbe410c79626f1a7e8b92,combined.pdf
8f2a04bf5426e5759302ce6f013053a64720e768,combined.pdf
dd1ca132c7f5d0400ecb57149085c76991ffc447,combined.pdf
e29921ddd9da98eeb9db65a73dfd488e779483f4,combined.pdf
6661aa35f4dd4b56886a4d0a5a7663c6a2f1a7d8,combined.pdf
4b215c648c4fdd1277ba4598b3e76ab47f789943,combined.pdf
033217c8d545a1d5da14515282e5d0fe11861fcb,combined.pdf
cd4aea2ccaf001739b434794fd4ac34467f53b50,combined.pdf
c00583e86dff53efbedae4d5e6dfa1d5b31a5f2e,combined.pdf
a24e99b413d300541fb64f2f6b7638cae365fce7,combined.pdf
77d19903be64b58e19079769643763c81a725857,combined.pdf
6472b1c893ffc484b8e351e29650176ff5486e2d,combined.pdf
b6982b76b70369e70d2924b3ab7d6067e66257d4,combined.pdf
71174b1e1a525899b380eeb9ccedd7bde7706c5b,combined.pdf
7837d158d31874b8f57d8c8bd5855ed61b9af639,combined.pdf
bbed0172c6b95ed1cb53a6825a60a4482b8d664f,combined.pdf
a08978269d545db72866e4c265977ac5dfb4446d,combined.pdf
475e52f653fdcf22b6905e53f7386d52c99deaa7,combined.pdf
71bd133ea8581795e41a8dd111eb4506686bdfde,combined.pdf
7537f3266b4cca501420514af7e4391f56abe951,combined.pdf
35c39f386d85c7fb68a9b80bebdc7dbf4729fef9,combined.pdf
1463e1121d1a2d1cbb9633c3d058c692d4a1800c,combined.pdf
6fe0d9ec62c068607ca9ed25de920b0846b4f774,combined.pdf
630c6446dc3b95f59dc863c3a1c340b5be852526,combined.pdf
6d4eb36c3e3dfe72b5d751a96785e3caa31b161f,combined.pdf
94e18a993db322d0ac667f78b046df159e802ae6,combined.pdf
6230b706af1cb3fd5024641a7ae9b020bc55dba8,combined.pdf
94eb0b09105ba2e00e35c624000af67bb953f340,combined.pdf
a63fe50b23d52cd1f58fb2a134cd0a414bc8cba0,combined.pdf
4f6636a34b4945117a6eb8cf19576ff39ac96695,combined.pdf
5a08f3405064e0e438386c66e6f2997615941331,combined.pdf
d072915e03b7fd61f4d52adc1bb9cd0b9e59378e,combined.pdf
5a10b27801340483c6a450a74902a9a4290ece95,combined.pdf
94d48100a476e6d3cbaf736a4f553975c6a4b155,combined.pdf
262cbe1baec3f7e164d01bde10518153969f4e27,combined.pdf
29e8ce3da3dd050ccde67b3be0b77e531a073aae,combined.pdf
e645ac0ca7fb5d23bd8cbd51f1f223d9dd59ebb4,combined.pdf
66dd3775281eddff65784ba5d1f1caccf2fdbd6c,combined.pdf
129d769a58301270d5d91dfb5cd474b604d41d30,combined.pdf
3509660c5ea9c0eb95343b995b3969a2b22a1236,combined.pdf
8e7f50adf42878e65d0b3fbb73f4442e596eb960,combined.pdf
7994f1f9cce5d5bc64986d7bcd487770311b61f9,combined.pdf
556c418d1fbd696fdd80f642269a11bd0e8d6ba2,combined.pdf
424509584c3fe85dcf08618c2f616db66c965811,combined.pdf
5f021359b2b9fbe02e23f7e7f50da5a70e4a53e4,combined.pdf
ac228042eb5cd2fc2ff9b23c4dfc2b9865eb75d0,combined.pdf
5c1724c7cf1b5ea6a8cafe7318fc9a2d32a58c1b,combined.pdf
884d9168119874fd7401be750594cebc66cbbd91,combined.pdf
59889d6b196b688a76f44d2c2f9f227a4ce0b0c7,combined.pdf
8c24e4d59f473186f59bd8bccb247c93f8e8198e,combined.pdf
279679141cdce5465bb4511a495899fe6028cf00,combined.pdf
2ee5838c3e4b38ae8725474207077c6beca7d2e9,combined.pdf
500182dacb87a469d1bed9bd684036887578ef3b,combined.pdf
7382a0c7bf7c97edfe6e927355627a69dd52632c,combined.pdf
5765920476d0c533b2db917bfa7c191132a23f18,combined.pdf
2d7e959bf8a3ba6b215e6aa2080d52b7f887601f,combined.pdf
38fa722295f4be473f1dc349a6044642440a5fec,combined.pdf
c00ef9a9672ca0e3cf7a5b079e9da875989c5108,combined.pdf
40ce6ec3e67cc8d7158df5d2ad8a5cb561a875cb,combined.pdf
10d80f17f98505440c2e681d2f3a9170c97d8353,combined.pdf
b1024835568d8f496c04d8a835b82d9500a358cc,combined.pdf
7cc7b1c674b46aa54e7e6fc06bd11cb43badc7fe,combined.pdf
d270d2a880e11c94ed62af179b61924dce457e64,combined.pdf
5527389c38fe886ce2f207424ca7ff6b56b1a3f5,combined.pdf
e7b83739fe82f4531c3ee701dca4a6d419745be6,combined.pdf
8c230c34727894e4259a57781882eb1a0029f5ab,combined.pdf
39e3ac41ba6f08434c776510672e6c07229bce54,combined.pdf
90668cf5fc4363fe7dc9ba66bb764df4371b6937,combined.pdf
c580a1e8e799e3fdff19fa6920bd019bb448a363,combined.pdf
275b66fb0e8917b03628cababbe37b7e58c93643,combined.pdf
fe90323adeda45e1fa7e8e1cd14c6ecec84fa7b5,combined.pdf
b7db5f141991f3f2f32e811910b81a5eb5f8145a,combined.pdf
c7907c9c620f8399efd8cc0ff4d37d96da87627f,combined.pdf
5f897a9ec207b515f9c2b2c3ca93e10e8438aed0,combined.pdf
a0a8b4800d1e345cabcef3385a0412b7a07ec602,combined.pdf
5569bd1791f2c3fa89c304be102d583955108781,combined.pdf
a6dc25f4235e60d3c9c99b19afbe061c9d5275ef,combined.pdf
2946980c3ef8d769ab9066457a3429b7171952cd,combined.pdf
b742f84c2bbf7bdea8d5694d0d3118e1ed62ddcf,combined.pdf
68f4c87ec74f3b4d5232912c8eb38e27b3ac405d,combined.pdf
21d3577e347aa9615b9276d953eb7e560cd7b302,combined.pdf
7486a0ff61ba8197923654350a7a2c131369090f,combined.pdf
a89ce7e51eda821a234a57bedebfaeae1d297d8b,combined.pdf
3ea13cc66c6b8d2a8332777b28ea95900325b9fb,combined.pdf
8e04110bce124d83be051b40d0a158a00e78ceac,combined.pdf
4353284496dfd2048036d8f771ef71cd220fd17e,combined.pdf
6a4bb334d893845cf20fe6de04e36fe595f8bb09,combined.pdf
6938d0a09d5b49bb5732e6bcd478733318c19d27,combined.pdf
224046a66a17ce0475bfdf40b74dc0027550cf10,combined.pdf
1530a5eb62be37edbeec76b1bf85cc4ae8f838be,combined.pdf
7b7d6e248080f27c5d15c3a7f24fbe91697c6a88,combined.pdf
ece15a17613dde07c9bac0b7ffc18d68616432f3,combined.pdf
90957f4d41727efa0fa6b3915c8b7455c54acbd7,combined.pdf
f6797d65c33e77a47ed9ca01a83b53aa3b56d2d1,combined.pdf
29fe945e352f62039a0aa4bc450874cc9d28d367,combined.pdf
7aa73a6651eabd16ebe46bdb1d145169a5f13fde,combined.pdf
24583cb4cacfd671a4875e4c79c90c47572f94f6,combined.pdf
06d57b6763356dacd9cdd4e0d463b5c87913a114,combined.pdf
38290b8449553ec8fe58e2f75a0c31d89b186653,combined.pdf
dcbe6e69a67635da255ac46b1b2e8ba729992ba4,combined.pdf
c73318930faa9ff92ef4496fe8b599a9ac8e8edb,combined.pdf
698570c017a5aee1799e108e37d6b0322a053a70,SOS WO1.pdf
e1b43053513c2d0fc2b1937e00919537476478f2,combined.pdf
3907db4e5b5f269aca562d7b837eebdf6bac1f04,combined.pdf
5c1b3ee998a4e3687c3a8f6912d5203a0ad3c837,SOS.pdf
8cda517539a6e70c82a39730b7d331dcca497694,combined.pdf
b7b7a197495e8ce08ae9661424c78c4c02a21c9a,combined.pdf
b80b3c2b3f87abb6fd92351238ad55d3976f386a,combined.pdf
31990c41600ede7c9be5d0ecb711d3f0e01c6050,50017713.pdf
7b47ff681b267f9108eb32daa12d5955b333aa4d,combined.pdf
42696485201574ac9e0e85e4867db1a736490a54,combined.pdf
eed39e300de06c330b500ecce367e05bf8b31a11,combined.pdf
2e2f313ae44ca810af2a6e04cec1e9da9e229618,combined.pdf
3dad172f1e244fc2823a47a124cd33573a16ee57,combined.pdf
224fa3ed2ced61f08f41be1d2cc329229820129b,combined.pdf
bdd91a8226195e906c4ece330f89efcb02ff1eb2,combined.pdf
c7a9625f28d5436ec0ecdb4203566b02b85841bf,combined.pdf
3aaea6c9a0edbe0d7cbad9633eb65b373e8b5145,combined.pdf
602832b1b37ab76272ab188d3a119b521ad13c8b,01-20-2021-17.45.55.pdf
37b5e26c8bdaf248292e3883e795e2939652231b,combined.pdf
9b0d5778aab6d0237368d06262cb071a74561f79,S O S  REPORT .pdf
273d2e58eb5cdbabad0a27c2a6a7e36ed3eb0afc,skill 50017713.pdf
1fb56a9f3cce32b463b03d01af074ff3e07e3331,combined.pdf
c132b2f042defd779562af0bc7ac11200ac2b107,combined.pdf
a230c573641efb301d4047ca2d395e9fd9cf7703,combined.pdf
a61c0c20cd7b7a394bc5f7e5a0ee322577783bfd,combined.pdf
acf32a48cd42de3a36a45b0d1a2466d98d48143d,combined.pdf
99477ab534c87748c1b1d9685e5b3279f2a7663b,combined.pdf
bfb7f91dc987c436469ec5477fe8e6f44053f43b,combined.pdf
2b9577d422549537c81b5ff11cdd0a54c072f789,combined.pdf
5da0b02f0cb4ec424334728c6bb282a67c38eefa,combined.pdf
ca41cee23e36001e70672dd9b8594278c4b9e961,combined.pdf
d483fee8ddf29b41d196506b5dfc309fa9dd4228,50017713.pdf
8220ad53e27fd776fc455fa5644a58f969b59fda,combined.pdf
e2cec3028975d2e367770bf1fab7253dbf59d03c,combined.pdf
1394f8eab6ae5f765e6364ecc906a923e3a82228,combined.pdf
d9bc82b9c6758346b5fb2b4997249f1be6bec66d,50017713-01.pdf
17177aa3bc843a080687fe3b6aa72df384afd5db,combined.pdf
089ea4018f53cdeef20d80b4d25c014b6eeaa40a,combined.pdf
4a254c6b26500886f747ac60f6fd7bbe5e35c6fc,combined.pdf
c2143b670877a870becfd182477c859b359b3be2,combined.pdf
6d97eb7e2e4c5cfd28aed5e2ccf92d3ccaaf533a,combined.pdf
5b033ba93ddf222499db64c2fe2c79d77e7cc489,50017713.pdf
fdd8da25f29334d3c27d9a1d3639dc9fed4c2e82,combined.pdf
02e6382bad4946c46e5eff9d3ba7498fd6cf6efa,combined.pdf
db3307ba1e13c8a9c707e48914856cab55aeadf5,combined.pdf
0f5c81d769bfb507162c308f873d22ca9598ff41,combined.pdf
6552222b443d3c29e6ccede232de68c8a5fc73ec,combined.pdf
39509375dc758bf79683703996c3ee725024d030,combined.pdf
87a7a8745101ccf66439076a95585628a50b4824,combined.pdf
b5600cac63a66f6825d11de11270a6f0e5b449a6,combined.pdf
685188c1dd3c756322e9b8d0d46798c1e22b6d15,sos result.pdf
e6db9985a5faba764f2410b900e11eea2ca51950,combined.pdf
7817325abf46c346a6a26eca4cd0c0e7cecbc44a,50017713 sos.pdf
c7bf336760302658efea49b75a73ed7978b9a201,SOS REPORT.pdf
d7efe991f120baa3a09a24a80215cfcadf67afcb,SOS1.pdf
0ea11a43153ec2f6eb82e6037676867fcaef9e69,CN47825.pdf
630bc61503f556ffebce19fee1f222a216adb734,combined.pdf
379babd89e783839a8777a4a87176db4610be312,combined.pdf
47ecdef46c925a75604cb0860d85a101d3043812,50017713.pdf
4992be021b3f253aad01a9c84ea84c7ba7398101,combined.pdf
2a30a779daafb2809d83a572a7f4907e967d0924,WO#KM65182.pdf
1d5831122d2bd1118afc50ca926a4bf9550ed063,combined.pdf
d07f056e24a158534acd0113629063788feb63e5,combined.pdf
5f505edf73753b29b123665894c103cf5630354b,combined.pdf
8bb97d21b4a9450f3bea8fb26357a4bd544d68c2,combined.pdf
a6feb459baf61b1480bd136e3cc2310cc95c46f7,combined.pdf
782f18b45c109aaa640f79583f08e57d8e91edb4,sos.pdf
1fa77ec487e748c11cc54619276016651d5e9762,PA65171.pdf
16fc8b960c06b409013919afc155756f790cb8aa,combined.pdf
138575dc53a145ec3b7016b26c3f8b31e84d0d4f,Chola Doc 2019-03-15 11.00.18...pdf
9bca8b4f4c40a843d4d1092826a34f02f2b03d50,combined.pdf
a7910de3ccba09709c1ad9ade1187a8a8ad7b262,combined.pdf
7abffeeed7d90aba467160cf82c46f6614526a2a,combined.pdf
0e2a2f8d74b0dd90924d56e3c7618f377ff22430,combined.pdf
b2a15e65fb668cd95c37088df7c9a196068b9f75,combined.pdf
e26bd083e55f60677c9b117f6c260b2b5faa3bc9,50017713-01 Participant worksheetRAMESH.pdf
c87466c555b2e80f6733adf26c6ee742dfa22afa,50017713-1.pdf
ba76afea0e531b6b5a2e4b18e3f3fb0ac154ada4,Engine repair 1.pdf
e8e9fa09913c747e09aef156cbee3cdd0fc2834b,kj01377 1 sos.pdf
fdbfb3f4f2bd6264b4b63f06cdb24038c6eafc7d,combined.pdf
4308ad2395ffe7cdfa723656edb211deb2c360af,combined.pdf
b153fcd13baa6b0ff3ba78f5396d4a35d004fd78,combined.pdf
40352073736d2472a3e18f7e08dcfad070243ca5,combined.pdf
20a03d88a9b9878ffb68ddceffd962edf070d0be,combined.pdf
d64e15eae3b6457967829d07f9b93ee72cbc02a5,combined.pdf
554dc41c87e5c1669ac394dd0508c51f324ae492,combined.pdf
7d115ea257051cd6b413fcedef9c20c3d6bf51b1,combined.pdf
04ae9d1c46a134f99a478349d2f3a782bd76eab3,50017713WO1.pdf
eb4971ef4917c7af31f420f499ffd5a69ff1d00a,combined.pdf
99cef99531b0d5d58a8aa93d3644e841e7297c4d,combined.pdf
c1dccff775b36888c742799af953a34be98f9164,combined.pdf
825c661d08f8cf3e568ef6459eaeafa51f162205,venkatesh logistick.PDF
7712e84efc2162e8a35a7945e50fd9895a4269d4,SZS20313.PDF
48d791159e4c392df1be208ae6341b8159596831,New Doc 05-26-2024 17.23.pdf
a42a784a924450d1d5b873ac3bab2b5f471ea937,combined.pdf
a247d4db536c6b742ca6d241b8efe50fb83c6d75,combined.pdf
a8c2c72d2ee711e9774385d51cdee9e5ca9cc384,combined.pdf
24cc165a8c4ef1d16b7693efa4c4a74533b5d7de,S-O-S Report And Interpratation Page.pdf
84aae8980575878574bbdc3fc54facd511c746c9,combined.pdf
5807c4fddae5ed586e2206e81f5601cacc743f3a,combined.pdf
adaa1c6b09926284d6e6a4248a34754f203c4653,combined.pdf
44e90fa7a12397fcc599c87645128f9238e890d5,combined.pdf
3b6bfa1d309e505bf777a570f4451875ee913a24,combined.pdf
5903bd85ed11bc4a0a227c73164ce8f0b301314e,Analog sensor.pdf
71f88cb2026c05e425873b634d03f7f740c0faed,combined.pdf
2322dd7f3ba55784507caa964e210c950f1e7e0d,CE09797.pdf
37dbe1b30326675949959f90b57e7a14202c0f48,combined.pdf
156960964334fcf3b5a74cf17e293a00c3b582dd,combined.pdf
7f5c33acf66fa6e6e053aa1f0ea758f786a58a4c,complete.pdf
efe416af106253f57c126fd154e32f44acafca55,SOS.pdf
5958685e3a87ce6419394c43bc350ebbdbd80c2f,combined.pdf
d7d300f573dd913e833c4a43542552c108470376,50017713ANJ.pdf
5cf896bf9435087cfe4dee8826b300566a37b2fe,sos 1.pdf
0aa4043dd95239f9a85efeef7d3bcaf88923225a,SOS.PDF
cb118dff962c466ba22a28cbd19797c450846ca0,combined.pdf
543e5849cb783deddf8c0c3a3f0c3a27f70ec816,combined.pdf
996bcf25131fb0391284df4186a0a271e39f8765,Adobe Scan 20 May 2024 (2).pdf
2ef619d2782d6601c81ba4ce4db9dcec0500751e,combined.pdf
1ef07d2b5f88a5ccdb632ec1a3a05244b66bdba4,combined.pdf
398faa5696316444f4b127337c256d6e46d815e3,SOS results interpretation on diesel engines.pdf
33abe2ee20c4e49e360566d242a650d62ea17f02,COMPETENCY50017713-1.pdf
6e04acf7d38894a0dd27823116cb35316a030214,50017713.pdf
387d9d80d9792b3ef4547c66b4a7dfd090436f68,combined.pdf
df738437f387a6fd7c01fea00a6e555ad2515460,50017713WO1.pdf
d516542f97275a9203174014b191c6a70d800247,combined.pdf
4009ccef1228b8d009cafd2776c080ebc30f2ecc,WO500017713 -1.pdf
7dd32cec8eb366d2ee29365e1d1dc9e93913331f,combined.pdf
e2dd96303ab08440c6ee69f27feff54eb82da267,SOS-2.pdf
46c47291e1615c8a1884ff6868cbf2a442d58afd,NW33193.pdf
01c2f2806f0a001ccbd1b15e03ed45e29d38de5d,combined.pdf
f4bc53db1cf29bdc283d10929a085ea3ddc94ef6,SOS SKILL (1).pdf
c7c2f200b2faef5b3d2216dd64a624ecd44d626b,50017713-01.pdf
eca83f01d2e98cfce945ba63c80de4f86857c823,combined.pdf
3f016b7a6396c817e50963dcf3c066df73c8477d,SCAN-12-L2.pdf
b852e770e832f092635899151db251b20bf10e04,SOS Result 1.pdf
db795b50c99cd98768c4b12d289667a74a10ca1c,engine sos1_compressed.pdf
5ad8067cfceb9f759de7d3e60a83eac6f9d98d34,50017713 19-Mar-2020 15-02-43.pdf
d9204f928196ec0b03dfc61607196114dece8220,combined.pdf
4f5a84dcc14f4cc0df0eeac5a57b68bda952da20,50017713.pdf
e1d5dc260eccf08175f9ab37d0b81fd5395301eb,ENGINE.PDF
497ec98ab3966882ff390cef635b8b6c41a89c14,50017713(1).pdf
ff359729d6db669c664b9ef86b6c5f9d08edb098,sos1.pdf
d0c4b4d0e0c27e0e30459ed12aabe1360f4f698e,combined.pdf
8a8da26ec1181b6f097d6833186c950267a9b7ec,50017713WO1 SOS results interpretation on diesel engines.pdf
64cf117745b792c50a69aff654209b4d138e24c8,50017713-.pdf
fe889a5237c85e9d2d4392a7b4e9e70d29ded9d5,combined.pdf
da3c0b2eeefdf88897d44752e6dafce5053b0579,TapScanner 09-05-2022-18꞉54.pdf
9cb2da6387f1e738e2eccaa449a5fab1577c739d,vks 88 19-20.pdf
a43c0480fb654621eaa870b951a0c668b9d9ffc4,combined.pdf
871d249526cb8bb37a6cc45ce540f201e0d2300c,50002417.pdf
19f9570d1549f99fdf723ba271dbc72f9cecd233,Sos Interpret.pdf
97f7e13bc381302c7d6c8a5b0335791f81c35499,SZW00192 SOS.pdf
107275cecd2a03d1f336ef3b4a7aa4d21932c69c,Skill competency - Engine repiar SOS interpretation.pdf
85b678424ff95e761e9a5f21d3ea914d31518912,50017713.pdf
9f56be1a1b3600336fc5e828643f842fe3a3e0f2,Engine sos report.pdf
fd2a4c01d192ab5fab243fcb88c41cdc354e8f2f,SOS result.pdf
45f1f733415007ae3ded0d3b6408829ec39bcb69,combined.pdf
594067e48862b4a5d27867428540e47c935b07e4,50017713 WORKSHEET.pdf
9883177a5db4a60191d00671b2888daa682821ff,50017713-2.pdf
59a03c6eeb43bb7b6e3fbcc14c8eb40ab3c1a6dc,50017713 Participant worksheet 001.pdf
9ef6fdbdbd62538c294ed4f059b7a60a3708f101,50017713 work sheet.pdf
660ae1caba8f5cfdf3ee77bc49110ea4801ebb5d,1937658_DNP00520#DNP520-M-BH445-PMA_ENG_J090-50325-0054_AR.PDF
f72c752bad7f8f70d11d055fd36c480cf67b17c5,SOS.pdf
5c469f07bb2d554d05e10d21fc6a190f5c6f42ad,menghane.pdf
f0abf7861305b19e938dbf41151a6e1e1a5f17f9,50017713.pdf
51e78f611f642f6968c3f74b89bcf7cb07e7f0a5,INTERPRET SOS RESULT-1.pdf
73b04531b54f83bf67e26d5e016fe521175d22fb,eng repair sos 1.pdf
48c22289d4185a7a488f32be1fcc33d1ede7b423,combined.pdf
e9103452ca4a0571dcf57fe3b05bb6182d5e0b64,combined.pdf
0d5a3f2c3533ad47278c2d77edac96305dcc30d6,combined.pdf
c8eac42c6f56cacbf2af91e0e55d6b3c6193a297,SOS WO2.pdf
e2ee847c759dd5a2e96f34f1b7b86c6fb6132b31,50017713-02.pdf
5af2fbe48c6a024f7978e2ba6a8f4d1dc8fd639f,combined.pdf
e8ec32c5d829923232e0b548ab507326687b5cf6,combined.pdf
49a1dbdc50c2dc2527e184b5acce9f473f7aaa8d,combined.pdf
c3e7c5433bf45c96fcd648a9419cb699c23f54c2,SOS .pdf
733ed190875377926a260a738ec8e7e3beac8954,"50017713,02.pdf"
ff827618b6ad7e6bee9b3948feee5bafa4b3a9cd,S O S  REPORT .pdf
9487337dccb9e4eabb36ad4b55387b914231d9b8,combined.pdf
eb89b39d34a85401f6e2f401387d147e93c46254,combined.pdf
54ce3218738b1c094fefabfecedea1277c5ac4d8,combined.pdf
e45cae3ce3780e96a147297023972d088fbfa627,50017713.pdf
a30d9711c944d97c0fa7f463aceeb859f4fa4b7d,50017713-02.pdf
429a73dacd6203254920b8f643dbc2331915c6ac,50017713-2.pdf
6b5febddc7bf5e39a54865e15dd60729df99149d,combined.pdf
eeaff4361b7bd28fd197d663faa36e2e037c4952,sos result 1.pdf
8852dc81a32827af8b6fbe4a2383e4cebdb0b6e5,combined.pdf
e0d92469a387f4086ac38e5e4a5893b842bcbf31,combined.pdf
732ad1b2b24349552ceb0d2f0515d08f93d01f40,BL91986 (1).pdf
c2cd12ad0375192e7fcf45572e161e28dfa7de16,SOS2.pdf
443e8d2b57910f48c97d456e84e3bcd7cbd6784f,CN47597.pdf
4ec1fa4aecc41539401fae6d47b24d2ed20906bd,combined.pdf
0caa5ac26db9d986e17acf42ae89734923d2f502,50017713A.pdf
ebb1b60c743263d803e122655394caa158599132,combined.pdf
491f33de058bd1cded4bae87b7bb139acc54d755,sos1.pdf
4e860d8772a9f6fc6dfc19493251c49cb15bc644,PA64583.PDF
ce235950ed4db531721090219f67234bb1992b55,POLY New Doc 2019-03-15.pdf
ac91590339185bfb43c2cab1fc8390cfbe545c08,combined.pdf
b90dca9c6dd2ed5012cd0d9549e20ea2461fdbf0,combined.pdf
5995779de8eab7d62cc7e2ff0114be75222d9e95,50017713-2.pdf
8b80097a0332876c0505d6845c6539aaebe7dada,Engine repair 2.pdf
ded10d51d519f80cef328bbd0d5606564bb80af9,combined.pdf
99be9a13cbd5f2fe45b34a08914ed46660837f0b,kj01184 2 sos.pdf
307e8124d3290ae8d52ef160b8566529d9c40b11,50017713WO2.pdf
94c08bf4a64ffb033997f15789f605827b551cb5,1016325_FAL04455#FAL4455-BN1741-1200_J090-47152-0022_MC (2).pdf
abe7ff70099036e0a4bc82c76ef6065efeba153c,combined.pdf
ed95fe9ebb11c37cc2ef9de2b1f99a3306411bdb,sos prabhat.PDF
b4671ae4e095f869a2e6a3f4c69201919fdc6cc3,combined.pdf
61cf5b2b0cba96334571d1ebf418707c49aa9657,combined.pdf
2b9b87619946a1a06a79b88f1237e9140a2c3ed9,New Doc 05-26-2024 18.02.pdf
8b8857a4240f1424691b0d59b4b57ddab0559e2a,S-O-S REPORT-2.pdf
fadfdfca63d8c34a682ee4ac682eaa2da7df3510,combined.pdf
f58259248b62d91fe5dce28a54555565f55177d3,SOS results intrepertation.pdf
d5aaa70897286bb755c0b1883c784a0f80113049,New Doc 2019-08-01 11.21.58.pdf
3370e88d4c7dbf477f9465248836c0fb98c4f104,combined.pdf
876374525a63fed6ccbd1f6a904e1c08242a1bee,combined.pdf
561f240004a297b562fd17fa2c56ccaf9c715668,combined.pdf
3a19d39cb8258d597d7b69f7a4aed8b6b97b8ae1,SOS 2pdf
7f8e793bb7b875768a0f64a9ab2667b4b4b6770b,combined.pdf
6335b7313205f969f47d70b1871630ffc90b6d20,50017713KAN.pdf
34afcb1e3f6736a120cd2e0bf2f5901400dc07e5,sos2.pdf
698148df557a5ecc00aab1ca138cc4e4c3cc28f2,S.O.S..PDF
6b517ffbeb7a2760ddc0522d241cbeb372782a8d,combined.pdf
134cf999956e589e67bca8cd6127a6de20326451,50017713 SOS.pdf
88c2352156890dcbf5c10badc6fde516dd834755,combined.pdf
f31a33a8c0d8f3024db4782bd601327f7c93085c,Adobe Scan 20 May 2024 (3) (2)-compressed.pdf
3893e43edd32c1a8cd173ec10a8b62be6d44daf0,50017713-2 LEVEL 2.pdf
2863eb61fccbf76c6aed437be0cf520430ba4608,combined.pdf
c9021be8092ccb5a5509ded19ca0f7e3b4cb3c0d,combined.pdf
8107e1a5ecdc8383239c602236b40eb3de2d405e,combined.pdf
07093a0ed78dcbd359d7535941c2c2836180ff60,combined.pdf
aca4660896a02b1fa20a9bdf315389f08a5d4955,combined.pdf
13c7b4346d0960ff0076a7408e0d47c157613dc5,combined.pdf
3ca9a8f88e95d2b43a729d1e860e4a3c92f40093,SOS SKILL (2).pdf
b4023d425e3f1e02f9824859dd55f6f8677024f0,50017713-2.pdf
1d3cc27ea71ff4b102eb016c316a82eee1e7f0fa,combined.pdf
9665f4db1d857fefa7a2e44c147639c37a174673,combined.pdf
2294df72e5c39881c35dabc0df02d5b64e9119d8,SOS 2.pdf
4c98f8ba3dc80b93fe22f2383ed87a0b2234a4df,engine sos2_compressed.pdf
18a31546a628526a32b32d6c6a66630f655652a1,50017713 no 2 19-Mar-2020 15-04-26.pdf
6fa4cac78a52366b826c9e9e7df14e82f97884cb,50017713.pdf
83019d28022a2d6abe95995ff9b35499ad11aab5,2436566_MEJ00282#MEJ00282-M-BH361-PMA_ENG_J090-51014-0021_NAR.PDF
5b5a7d9a86e1532c2d110c034c7a65ce613a2d4c,50017713(2).pdf
95ec08ae6bb13082aae787132f69b46459ef644a,sos2.pdf
6153c9c2eca9b50b8627e24e8e001098ecbf2237,combined.pdf
1a901fd0bb6ece785cb6de20631c40699034005d,combined.pdf
e01999764e3644159e7fb18123684d511b37608e,50017713WO2 SOS results interpretation on diesel engines.pdf
019a9133a7775d5ab489a53ffe6eb1abc30192a9,50017713.pdf
6a394d2a88a772895b1aaf1c7805c01929ee908d,TapScanner 09-05-2022-18꞉58.pdf
ee4f498c86a167af72188889c10c5213ebc4d15c,2vks88 19-20.pdf
690b2cd836fe678caa3b6d409657c54445888f29,combined.pdf
3a5cd615c98f171de096e6f6b23d0b60b86bb303,50017713-2.pdf
12cd7bbe3b1c4df95c6b65f7f258ec62ec355b7b,50017713-3.pdf
5e9782dc553e660f5a594c473f9ac8012d9231a3,Engine sos report.pdf
31022663f2ef5c94bf9b4322a0a396cb487da40d,50017713.pdf
60f1edfb232119b681e2a287c759f10df0484caa,50017713 Participant worksheet 002.pdf
5c488fa741bc252449a03dded02c3eb473cad6e2,1937658_ZBM00151#ZBM151-M-BH361-PMA_ENG_J090-50337-0041_AR.PDF
1c43359ffb319f7e979014260cebad49eeb57024,SOS ( BGR22-23039).pdf
fea50d0af98614caec288165e39f7cd80d74befd,magdum.pdf
a806c6690d887e748400ee9edca9160b939e46c5,INTERPRET SOS RESULT-2.pdf
0f83188936b4d3183c5bb8a6e0189b3d8640b88b,sos 1 (3).pdf
6f9f811c98635b207e074ff8d988ae14e4f784f3,combined.pdf
252a16a2f0bfe12bcb0f58bcea5543d628d4ef89,combined.pdf
f5e9e1fabe5bc1b564c161dbd2ba170de1bb51a0,combined.pdf
9f14b5ce06ba6b7bd36c457a81fa4ba8c5aec089,combined.pdf
1d3507082403bcb8a74083988688d51476b046e0,SOS WO3.pdf
b27f353a26bd8a268cd6aa6ed361ab66f9f65773,50017713-03.pdf
14bafbbd7ce22a53814848ace886bada7c7f5213,combined.pdf
859febb3c6838dc3ffce2f4ac995fc0269eadb15,combined.pdf
98dbb29fe8830f355382b59985ae5fdc5991b94c,combined.pdf
8a996f6c83651eda4566d739079f3927f67adc41,combined.pdf
777031836ca2531a84956bf65c036def7c6573b5,combined.pdf
a6199a176a2466deb558fc79d18e1180f6decd2a,combined.pdf
396ef0465ca7fe633dc5b1dce4d11d8d765c2fdf,combined.pdf
1b4d1c66eac29139d7a052ece8386c20458aa9e8,combined.pdf
c061796dc110541cc5d8bc5c9ba8201b813d2598,combined.pdf
1829fd51f36f8a5b0faf8cb387ea614cbc355a31,combined.pdf
fe4bd7c67d9714af2481f4eeb434d8e37615f83e,combined.pdf
1f311578ab1122fe34b361391d467e08e4277185,combined.pdf
a6086b364ca5f94f75cb40c5398ba2392519a86b,combined.pdf
89c4242e05a462b97124558c2a605599c41361c5,combined.pdf
e6a20b9ce2e254aecad2d0175410334f9cc4a873,combined.pdf
0bc476b7040ebc882a5fcae515a662daaf852ec0,50017713-03.pdf
d5f47cd3b0d0a10c7ce69eb49657060993a4fd96,S O S  REPORT .pdf
e57d98a018eccb4b1a1e8ea6cb3d077dd37685d7,combined.pdf
cc5f7ec986bf77c1802944ac3f40458851bc8ae9,combined.pdf
ca4ec7f5c8ca1f89769eac14af4f213422a867ae,combined.pdf
38aad261e5335ed0ad2a1dbfd1a69d758d2234e0,combined.pdf
e8d69f17770d8adab93e1af944c58c7c32570986,combined.pdf
54f03d863edf2785d9ed24461e84c9eb0d70d14d,combined.pdf
f095006cbb6d84923b43dc30c037e3ba83f5f3f3,combined.pdf
4e35e9c19430e85e74475a7db99aac5d8df720ce,combined.pdf
56e18f8ebe70d68dbcf722b3133af2eae174a2ed,50017713-03.pdf
00a5e53722f37be4a8a936c8e878c4c4dad1762d,combined.pdf
c4d8090f22177694492fcf06d6dea89d5e1e4cc3,combined.pdf
88f4a109fba51a15c152ba318d42ab8fdfd3c7cf,50017713-3.pdf
6dc90846489715d302a35143be3ee2d62980b543,combined.pdf
ba83fcbc6931c7292725ef717ab3686ce9d959e5,combined.pdf
a7fb6ba9e4c410e0ffb88e379ec743e352b5cc2a,combined.pdf
500f5fefd49370485a56397ba4149b0941f56906,combined.pdf
4d494cbc02ff33beba1de26535b700a45607828f,combined.pdf
d80353cada2ac0736dc6ba1856809d175192bc1d,combined.pdf
56ba871fabdbe8078b310cbe804437c55a7a892d,combined.pdf
8e81d14c11cafd9b0a0208572a83037353207dd5,combined.pdf
63767deaf24c8099bc15385169932466c65380ca,combined.pdf
01f416302b1e8a3220479e5ecfeccf94e852a17f,sos2.pdf
009bf66fba4d5d16bfca6151f0900a3d4743062c,combined.pdf
0de6c68d3c4586aa2ee04bd175027e779de5e306,combined.pdf
1ed3da223f41466bf4be1f1a5beb9a13a17f3b6d,BL91986 (2).pdf
8a5e7d1ba2c5379dd4b969a1015dbfcd4e1ac664,SOS3.pdf
b720c5d4964b55d197e50acd6fb5f6c811135a38,CN48566.pdf
8c287ba36f927b87464bebbcf48860c84b7ee41e,combined.pdf
7ce66f18f5bfa9a6168c4c29fa8f65e4ac4ac90d,combined.pdf
17b82a4ca435ac63abb86817a287045f523f8e60,combined.pdf
59379ad802610952c946db47c17baa1a6191a865,50017713B.pdf
39ed6c8702567aa36bb859edbc686bdde1ae4347,combined.pdf
7fd56e21fcaf96771634d7ab5653baa2e0528d96,combined.pdf
48469be3b2f00dac3e82f37268e6fd299e6d60c4,combined.pdf
62d1b8dccc55390cc290cd5e17287d2b14d14024,combined.pdf
6ec6f12df32427666ba592608fb0344dfeade0f4,sos2.pdf
3da21147311f752e827b3766e68d835a32f0d08c,combined.pdf
7113abe65957f061a4cbee4d5f50207730cc982b,combined.pdf
6e2e5a8d531103698e79aef91f6708ef2e9036a5,VVVS Doc 2019-03-15 11 54 23.pdf
40b974e5157f5e347af8f29a5cf554aa52bf537f,combined.pdf
55a5dacd9b0c0d9db4b2a95b18f62db7995674c0,combined.pdf
7850d4c2efbe0f2e5c044f123bd92362860f3495,combined.pdf
5eef0876bcc210192cf50188e33ff47247af969a,combined.pdf
bc739e85cc0f66075e644249f67402ffd2b10153,combined.pdf
c279b98c8a4de2a43ee03ed8efdd7a57def1ab9d,50017713-3.pdf
4039b7c59aba013c72228d0c31d37be2c16f1b48,Engine repair 3.pdf
5f19075c36e5b39f7c01154925290569b17499dd,combined.pdf
bb85c507846a67fa519cffb2c3bb7921bdbb8d83,kj02082 3 sos.pdf
c860b45a3dd20257c794f1619db2894a0f8064b6,combined.pdf
113613d20b2d2de94925910fbc8e088d3655fa3f,combined.pdf
5f1ef95062144ff63c06004841efce67dfe58821,combined.pdf
e4e03154b0c47cb03b9cc289f11d0e5f69751673,combined.pdf
005722086edabeff214a443e5c1c5810b46a1a66,combined.pdf
f2fb750b117e8a6078c0da3903beb5a8ebde08cb,combined.pdf
bbb9723db1f58897912ebe4a13f6c9fc57742268,50017713WO3.pdf
991677a492323e91a818ca055cb8362eab5d6991,1016325_KGF01782#KGF1782-BN1741-1200_J090-47152-0024_MC (2).pdf
43f5990942076d25ed051e65dac3ae6a461e7b71,combined.pdf
cde5b3b0d54a0f314b854969a9fd3fc421fd33c5,prabhat stone.PDF
d7b85f6b2a43824638a3507c70479ff4a60ffb1f,combined.pdf
ee267a9d6ca3981d10e1df1c714e5941452fa458,New Doc 05-26-2024 18.03.pdf
e2f6b2dc66cc5c15212b316a6f77426ff24200b9,combined.pdf
ddb6a8c8ebdb94ddca4d17d0e5f4a5304a7d8631,combined.pdf
10e2d576986110c3fdabdd10a1e9e34d355e93a6,combined.pdf
a6aaa1c51aa335106da8a992ac3ff3d534ead45f,S-O-S REPORT-3.pdf
99cf80f47d049052a90df99965af232466e38cd5,combined.pdf
3c2c1c0cf7fd626877f95bc8a1c604e895a7e197,combined.pdf
2eda41d7194b49cb643f6ef156de6d7955840b25,combined.pdf
72737e538a46831de8df15d71ad9b105032391d5,SOS interpratation.pdf
c3cc17e8b8cf29041304cf8264593024b6c485fe,combined.pdf
9767c49ac7484eace2d9809c408b19d14c2871b5,combined.pdf
0b01ef05061bdf570abd3e891d2d5e6bcbf3351d,combined.pdf
37a3766c1d25e3ec9ac5b7c0686cff67ce255f53,SOS.pdf
37f139157816d02fc952da72bc96516584164a76,combined.pdf
11c7f410413eab09dd40a8bf1306d5c8dc7296cf,50017713MS.pdf
31af062d07947aaaa7c72fb517e6df33b20d92ae,sos3.pdf
938d38ee8433fa868c84b89e8ffc318f93666065,SOS.PDF
ec3ab8a2d5cb9396e1ea84d1d539d8666f495950,combined.pdf
0e6521c7f514003a6c47d23c4b99fe60e43a023e,combined.pdf
0c1a583be3d813df66659e3eb05c570e28ede2e4,50017713  SOS D8Z.pdf
077afa5264e291b2f76efc203e99e0451c529dde,combined.pdf
f2b518c219de8019ad4ab8265962610eeab8b404,combined.pdf
f93cfd6665d8303d50a6cf8d3d9a3a0382ef05c0,Adobe Scan 20 May 2024 (5).pdf
e760c8b9f625343ceb6db4a9f305396e1a14b1f3,SOS results interpretation on diesel engines.pdf
18e7c9348d32aa0464d1fed18d1bbc1a618ff528,COMPETANCY50017713-3L2.pdf
ee1478a30cf7f747be8253fbdbf71a5fc1252d81,combined.pdf
42aa4091f58b414fc4aff15bc60ab5282939537d,combined.pdf
0d32f28a3f6a0b0036d1aec6ecba9ce651e38f46,combined.pdf
7352a3e910bed2bd7e7c4e5eb47f80d86acffb71,SOS-.pdf
26675ea482fc40b164d9ace20889d46d82db82f2,combined.pdf
0de071b89628a7f4d3afb989597fd3012c85c21e,combined.pdf
db4c4e52680af9f5da6d1df1568550e0964d115f,SOS SKILL (3).pdf
85b90eca63d5d852e86d4767002f2757ffc25f63,50017713-3.pdf
fda47993d63bc899ec99c3e72c77b4fa3c500ea5,combined.pdf
30ead9016725fbb2f083f367aeb32ae3a852a2b6,combined.pdf
09d2d5e87dcf0645b0da85f20b119ab8d833b42f,SOS 3.pdf
18f1cc9f1192ee84772adc9f5af5a7b282f064d9,engine sos3_compressed.pdf
83eedbd0f1218e16f40b06acb7a37e08cca0ec00,50017713 no 3 19-Mar-2020 15-06-08.pdf
daa5c697a3a05d53b2ad3ff88f77fb65eb247a63,combined.pdf
08ef97e72294c8d8ea40949076c6c0e632b05328,500 17713.pdf
fc7a764a8275b56b958d8aeff31c43402caad347,50017713(3).pdf
d4e6f815f11fa80c110a03426d8bcfcf28289472,sos3.pdf
2da2c344f7c2ee9ecc5e9994b0260d47eb2b2265,combined.pdf
d5f8f6aa72285518378eaed3a5e48247850254c9,50017713WO3 SOS results interpretation on diesel engines.pdf
52bb51d17b4cf7a95cb89e13fd627b94166aa382,50017713.pdf
710895856636ec9b07dbaf9136bd84e84eb8317c,combined.pdf
f584c762a4c2b4d03fdd7d53c49d11bce0798ae0,combined.pdf
bdf49f8ead840d09eae152bc67fdfe8c3337283e,TapScanner 09-05-2022-19꞉03.pdf
ba29c60d36796a7d9df63dbc524469be200873f8,3vks88 19-20.pdf
695bdcd96bd1796601c058e993e790118f31cb56,50017713-3.pdf
d22e5fda354435ba45a58de45e8d83c0c0e8d34a,50017713-2.pdf
7adbee6b3272a350facf45511434457918a592b8,Engine sos report .pdf
cbda67b163d7fa01f00981682c059ef18682c982,combined.pdf
36dc34b1b9e23b7746b7530bec9549eebdd9248b,50017713-1.pdf
3a63c7ddc55d2540ada4cee6d07fa2f670ceeed6,50017713 Participant worksheet 003.pdf
4800b2bf9c874e8a3d600c94df5bf14243ead241,1937658_DNP00714#CAT-10-M-BH445-PMA_ENG_J090-50337-0036_MC.PDF
b16a6eeba72dd963cdafd205d717eb4772b9bc8d,SOS ( BGR22-23042).pdf
76f2e12cb8034c47f77141ba6cc01345094d10d9,padamshing p.pdf
b80ebf56738576bec39b5e66591cc10c81570d89,INTERPRET SOS RESULTS.pdf
aaeb1e6af85ace8ff946fc67773be64f264f918f,sos 3.pdf
75ae0a5f067514fdf41cfd8c5ff78df5dda3a040,combined.pdf
b201dc06b55f45e96cb84f000fb157c39ccb2814,combined.pdf
315a1974b41aa460c8a28e34c8db935bd576dd56,combined.pdf
28d13652baddc360c884a43b423aab81dcd26a49,overhaul.pdf
871d11ae140e19378dea3a8396cc1a0dce71a049,combined.pdf
af171d07231d7535673356ea5e5c534968504e09,50002408.pdf
d883bcfb70a411ead00596dbc467231dddf8dfa1,combined.pdf
3fd6c122c4dba33cf2cfea69b394bd4e0a68a3c4,combined.pdf
28b6d7f9a087ed2d2fea83cf6604734a37693720,combined.pdf
e1f034185be217574ff91424f25b1763d4ae97dc,combined.pdf
8ab66f2e26442dcc56bbedc068002edd4358bd31,combined.pdf
5fdc2f4f57618760f680957b9812ff1f3228e458,combined.pdf
9a7d77fdbe2515d53991340f3e70cbfabdb5655e,combined.pdf
770dda302ceba883938fbdb6f784e86ff9c2b22e,combined.pdf
b7f29c3bfb62a3138e2046453cb855197729098c,combined.pdf
69333f33b1f5f82cabddc177a808b4d23d77997f,complete.pdf
e21988409766f64247b4153d1b5e71e62c9be97a,combined.pdf
dc174678de7421bef2e5186a0cf014b4cec47ea9,50002408WO1.pdf
bd93d586edbbda561551cc6096b2a8ec6756ce8f,combined.pdf
0627b68cd982b6b58e1636f0f7a4645a6bcda492,WO50002408_opt.pdf
18fbcba67fa30c9224d4c1b791f28884f5e12556,combined.pdf
63a05887caa042438e2c5f7a077d7185e68d404c,NW33145.pdf
fd111cf3801f653d8c368221c87fcca3df452ba9,combined.pdf
5c2f3e559e759bc229be2607c65b07730c4e61ae,combined.pdf
8cdfc2392354c28e908ced328ed2ff05cdd4d1ba,50002408.pdf
b5b3a5ef9d708594265c191b6636092dfb1ac729,combined.pdf
8724abab44fb78ac40fd8ce78621c1ae7a0ab1c0,combined.pdf
17621b76186f31d2b23c90ebdbf84647ba90d6d0,50002408.pdf
55c387a2ce67b0bce3ce9c796da5eb94236ec757,combined.pdf
b83987beff678b9e80781a2869fbc32cf3bf9f6b,combined.pdf
10bba38bb81624212912d1c1015c28d9e9bf1adb,combined.pdf
d6ee076b42fd6c8a9de427c6b82993c3d24d927c,combined.pdf
acda69698581485409ea2fa716874d45ad4d0b92,combined.pdf
f3a464beb4889302db01eb34614cdd47557fe402,combined.pdf
4cd9c0fa1da6775d9477c1bbfa0abe978be21fa4,combined.pdf
b29c49a2990695066173225afd11ef8644c9db4a,combined.pdf
fad92d0504ec959804e72f244816dabf3dcbc430,combined.pdf
2acb28a58b9eae740a85340bc2e5ec2bec403566,combined.pdf
a2cc104106a0e3a34ab91722b5120d6748e20363,combined.pdf
60ba3da82c0e80fc4b1ad71c78267eff9ff7c11e,combined.pdf
b8370314ded17edeb00deb6c65df4d603c329936,combined.pdf
e8660de959178a7e5c0ae4579abe9c20c9405d2d,combined.pdf
9de32627a252519d1d665bbbc235a059ede85ef5,combined.pdf
bd638ebb3e3c0cc8ae9fea29fabb4f205d7db99d,combined.pdf
712b525260afa6df985a87e790b935e8e179e25b,combined.pdf
99b6024a582657cb0d0b91eb5bde84ac2abeb201,combined.pdf
2b8ac2c2555529b28fa584b949ea2024e395b604,combined.pdf
561669032b41021f88b3eb7774cd9a3bf319efab,combined.pdf
703816c063fab0f7f1d36ecc62a0bfbc524ddd69,combined.pdf
cc36591de1dcf85bea55de62c328b8b32e14c045,combined.pdf
553f3c834124d5fd18980a0c1f58917d5101225a,combined.pdf
47d2a43eca303793353be60a5edf77d8a96f1439,50002219-01.pdf
d760be7a33ff63e9ebcc7903e821e2261eac9867,combined.pdf
1f5374a2a09dc0a13af04c21918d8a7ede79fa5c,combined.pdf
0d5f867735d3861811b182a6b62e47f5c33a11f7,combined.pdf
1fdbbc3cceceea40980fda7670d8caf0a93bbe8d,New Doc 2019-07-23 08.42.04 50002219.pdf
c7c89a368fd2cf2f785a14c5c39de6d738588d07,combined.pdf
bacd08157bf7db253b3f7c1a28bc00942af20dfe,combined.pdf
90268b7400675acd98599d54af8e9cc402d71d9b,50002219 Skill definition.pdf
7595f41fe917413526526f231a10b38bf6920831,combined.pdf
5dddeb9eedad10bba345c539827a31c1b50493cd,50002219-1.pdf
1dc641572233a6c4790283bf463ca2d3900f6167,combined.pdf
c88ccb151f8d8d2367041005258bac2f3acfcb9e,combined.pdf
992896eea86dd4bac9fb729cf9c6fad8529463ed,combined.pdf
6b4e3003fccf9c4d64907c238342b4305bb3162f,combined.pdf
89f4b27e4a094fb1eb24c5d35093711dcedb3f9b,combined.pdf
016ebd017e313af18e5226a9c736a30f31e35d3a,combined.pdf
f5246dd2cb005f2ccb6708f3a6cff6baad539751,113328.pdf
752ac62d285a79d322bd464e3dce1e07b7095be4,combined.pdf
7438b2755940d449caaece97215286a8d796dad1,combined.pdf
9e90af446cfe61da90ea12746930b35c14a55f2e,50002219-1 BL81020.pdf
3a121f220f3755bd29126adc611c80df9a8ffd9d,STEERING CLUCH 2.pdf
c1da05926d0f219ea1d73a0877fd3c683dbd9dfd,50002219-1.pdf
04382139f2bbb8ad88ffd357491f00501aaff3df,combined.pdf
302460380c9eb5b6de974078ba49ddf7e3cdebe6,combined.pdf
96870469c937bbe193239fac4a269bac7f00effd,219.pdf
424d627770f09c8a3c83e71c4ded703ad71fd659,combined.pdf
259175b0c027e968a68655942bfcb21fc4dc19ab,combined.pdf
17a6e108157a0fe8e674eb8404d8ea923a8e7cc8,combined.pdf
e19c9ffba121ec96ab674bc6cf3dc0ea8b9f1761,50002219.pdf
503eb719c067db9c552dc10834ecb3c4e69bccc2,PA61835.pdf
d5cb541379cfc0c5c8e032b98424a73f8edb2dd9,combined.pdf
64ceeb2594df0e83505ad3cd5f95e45af610cd85,combined.pdf
36f7335b17d183d6fc7801287af56653d8c2c2d5,combined.pdf
3e6702266fd2a2baa20ade14db4c4f1094e23035,combined.pdf
4bd8788c16ac01a408d6bc4336827c27e6fcef0c,combined.pdf
e1a1197277413df54c84194f2223c31001f64fc4,combined.pdf
812458285378a4d99fc40afd84b1a027700d242b,combined.pdf
0a1e1b24a1ab0d3ad45b5d5a9c19ae5389706fd6,pppc1.pdf
508fd967f125b2328b8ffdc5638a1bbffe40a908,50002219.pdf
fcfcbea34043d8e1814087fce56dbccc4f76426a,Hyd Ad1-compressed.pdf
0f426b331a1840d673eaffefe321ac9d5fdff88f,kj01472.pdf
ac73b6d8d13ea45479defe178c776a9ba2b9bdb9,Perform the pressure test and adjust in PPPC hydraulic system.pdf
aab329af9364c8e06e7f6450cea925a51590a88b,combined.pdf
46d8fa50efe98e76d1b4d58a145672fff6fb202c,combined.pdf
106bc837032eee20f9826f20819f6690e8c4b1f4,combined.pdf
a08ef440186f311de81b1ec76e636a3c43d14fdd,50002219.pdf
77cc3d6488798da2e0b841e11dd5b6b9f29140fe,50002219.pdf
768244386899fb435de10e3188264aa256429389,50002219.pdf
289849926dc6b83a415a8a73bcb62cd97a271f9f,combined.pdf
584ecfb0a92a6389f552790bd3a2b586aeb2ceb2,combined.pdf
2faec8b2f59f6a31648153f163b2ff2d843581cc,combined.pdf
983a351763b64127d41a43b5c6593f34f6698ac6,combined.pdf
30652bb29d6fbd17be8d75f1255526cd8e467631,combined.pdf
c1af5599a950d92f3122ebd0165dcf7251123800,50002219 Participant worksheet.pdf
8ad0c09d196831bc6a1647383a10291359f17526,combined.pdf
58ec9eb718bfce793873d779bd2af7bc6cde286e,CE32431.pdf
04d4480f69b03609b1b5e100bca744cc620d7095,combined.pdf
dc90c46082f4a41729b10fbdca2a5229fb0ecbeb,combined.pdf
d8dba9c6bd672d8e0d4211434f1a8a9ade9ca0ef,combined.pdf
32ffde01c1e2861f09312b1c6d55655b09adbe2a,pppc (2).pdf
051211829ee43e5bd771b168249139412c2c0508,COMPLETE.pdf
974b6a0c1acced44e16933b7670d2d56aafeaa49,pppc-1.pdf
b0cb692fab7578e84c10f17cc3390dae486cf63e,Service Report of 120NG.pdf
6b33e443095cccc8f61a9d16a70557f551d969d0,combined.pdf
1fcee061c2881850a91f3579a140577f1bf4c55c,Adobe Scan 09 May 2024 (3).pdf
ad1dbb67d59be47a1ddbaa81cbd7b0a4ee733add,combined.pdf
8f09351955aa2954aa799a63ac118e6d0b9c8205,Perform the Pressure Test and Adjust in PPPC.pdf
83bcbe5a13de48a16bb7004b905a8e1c195d5337,50002219.pdf
f7b1bb854edd0f58805040038d2b1645169b0de5,50002219.pdf
976ebb75438123cad514717facc0ddb6700f34e5,PPPC1 (1).pdf
d81db748d3abe9677888c798e9e8899fd44c53bf,hyd pppc1_compressed.pdf
f311364b9799ff53223d14c47dabe71987761288,50002219(1).pdf
25eb1dda0be3c567b71dcd8b0f085391c04cee72,50002219.pdf
b1e5e07f3996c64b7960807d3d1c3e53f9332a3d,50002219WO1 Pressure test and adjust in PPPC hydraulic system.pdf
242d61c5210d29e2d67093caf87081af64ceac9d,combined.pdf
7ce53bc20fd8ff116ed21c3bb0063255ba9b62fe,pressure test and adjust pcc 1.pdf
2dd150c2fde2bb958cc2d2cdd5e75070d514cbcf,pppc1.pdf
abb4fcd64b0bbea53edd2b7ec1fd31d55fe6b078,50002219WO1.pdf
5b99247fd76bfd86290a608c62dca8d04b9cd7e0,SZW00192 Hydraulic .pdf
9c7ff52062c5ff04deca7b968cd22eab195eac9d,50002219-1 (1).pdf
75993127305552e1e66e358e7c9d4fdf13a0d8bb,50002219.pdf
cd4a42bb2a42c8522609274f9ec7afa71902dd9f,Pressure test in PPPC SYSTEM.pdf
f2c6d531cf6b110569e6933b2425dd9ef89dfc68,50002219 Work Sheet.pdf
cea9743ca5bcdc9c48436729de6a5a7b188a8243,50002219.pdf
145ceecf5608985a639082b659b73a7ffaf559ef,50002219 work sheet.pdf
7442c11b259fc81571d9cf92c5fc83ea90cd0aab,1..pdf
e5d176dfb021ef25650374ade2d78996df7d996c,50002219.pdf
ef4fd0588ca1b6b5b98ad6099ac9a8e70fff5654,hyd pppc 2219.pdf
710821802a09dc4993662931b5c0216fafc19b17,50002219WO1-Pressure test and adjust in PPPC hydraulic system.pdf
a702342f2e481f6c28c3f3cf7b54e63b36b7866b,50002219WO2.pdf
63ef6ddb7b260c8a0c1e1dd9e588425628006e8f,50002219-01.pdf
7ede617a943af1d19fbcee2a291113eed3c1e7e0,50002219-02.pdf
a91f97966b84cfd2658b227d0b00efa420d1be52,PPPC HYDRAULIC SYSTEM1.pdf
1772c1064a5cf3aa367da5d5b09ad6be23bfc4af,50002219.pdf
b9fb9c559a66f96dad240eb78855aa39459c4b38,120396.pdf
4b15f6601f0e8fb62df12a574cbea71b42a7342d,50002219-2 BL81326.pdf
d38cfe3ebbd7f390f6f0217b676bc5e71517c66e,PPPC.pdf
0a5d53c9f467b32c7c8f20f26ccd413153468a94,50002219-2.pdf
06621b4dd8cfec4b02e2bc3fb59a9dd22c18ee72,PA61836.pdf
cb7cc314f79f363640707576b133173e50d1b3d6,pppc2.pdf
0fa4241b8cbccd5fc6cc0e1bcab94915a3ce729a,Hyd Ad2-compressed.pdf
60e0dd100cccca6a075d7fddc47d82e90d2cfe95,kj01088.pdf
f095242415c27244f470054efc6c65c55c0f087e,Perform the pressure test and adjust in PPPC hydraulic system.pdf
80a6d59e7584bd07cf505bcc755c23bd2fd868eb,50002219.pdf
1a00e59028a87e6d9b9d6b5bf42fdb646e35768a,50002219.pdf
9a539a770e0dcfca4eb477d4ea3e94fc4545dd00,PPPC HYD 2.pdf
3d2ccac564d086090082ac6ebc72d3d2a6c1da29,combined.pdf
01d04a35117938ed993a3cc50bfff731d7bdebb0,50002219 Participant worksheet (3).pdf
3fe0f67b9c2a8fdbd3a955967271308fefd8c8dd,combined.pdf
690c83f85f8f250eb3d1fff858891be3bd9fadba,COMPLETE.pdf
ebe5303e20e73aff3b7ae0b70ba09110740d8680,pppc-2.pdf
1901cf43dfa8070e37db09cefaba797c6f21857c,Adobe Scan 09 May 2024 (6).pdf
776090491db8521c7efbe5f06034500cfaae708f,Perform the Pressure Test and Adjust in PPPC (1).pdf
6b61a19287371abf3dace119514218ee8d8d1fc3,50002219-1.pdf
9093662accd8aec0b2355646ef1346a7e43cdf93,combined.pdf
b5679403251ced7e0d0a001c3d4675f7cc6ba72b,PPPC2 (1).pdf
cdce9a442bb06c6bd897eb05f1d6ae72842d1b70,hyd pppc2_compressed.pdf
f9050fefd33756ead716e0254a5baa7deaeabe18,50002219(2).pdf
77e801db47bb46c65646cf79c5b76645e2162a4b,50002219 pppc.pdf
d9d5667397f640e74edb8eb9ab9c8bbc632a1add,50002219WO2 Pressure test and adjust in PPPC hydraulic system.pdf
cf8c13d94e8f8e2016297ed8969b647de357f149,02219.pdf
7366a8be78a1261b09de168d73d26beb3fcc0340,combined.pdf
4b3a4f7bdb2b4bdd98bd8f6f151166c3049345f5,pressure test and adjust pppc 2.pdf
c7cd3b27bc20f0da56fb63817cd67130301a8d3b,pppc2.pdf
f307c37b833f49750c76c867d398d10182dd9efe,50002219-2.pdf
ea67c6efaa4b27b27edc512915acf7b6519b88d5,50002219-2.pdf
ae6c8bfb0fa2da4c876df7aecfb8475fb4ccaa98,CamScanner 09-10-2022 15.07.27.pdf
c802ba8b901a65475547f7aef38712388b3d3b8f,2..pdf
d6cc9eb86795a3c01add3c12de25f15dfa65ab99,pppc 1.pdf
a510301733687f329bf6ab938df7192e28a42a23,combined.pdf
9ec92027cbede53a9c2162c52b3990b2db2271f4,combined.pdf
b67cd2d689a64d145c60c1caed4264ad61335192,50002219WO3.pdf
06b2b142fddc2faa6777b95167b147d223306a3c,50002219-02.pdf
9dbe6808a55d50be5a29f94a03f51fe759117921,combined.pdf
a7fa8dca5d2f4bfbc29d0f5003ce3d4de8582f98,combined.pdf
c87cb78ea1144234812ada35cd357fc422e349ab,combined.pdf
ffa39fa92d6be38a16e5fd384976a2ad6295f119,combined.pdf
2723b484d901d46145e8ec1624ad947541f5cb8a,50002219-03.pdf
7168ef9ffacb952eed9c0b4e0b715e610db0679f,combined.pdf
84f759762cfa4ce5e9de78bfa81c91d1c7453f8a,combined.pdf
7457a6780d52bf97f31c516ed39b259678907577,combined.pdf
65a5c99008885361440c3fd6fc1ab2f11192eb36,combined.pdf
95535b45241f9692529174924fd5dae9ef24960b,PPPC HYDRAULIC SYSTEM 2.pdf
e280e8b3c771665523021afb5f23e7ec526db9a3,combined.pdf
6a4a8cc23f9d91211df6d17a0b988380a9c94d6b,50002219-3.pdf
9b49b15b3bd89c0dffb6dfe2d8c13abb25e558fd,combined.pdf
8a7c96e881015041c1d79b71906221a0015a57c9,50002219-2.pdf
6efbd370ee48ab389596260d0d63f246de8e01c5,combined.pdf
33de1d48e077be0fa10a1ca139b2f923852b63f5,combined.pdf
0577ef1244747e9e110c3d70bc69a9f2c55cbf72,combined.pdf
86bc27fc7b37b54f440e5218b4ba585f55e4eb76,113306.pdf
ac062e982b2f3f7c3f831b5b5f57f778f13f4984,combined.pdf
188bdb582df716fbdf9c0e28dd2b291b70dbaabe,50002219-3 BL81695.pdf
0575db12574a3a8ea3cebafd65dad0ed96f15dd6,PPPC 2.pdf
052ba9eb41cce4652408175269b2cb7e0c0dd2e2,50002219-3.pdf
7707a228ba33877c7c0c1562212928840c70bf38,combined.pdf
23d434e2cd71382dbce3625d0c44c97f2eec93f0,combined.pdf
cd31f1ce5df1d89f7e45af551b3bdea8e990c480,combined.pdf
0ea8edc5d38b0c668aee0555a105a6fec78fd5b9,combined.pdf
ce4096564c15bd6f8ae53aa0f80da49b8b50de9e,combined.pdf
a225527afe822fd2a375d2c69b957df387fb80b8,PA63721.pdf
1e091e959d0b26f24a5fcd4bfbaa91e92daa49cf,combined.pdf
9c49046ea506e7f7faed5b4029dd302ae66a3f9f,PPPC FSR REPORT.pdf
fce086cd5696a44538d5531eac26a28128a05d05,combined.pdf
55d19ed8e31c316b5ebb0183d64194ca05b3ad58,combined.pdf
5833228b7357b05e40abf26277c30a82ce6fed75,combined.pdf
a9f65705668d21d61143edd0550920055b356a75,50002219-3.pdf
92ce0cb88149d8949062c368c5a15fc4fa1d0416,Hyd Ad3-compressed.pdf
d572cf86e21cdc26179e57041cf1842c55a0b675,kj01416.pdf
a62df75170e629b54249e70437588947e540877a,New Doc 08-10-2024 17.29 (1).pdf
3cb92422fd691d31210fd77df3d8acb688896b7d,50002219.pdf
7938758eac6d066305a0945fb2223d1524eb5f96,PPPC HYD 3.pdf
ca2cdbef510879e547c07b2c4ace9c026f93b0a7,combined.pdf
0eadfe213fb98a8358767a39f83eb2df08f1694c,combined.pdf
5ebaeb680c5b389d67a628cddf7b29b12ceb9971,combined.pdf
3f40fe37a361ae1f7d256e99eaff3b5728847589,combined.pdf
fb1d5bf8cafbfd3174321451504bd9dfb47bb0ae,PS.pdf
6564ec864874da7b63ab37383f391b88c455b6ca,combined.pdf
deb37610ab55e583c53f278e27131a36d339443c,combined.pdf
f938861cd5924e27e10b6b779538e57fed1b01f1,Adobe Scan 09 May 2024 (7).pdf
de3d19a335fad93adcffb843de046ed3f9dff129,Perform the Pressure Test and Adjust in PPPC (2).pdf
91d79fd9df5479cb48b016a7a82feb6dbdba8303,50002219-2.pdf
85697782fd0c4432d3289c6b1c5c547fe9ab14b1,combined.pdf
23ffb901fde353c7a25825342f3fa7015ae6d18a,PPPC 3.pdf
b4b54ed84475e1f6e1bf6ac40468bc5bfe6f7940,hyd pppc3_compressed.pdf
8a83ac1da435df42cab88f13623804d33427bf01,50002219(3).pdf
35f432190cf47d645e246a08dde0287a4f2917f8,50002219WO3 Pressure test and adjust in PPPC hydraulic system.pdf
35f56b7e42295d0b74da79a5048d124848a89a25,50002219.pdf
e369b8ba0c0d95b647a60385590592f90cc8b499,combined.pdf
85a872bbba4e3cdefd16e32f92899f1898621116,pppc 3.pdf
e1210f2853098237d62d3316c3ef368d3b505970,pppc3.pdf
c768b088763bff9f97424e6dbf603828b487f8ad,50002219-3.pdf
e1b9c313b786157eb33b540395aa2eed1f836f2e,50002219 (1).pdf
3fa788bce187de1de7aa82e6fab451d0b0b2d020,50002219.pdf
be1aa1d746cf4269c6768a3e05027f2ffb23a9c0,3..pdf
efdd0ab56241eff9cc317e1b80a458490e841fe4,pppc hyd system 2 (1).pdf
66e55472168572519eefae36bb9ad6ef6b0eed3b,combined.pdf
80c261bcf0d2f4e3b0378d2aec50516b5a038f59,combined.pdf
3b5f4526eb313a2301d8eda1179de5d431eb1dc7,combined.pdf
69722f0af611a5e8a44ba47cf9cb75a20a2a3449,combined.pdf
2a30de06989ff6e980bf31b92dcb9a65b041f1c0,combined.pdf
2ef7c2dfd1da3c7d95e0f0eb47a2c7772cf3d510,combined.pdf
db14002daa14d00c0d5fc44d9cf5072607a19a27,combined.pdf
57860d2cbe66d32861757c4fc9d4cd9b8fd7f61a,combined.pdf
5a0ead694f314e5ebe784e90a550ff2d55a5d9dc,combined.pdf
65d50dcf7239a23bceb13e5dc975b43ef5c3f6fb,combined.pdf
6fb789f7119079c7b9cb2791a4383bcffec68b0e,combined.pdf
393a97ef1b0a9b83d552067cf37a9ab8ef732de4,combined.pdf
4507b4c60cac8a6d5c99bf0ae88cd047f1e1bafc,50002226-01.pdf
b106d723e795cc97b0fab6228033838b3d7af9b9,combined.pdf
51f55d4019fd3c0380bec934b4bc4dcd1abefc59,combined.pdf
5c38252e7ea2203ff70a5d900240d73504f7579d,combined.pdf
20d7c53e676059f33ed7583e064af8fe793f2381,combined.pdf
b9cb2819a8ae6145e9ee5c1f3b7d6e8b69315fba,New Doc 50002226 -1.pdf
ff3eb40daa6fada9396ed79c4c8a6ece5a259764,50002226 Skill definition.pdf
9d9224961c01648175b0025be90a8e4326ef861d,combined.pdf
fabe30d07ac11dc2b32412807b99b27130267ab6,50002226-1.pdf
4ebe8b0c40b74012cbc375501296f7d89f7ad625,combined.pdf
0ce74942f15352b59e08b505d9b449c296e4188f,combined.pdf
ec89f7a3a48124217f9483c0f767cb3e077923fb,combined.pdf
c95b287eaee17593e434ef4b8eb5506db8d886df,combined.pdf
125b34c31799ba535d6a144fe5e7807a8a20fa56,combined.pdf
c25e21b01d6973bf5b0bc0a080efe9b564433d01,combined.pdf
ae4508d2998fe0e37bb8591782599bf5ff07f438,combined.pdf
4bd212b49332ee0d909ad5c7c2b3bde05e615b6f,combined.pdf
3f60d0c729b19e3e60c806b6309d1c45f53d4510,combined.pdf
6d294b85e219c795687d67e0b958236659e2fd1c,combined.pdf
c787b87ff9f492d849427cc8d07e863878b56ea1,combined.pdf
49a3e7622bd347ea66764dc1ca8533481fbc2a80,50002226-1 BL73205.pdf
2a3aab45f8db4c2be6b0ca51e8c266d6b385dad6,TILT CALIBRATION 1.pdf
adab9f1c2f8e42676efa3dd7fdbbf70f8b0e7c61,50002226-1.pdf
69c3ece80566e3335fdc4dc12e9c620319293dc7,combined.pdf
b31694e264e3093e43994590bb3749872752ca36,combined.pdf
ed6a112ca3e4d3a002a2a9e590cfdad5e13567b7,50002226.pdf
59b33eb126cd8594805ec1972c0e679ecdd52583,combined.pdf
b23a4aa67ccdf0a6c57a5759d99321a5870f8a6f,combined.pdf
4f07d56de1445f6bfea133e10fda1df3a67c2298,50002226.pdf
94f1b381fb9e14acec4465fac5e28f70a5dd7d88,combined.pdf
3c717bd03583788f6f885124cf563158455350c5,combined.pdf
727daf98d77760fcb601cbf2ed05f2a389b9ef54,combined.pdf
b7d261318831b70a371caf5d862a2703f4637e4e,combined.pdf
41f27daf3a1c13590725cd6030f9efbcfa51673f,combined.pdf
79b69671b9162d355fe3b5a6b1055ec6451d0ea0,combined.pdf
4973a944549d302f233dc305e94293396c7929f7,combined.pdf
2810d35310b772ce219a22fecd200943dc3bc7d7,combined.pdf
431d2af637e534899f2be036c54e008828e76231,CALIBRATION 1.pdf
ae21f165bc80c62c756f0ebf26fc3d6a0aacdca1,50002226-1.pdf
fc85132633a36915196c891d9ba6ea52ed2de17d,Hyd Ad4-compressed.pdf
14f0e684b18c35dbde6af190bdf563c33b65e4c0,kj01420 lift cal1.pdf
65589654f208c6a4a1ed323830b9eaf424e325a5,50002226.pdf
b92a4e43f3d73ddec00cbee47400dd1542808aed,combined.pdf
266f0156a41f1cab8cf89d9b3c97e466d6ed0bbc,combined.pdf
0c489013ffdc383a319bfa65d1eac6cde46bf1d4,combined.pdf
57f78aa295586694d9893b0575c170ef2b5108a9,combined.pdf
65d8c63cfa9db275c10512f3a10133cb47e52229,50002226WO1.pdf
58295536ac2d7e090d6c454ab4dda2d8983e47b8,240208-000319.pdf
524c75d7fd13bad769b28f3048bc569345220f91,combined.pdf
4c510c0c4a93f1a6bfd23b21e1f9b57f38ab553f,50002226.pdf
328773adf7fcdfe81bed13159d343c02e9c5c05d,combined.pdf
84ad8496c0e4064e270ab81463a34e0aa8c269b7,combined.pdf
cfafb6d644b767f19e1dc6d66ae9154ffe893224,combined.pdf
5fe7c8ba992633d814149872e79f8b23aae0f357,combined.pdf
7d1c503ea2b7136a7a1327a4ac5a3d98ff452de6,combined.pdf
be76f7d9fc4eeda3fb0de59d066b591a2dc1f1e9,combined.pdf
3d0bee9741d1eb28da65323beb3ecfee9fa7cf07,Calibrate lift  tilt position sensor.pdf
42a7489a3b487b1003624d3c374259baf536306f,CI73695.pdf
5147155313a48ed26d3135cb68017819f54fd89b,combined.pdf
db962740f8e4e3bc74045abdd71ecb146051ed97,combined.pdf
a08ab937fc3fd36eb2cf8cba7e50c1a81220cf95,combined.pdf
4205f112cf1e8689a6072cfd7d5eee6c85aab28b,COMPLETE.pdf
3264376e0f2fa4c0e8e181df9751df332ea2cb59,50002226.pdf
360b1f8301f4fa83be3bea1203c240cd1af19bab,combined.pdf
bcaa91ab25bb235f5ce61a5c827e6ca1dee54213,combined.pdf
94aac9b6ff42e55628ae1a705b4cafd0551de7e5,calibration of lift and tilt linkage position sensor.pdf
2521fe606023035f4cece5370085f2fbc08be6b0,combined.pdf
74f2f02f9a7d0826fbfaf8c2f9d1001cb2e7b966,Service Report_05-08-2024_240726-000433.pdf
0bbb3d5a8fca23648e27653a240ade1eff5a542d,50002226-1.pdf
df3e7fd89d299bdbed2deb9afe2345fe7329e3df,combined.pdf
41882b34078465f7d037aa78069327f27ede404f,50002226.pdf
ac8788e87ec9af2ad05057c7ea81afe3f93108c7,Position sensor 1.pdf
e1278bb2dc7ef24925e2cf808e9199f0045f5d13,hyd 6_compressed.pdf
0d9b07b9f87a2a9cdadc16da9808725cde2e9474,500002226.pdf
e79af8f0a6dd0d991bdf2609d70bdb2351566372,50002226(1).pdf
1e20592a4705cce6566b771f331505d7aef9cc8b,50002226WO1 Lift Tilt linkage and lever position sensors calibration.pdf
54f0f3044ce8f2ea286006d333504747b8b34d6f,combined.pdf
164167317a4765fe079e556553a6155a34722128,combined.pdf
0fc6b62b9cf0d61d52cd2b48378ea67435843c0b,combined.pdf
5b8ef8fb39681db9c8b2a4a0af5d4c464829c0ac,calibrations onnlift and tilt linkage.pdf
d086cf49417b654a4caf53e33968c9ebf0272f2a,lift tilt calibration 1.pdf
7a1f43c7787902f032292f3e207d0b055036b68f,50002226WO1.pdf
2d67a06abb71934304261098f8c8af37ab428c4e,50002226-1.pdf
0ea6bc5e7c965f6c43f35a719389b4b11bfb76c4,Tilt lever position sensors.pdf
a06d04e3cb060a67ba6c3f6b2d24a1b56594176c,50002226 Work Sheet.pdf
8a21bc410f09b6c9ab5b08d3ab55224eacebda8b,50002226.pdf
8cab71ff5f83d4350dc52bcbca82552a54e75d21,50002226 Worksheet.pdf
238929e855bfadde2548aea0dac53d7b560edd5f,4.pdf
ebd50ae2131f43d1b18cfa78c86a8f88530ef293,50002226.pdf
06471acd07526173b854b503271be643fbe72fb7,tilt lift calibration.pdf
ba0041d4c9ebb28a2cffc8e02f36190a35e23c6c,50002226WO1-Lift-Tilt linkage and lever position sensors calibration.pdf
4101ed17311bdf21d8e43df2836f5ad964d23deb,combined.pdf
9fb7312e85ede208907bfbe33028c2c497c8bf18,combined.pdf
c14a5e90e7e6667e571734c3231622de3e8f6ad8,combined.pdf
e111011fe8fa39f14e96f565fe8428221892b58e,combined.pdf
b3e7a01ead483a48d2abe9e0c0a05abd7846cbf7,combined.pdf
270011634be9a584ce19f9ef8810263583df38f8,50002226-02.pdf
f92681d2e2bffad8380af7bfbb4d748f2052bf3e,combined.pdf
0eb9e7ba10ad77f60878dc667a034ba90ca34d4a,combined.pdf
229d4144eb00dad53ef31e0ce0a901b21dff2363,combined.pdf
6fda18849bf209d48e8c6a5a0ff07fa15ce0a9f0,New Doc 50002226-2.pdf
a2396cd9125df8bed7e61089062fd70522dba31b,combined.pdf
c5725fc353241150b99af574e30e4387104a3d55,combined.pdf
84bc6e0295da6d07ca8eeb4fd047f3bf37f4712a,lever position sensor.pdf
e4a8d41bc37fea882008fee769c29742828e0103,50002226-2.pdf
793090b889ae60a187f01283c9b4412261a16667,combined.pdf
1b25b2e9992125ab7e31003f10f5cc611aa85d07,combined.pdf
495fe5ebfd7c71b7b583e840d48472bf9af56a71,50002226.pdf
c73018e50eb0e373b0bee0d725ce4c3085770a91,combined.pdf
facce8c090ecf1bd14e6be4917af9589032b8d49,combined.pdf
6765a81d277587f4bd69a0fecfb5bdb6552eba4c,combined.pdf
673fcd88aa7cc9c7804f122c51595a1f20bc9621,combined.pdf
0b78cad7189b3573cd6da61c318ba80483a768ac,50002226-2 BL72579.pdf
a0e764aca35791a0b93d28fb186096363a818327,50002226-2.pdf
828afb53eb7099cfc51527eeee65ad7ea7bab60d,combined.pdf
5f6d85cb895a7b8e78bbc6e72ad09883c7ac9b04,50002226A.pdf
d5a033b28eb2ba4ce98ec602ba89fcccd26be906,combined.pdf
d12a91367055029ca942f67164e4f2adbe4b2019,combined.pdf
61155bd29efdddb88e319a8fcead889f365a1881,combined.pdf
7a85c3fed0203e91bb14ee0a0c284e3103f2feac,combined.pdf
7922e91b0dbdf22d675ec1150642e4f131ed456a,combined.pdf
1788fc71353a3221a2cca7e19712925930132127,combined.pdf
54b5f225953c168f72a0f138c1c21448962c092f,CALIBRATION 2.pdf
d43227386b43e67ef03fa191f43a6873c6ec6a87,50002226-2.pdf
7570b23bf132fdb1c47fc57a8426940969e5a6ea,Hyd Ad5-compressed.pdf
02726b0754a869c8c437b80436b40d2823a0df99,kj01347.pdf
0be1e991a8db145e4fc19b017290e662003fd0ea,50002226-1.pdf
27004c6e61e2bec4fd708345e656a55443b72e27,combined.pdf
743d1869832d9b59557d7d66b6d8b875fd1bbe19,combined.pdf
2f2991c551420703b2b342386fb5a65a524139f8,combined.pdf
c023cbd11069b5bf228a8aa33ae47ad3e14caca2,50002226.pdf
e2988f28552a5797b883fce0c9b0853145efdd7e,50002226.pdf
8b2b417321385f2b3276259008a882ec29f2c623,combined.pdf
b0db6efc6a145828fd58e00d41c2abc482fed5f2,combined.pdf
57bffe00cb55fdde3764b753a0115b6258f7ecbd,combined.pdf
d5176491bfdbd4593e115165e9ce1f9266619d0f,Calibrate lift  tilt sensor.pdf
cc4dd5194617dab2fdf92cad923048354bd452a2,CE28388.pdf
3e23cdd230de195b4b222ca93c62dcd6ffaa0225,combined.pdf
82ea7333fc1f13a351b769fd7676c3716a72a5a6,combined.pdf
1c3e86833307d6cb2b599cd5a6432442e530c91c,COMPLETE.pdf
1889c4db244ea3df8e9e1ce4b3176b7b1b3f1bdd,50002226-1.pdf
dec934bbed33ea28d4e4503b9ce079619f00f9de,combined.pdf
fbc8e399b6ba2bcfa27d41d1f266d41de0c013b1,combined.pdf
fbb76931a36ed2d27a322c4af019499d74e8af97,flashupdation.pdf
207a13447ebd82f8ab8a1d99ad6dc07a9eec33ab,Perform the Calibration of Lift Tilt Linkage.pdf
d2508ae547245a6a87991d80709e7d3c86ff869e,50002226.pdf
5db96e6e110a790edfda3b37197ed680032158db,combined.pdf
5ff02b4b8bfb2999ae454b2141f368d0f42cc39c,Position sensor 2.pdf
0961b239914620122e6dc297dfddb52b3e1018e9,hyd 7_compressed.pdf
e37860c469cf802aba8e6060f381074f9c1b865a,50002226(2).pdf
cf01dbb6c56aef34f92be3d56aaace32eacd5426,50002226.pdf
e90c52798dbe034e651723b512cc06614497ddcb,50002226WO2 Lift Tilt linkage and lever position sensors calibration.pdf
7f2973a9d15a89162db9f0368ff23e33f3664d72,combined.pdf
e25f667902f10b9a2325a9fb8fc1dd1c2a944842,50002219 Participant worksheet (1).pdf
c19d1a43e867cfd5d73c70dd77fe39e2d21af97c,combined.pdf
6d40cc4525313b2716756470fe260cff66a2aae9,lift calibrations.pdf
709ffc520e5ae182792de13f6086a57fbe782ce9,lift tilt calibration 2.pdf
ab9f2f3320c0de2b72d778ee7853d1c3bad8fd13,TTT00874 Report.pdf
6288c403f35ebc606de1a7d1e490732ac810a196,50002226-2.pdf
d96fe96e50420d7a21d92122660997d69d8eb267,50002226 b.pdf
232de4c66c59b039f0d02b32631db1ccf326525a,5.pdf
8e46edd25a20710488e1fdb6a99d0b033ad8d423,tilt lift calibration 2.pdf
7475998684b598266a2859f42aa51726930088a5,combined.pdf
f9af3fa4029ae09488cf0bcb0f52ce9d66573444,combined.pdf
cbd9e0ffebfa1a146ee7be27032e259765afbb14,combined.pdf
9db08b32c16e5d58c29dcfe79e623036fb88487f,combined.pdf
fba14126eb6684139272fb373ce174290ebd04f1,combined.pdf
f80ab09e1dd3b969090fd72b543b31915aed4474,combined.pdf
2a6049bd8f105ea20dd893b19dbbd9fe2930f178,combined.pdf
7bbfea22b50de768d9865b714c86357061e239f7,combined.pdf
b4c64ccc371d08d2eb6f43b315ab7381086e485e,combined.pdf
fd791bb12c71366ae29a2f462de171841ead9e6b,50002247WO1.pdf
936b5336e1c65955c42509d8f019915695793f53,combined.pdf
5f1e3d62a30e0b13fe5deba250d7f40dbcd0ff0c,50002247.pdf
132d4a6c582ed2aa73114d116e79b19517eb9ca5,combined.pdf
15717bf241f4e6a14e81d4a1bd2c33a607119584,combined.pdf
a5a831212fd0e5afde070b983f4567112e15953e,New Doc 2019-07-23 08.42.04  50002247.pdf
2b7a24136351680a475a328382c102c23fe73cdd,combined.pdf
ea71fcd9142b5a78b8810392772cd8fb10da9e96,combined.pdf
f0967738261521d8dde385a84b8d1e1af67205fb,50002247.pdf
7b1a5b5221d351958fbc502836a346ec03dc46c7,50002247.pdf
4b602b755d33ebad813266808847f0d5e7c9f894,combined.pdf
596ff19c784640f9fb07780d3ef25bde8c7591d4,2400119823 1.pdf
2ec3afab0ef81f77d891487b99a3c5762d356fee,combined.pdf
fc4b8d24da7ffd76714994d2483623570b0ad6fd,50002247-1 BL82361.pdf
e1e59baa2f2a24f461899d3f188821878d124d93,hydrostatic drive.pdf
958f3343470a775ec3c78ea2a62f509f88b48d49,50002247-1.pdf
bd565b1129285e6ccbe0932297ffffa5306b4e5c,47.pdf
63d686af73a0f0efd27562ac18c68b7ad279eb50,Cv in hydro drive.pdf
0a15c75518834a875d808b7f9ad0cf55378bf346,PA65591.pdf
17bee2b9f25e6a7548401d0b6ecb1014fbdd83db,combined.pdf
577ff9b46985cf734cfe67029944552e3c979a4a,HYDROSTATIC CONTROL VALVE.pdf
72b2c97637ae8ebd570ce90111e5b2c98a63197e,50002247.pdf
58483d58e03db56d8508e7d73066843ac39c103f,calibration and adjust the displacement control valve in hydrostatic drive.pdf
d7714c2308c954549b7b41cfb484440f446efb38,kj01392.pdf
b1ca659c85b10d31e44130f438272b8face0e86c,50002247 Participant worksheet (1).pdf
3611881cee5e8eba3337191662cf8e5c25d6b0de,combined.pdf
34e968085c59cc9edb253e0ebb4507047c2ddf40,CE07203.pdf
6cd9d0887ec32b83c96408c85edb87730bd21fba,PS.pdf
79bd3a6ae003b542c9350ae7322e0d03370cb4be,2247.pdf
c944c40c49055375355c0b935d0a8347b6de0a4f,Calibration and adjustment of displacement control valve in hydrostatic drive 2.pdf
8a97371d2af2b99d037f80e37cf0b10c44224bff,50002247.pdf
7e6f319856250cfd92947f962d5e28fcfd81a8d2,Hydrostatic Drive.pdf
68b68bb9ee170ce5104f692b1ff5d2dc595855f5,50002247WO1 Calibration and adjustment of displacement control valve in hydrostatic drive.pdf
e867dc0ec2ae2af4eb736cb24d8092d043a49670,control valve in hydrostatic.pdf
97bd2b9cf9f4aeb46100de94cacf767967f4840f,50002247WO1.pdf
f56bf2d2282172b75a13f1f86428a463028868e7,50002247.pdf
7c069805fa9676288949feff62d9beb9050cfb3e,50002247 Work Sheet.pdf
379acbca1a5e5b9048b7336509bf3dd2055d8dc4,50002247 Worksheet (1).pdf
df1d60b6e42e7f79e12121c100956c91848cd13f,6.pdf
7c9a0f46f1bafbc145f25cc0fa6949244826915a,50002247.pdf
a48d3b22b59f9f9bf612f5cf500cf0f31ac7d3b1,50002247WO1-Calibration and adjustment of displacement control valve in hydrostatic drive.pdf
0de5d39c772a4b8d012535373f5c7d7a45aafbad,50002248WO1.pdf
9208046ab7154da7b36aee15164474bbed3dec98,50002248-01.pdf
5cde6701b70e4eb077b593954eb18d95994745c3,combined.pdf
30bdc0e222e56a99b8d0d02d256c146c891854ed,5002248-01.pdf
d6264a49430af6c5fcc1fde641b44c0616bf28d0,combined.pdf
4445ad29dad4b034c1f67074d2f03477df473708,New Doc 2019-07-23 08.42.04 50002248.pdf
bd1fb642d24cc6f2217b6ac566814761618fb50e,combined.pdf
b261fc7e13f74437e0dcac3c5f4e206bbb36c383,50002248 Skill definition.pdf
01e43b984b06da7ee99abae1cac3a0f4dcf7560c,50002248 1.pdf
f4a5b1e75fde55fa0634ec1b475562abb12617a6,50002248-1.pdf
3d4dea137c3453d9e1453cd7a3794d1bf64dd534,combined.pdf
adddb211f7d12e94ff8fdafc7594c1dae15081ab,combined.pdf
a91c552b51663e94f0e14b64593b6ab6367ec24e,119823 2.pdf
322d1ccff5bd52c5419756a50d9d4200e16b828b,combined.pdf
786a0597f16f164f652dfce30f2b6c6b7fabe257,50002248-1 BL80941.pdf
483b3c48570522c66c0e35068ab22ad5cd404eb5,hydrostatic drive 1.pdf
851010add7085112647765dd3782ca3201b69371,50002248-1.pdf
279ff0de2fc88400ab5668ede799aafa2b30fb7e,48.pdf
ab9ec63ded8f33df2697aaddf225d647e7c8889e,Pres test adjust hydr system.pdf
46cdd96165d70bf21d55e31192e5e2cd6d9be5d5,combined.pdf
8fd4e586e7433f578c4194bffba14bba21e91a59,HYDRASTATIC PRESURE 1.pdf
b4f767e99cb56f824e865c46cd01a6a5afd16c38,50002248.pdf
618d8720f8e659656bf93992f9d16637b6e9f071,Pressure Test and adjust the Hydrostic sustem.pdf
1887051e2c139a75d042dba8a084dcd53ffb8917,kj02216.pdf
da9276734cbd8d90933808c6cd7a6b013f57d23c,50002248.pdf
2ee55c2d3457f6d8eb6dc3c873bb275ad320abf5,combined.pdf
ff8c62737fe4d696cc942d56f667f0b90f1c6e16,50002248.pdf
55bdeac425371dc1cc7d9ace8c0bd50592521271,50002248.pdf
500c6954687d665ac3bec8b27528babf096bba77,50002248.pdf
164efca0e3a5fa2a04742923a07e993bb4291072,combined.pdf
299a45439598e837482ac821a45cd3222e641cca,50002248A.pdf
d57b0897639562b90191237c99567bb54533c7ef,CE37781 (1).pdf
f7eccf42c1940c1186b63cb59efcf2e6d3167415,complete.pdf
0e7642490e5755996d16f709c46d10c23843acc6,50002248.pdf
8e3c5eac6c362b32feb44d9838d40212651ed124,hyd.pdf
f05c5753dded11d90e794dadc2dc77a709410802,50002248-2.pdf
8e126bca28f057ac2d825657f1b970e20bfb751f,Hydrostatic system 1.pdf
b126496af6b5c9488dd85c01bf5d4a55fbc29165,50002248WO1 PRESSURE TEST AND ADJUST IN THE HYDROSTATIC SYSTEM.pdf
a8c289c2ca6dac47b0a2fff696d733db00dfa545,50002248.pdf
13855adf9fb19e35d1c31615c9cfbaa736f90633,combined.pdf
abb63bab76662817f2ab8b9f2f04adc956f23457,hydrostatatic 1.pdf
d6a1439127fd8474c157a89f3be4df46a91674af,hydrostatic pressure test 2.pdf
a685d95a92840079e67bf81f5768f45b5e162d19,50002248WO1.pdf
44268962be6f0264e7909efcebc5f2d10d32a9db,FLD00496.pdf
7eb683d2df5fb3f62a8c64606d14c2e582ecdd52,50002248-1.pdf
1d112853bc202a4a19ef157c4a5a6a549b4a7220,Adjust Hydrostatic system - Pressure Test.pdf
5263a1382d1cf7dec167748ce26938ed1bb5d314,50002248 Work Sheet.pdf
ca74184a5cd25a3c409f864217a9bdb3fa9fcdbd,50002248.pdf
ad9c261421bdcee13cf1ef00cb2972a22a0132ca,50002248 Worksheet.pdf
96dc800501d722ba5dc3e86f778944c30f0ff0b1,2248-1.pdf
7f3ebe3bf700603268b0cc10dc0772add8fe90d4,50002248.pdf
a212396415ca7254f31fb06fa8af6fee4cd3549e,hyd static 1.pdf
816dc34344f30373cf284be8fe55a08ceda3b396,50002248WO1-PRESSURE TEST AND ADJUST IN THE HYDROSTATIC SYSTEM.pdf
dec97701a83a2f7587a3a35a89ad9ee696dfffa4,combined.pdf
80f3240e7a278b66e11e88980fba4228dcf9f81d,combined.pdf
4e09c1a0f4fa16805592d45fef775097abc5859e,50002248WO2.pdf
ba0e03de27454e52547383b1807d96d6bdc6c06b,50002248.pdf
59a80f7af168cb2223b962a70e4f57ff048dc36c,combined.pdf
2342fb7ca76ee3bdcc32ae7dd9bd92075fd854be,combined.pdf
3a0d174664a0297758974ff5547c157510fa6e6b,combined.pdf
abfc27f6973bac73554c4e5e71ae24a39ade2abc,combined.pdf
83bfe780df92f59f95e6816e2a64df364f877ed9,combined.pdf
b04e9a13191558c31d53a3f2ba0adcddf03b6d61,50002248-02.pdf
d4e3868e2d4a0035f6ce73bc049100a3bb70fc9e,combined.pdf
0651a6878c2b8e36b7a6dc3f165566aff776ae37,combined.pdf
f7e5bd6c3b76a6bbf052d92fc64bf2778c4887ce,New Doc 2019-07-23 08.42.04 50002258.pdf
a90ffe3a0512079d6c8ad0061d02d3a495713273,combined.pdf
c17969a47614e8355d7d13d078ce8c003692c540,combined.pdf
c8c587c1985d4061f0bd2bc1ce39ddbe47ec83cf,50002248W02 Skill definition.pdf
5735a5c13e2bf6416aa063603fd71f1e08aa30b3,combined.pdf
520eb81ce52c925284bd16d9f05a30179444351c,50002248 1.pdf
2a5e9565f57de4f94667bd71beef740e097eb4fd,combined.pdf
b46ece7831bf46bc3895050e41aed1ec6c39b57c,combined.pdf
dbb10ae83362220276dea44157f70084fa3d2389,119823 3.pdf
a9eb903b2e0df1c11be389ec9a5309260ef1d502,combined.pdf
14901dd9dafb83faadc0d1c2ee65177ca54faa2d,50002248-2 BL82361.pdf
2aa04816fb13ad74526673b026ae51088b0c32f7,50002248.pdf
3f606f42cb1abd76519a9fab66b95ca8cdafba9e,50002248-2.pdf
750f0b9a46f6b31eeaae0a4a9d2d7e1fd580e862,combined.pdf
dc65049754bf3f2770617a74e37dd853643c4b6e,combined.pdf
cf5abad0cbaf921dfc48412769c607727399ad84,combined.pdf
ecd722a4bbe7fb49b136e6fb06fe02749f2ca3a3,combined.pdf
0bda03f47ae4d898a642a689af7097c2e01d76d5,combined.pdf
6e198052ce059bc08fec24807256e6aed2f081e9,combined.pdf
527787e3a8bcd0eee41e2384424cdb4681965247,HYDRASTATIC PRESURE 2.pdf
e2b90108669ddc78da0116cf919447dbd36163f8,Perform the Pressure Test and adjust the Hydrostatic System.pdf
205feafc7b49187ccd0c707c294554fa81c50180,hydraustatic.pdf
6b0b904349f96ed23d43a93cafc14dd34dc0a40b,combined.pdf
91d318825871191a303e0ec8ac48aa6ec6fc02dd,combined.pdf
c6310920cc9bc987319dd5cb6b128f530cef843b,50002248.pdf
0b9355fcc3a8ec9bf67e0848dc9a6253cc4ba95b,50002248.pdf
feeab0439907f0463cc9f083eed32c052719138a,HYDROSTATIC.pdf
c9e9943d73630798fbaab654bce0fed917dadbc4,combined.pdf
8f24f22d98dada3a044d2180e98affc0f16d207a,combined.pdf
54d87348f9824251f2672f32241cfa3855d5eb42,combined.pdf
5c4725075a49f0fd4d50789de19d8b930fa2f4b3,50002248B.pdf
02ba31b43881172a8d6373cdbf48e4ebbc456782,combined.pdf
9eabe1f0628de02d7da4d05e1f958fcdf65addb6,PS.pdf
14e0a33825f0cc765aac484da02f82081e41e00f,combined.pdf
45b5a7d06796abbfa1680aabfbf3490307fae1eb,50002248.pdf
bf6da7f52fc0330af5a3a4ec75d83e016c06fb7c,CamScanner 09-25-2024 17.44.01.pdf
7191847597aa1afe135b7bbbbe003d29aead7243,combined.pdf
8fbf99f6eb97b53545c1991e9d6c722f9fcbd5f9,Adobe Scan 09 May 2024 (11).pdf
9b969e4a761b41d59877921a758607385d60b5e8,Pressure test and adjust in the hydrostatic system Workorder 2.pdf
777621ca8b60c2de3d7ff72177475e8583fb67c1,50002248-1.pdf
43f09570f687b40a67d49e62715884059c7956f0,combined.pdf
64f602e89d35b9733a241ec698e57d15f59d045a,Hydrostatic system2.pdf
c6c4c607cf353dec7f13c4480bb3d04b956fee9d,combined.pdf
9a827de8cb166c66b30f20ab089f94c536a165a0,50002248WO2 PRESSURE TEST AND ADJUST IN THE HYDROSTATIC SYSTEM.pdf
3422323b8895a2930134c0e7d1cefeab0b3c71ed,50002248.pdf
be0f67a3b001469af15ea0bce1040faeba3f1bb7,combined.pdf
0824bfe956bd7c2e12cde73464f535898a35dcdb,hyddrosatatic system 2.pdf
129b9a90d0b316a828c8a7843d326c9621702394,hydrostatic pressure test 1.pdf
bfca81633eae20c36ac754d048a6e321f4292895,50002248-2.pdf
f547bfa5442c72e16ff16ae7addc5f92911e8aae,50002248 1.pdf
f29f89cc4470a32826e73d6f32d63fcff21a25a7,2248-2.pdf
488d20475e06a7e1d73de4e198ab1aad1b5ebb83,hyd static.pdf
0c1cfc794851c62b0dc42009051257790bc8ba54,combined.pdf
d7162f0a2bf1220c51d267049e94ef20cb440edd,combined.pdf
d645995d6b6e9ff81e9494efdbe3c5390d690409,combined.pdf
880e60d069086177eb81e6f1c7d0700e784d4855,combined.pdf
6cc818ebcdabfc2dead82922020abcedb87c1c12,50017664WO1.pdf
2fe4cdc1d71fd43c44cd32af8ff6040ddef604b8,combined.pdf
725535baafa4e3327b431d42664ef6f650006bc5,combined.pdf
dd5feafa8e79940b12e72b02a4f8969096357cd6,combined.pdf
9a0ee6fc9b40a77eb2c3d3924d46ddc1a8a7ce95,50017664.pdf
a50ed23ac36047aa250a20d2730bdfbd11e1ba4c,New Doc 2019-07-19 17.02.34 50017664.pdf
28714a07ec372129551b5f3e355c022a2e3407c2,combined.pdf
d9d2b494a3481ef8d031e87cbea843b12972b10f,50017664 Skill definition.pdf
d494b7ae335c7826a8e8a948c28b53bcdb94addb,combined.pdf
9893a6b948a11f964e8cd49b643244d42d37692a,50017664 COMPETENCY NUMBER.pdf
b18adc6660f777b86bf70f5d121cfd2ea7368796,combined.pdf
84d5ff3397d04e6e82ee9566330a353094cfaba0,combined.pdf
ff997601be2bc15a33eb036db9db8b8f4d856704,combined.pdf
a604f3a1523fef2f1a3548c4eba5aedaeaa7a5b3,120401.pdf
a2e729777590b738ab9c640c9b12d38d7d15ec3d,50017664 BL81694.pdf
11dbab43b931c53863087f9a513f86b11bb2d962,CASE DRAIN.pdf
62ba96d86bb92f16cd7f72f745330cf70cf59b8e,50017664.pdf
fcc4779353cba3db66f5aa72bf024e54eff61fcd,combined.pdf
066ddc1fc4db90a1387b52c8aab8f16c33a98b4b,combined.pdf
30016dfb65d51cb634559a75ccab02cb70181373,50017664.pdf
3eb5765e26e102334acc5b6c4d2cc5fb13a11013,combined.pdf
75c0f6a61b32aad92c3b53673683b9f4302bc72b,50017664 (1).pdf
52ac420eaf129f134b6be31327b1254b377dccd3,combined.pdf
01109675157f07c93eb6daccf584eda01f295a6b,CASE DRAIN TEST.pdf
c10493c928b26b94229d9e7d2aacaf3c36b5bc22,50017664.pdf
401261d8f18f9d031c7c95c0118bc2325377ac69,Perform the Case Drain Test on a Piston Pump_Motor.pdf
7a4a90135a475e94d8ba0db98d038cb1febb9099,kj01203.pdf
52173452a7deb8146ab6571c88c8e409d77b8f0c,50017664.pdf
1ac73b7b2950558aad6d14e919698dee16c1a2bf,50017664.pdf
f664e9ab5884530d9d9b74da5b2094ca6e6b36fa,50017664.pdf
88ec0f4f772b6dd7392abca0dcbcb47ca3d7b5ea,combined.pdf
056498cd0d42f9e6efe8a5a0def11928dd036cf3,Case drain test.pdf
fcb0510c63cf7f4d37487280838f7b2464c5902a,50017664 Participant worksheet (1).pdf
0d710ffdc49fe64b97ae621351af24790d75e1ef,Case drain piston motor.pdf
010103aa78bcb582fa7699d87d936f635a9dd83c,combined.pdf
acdc6279daa6ef0eadc490419c5dc42adb73448a,CE17904.pdf
9d5193dd719aafa9f3a4791333774b86d39549ee,combined.pdf
4b195f635d23c86745a59af6e7097840e8eb8e97,PS.pdf
42befa30067ad723c3908f9fc473935d7dba222b,combined.pdf
4f44d0e1f6646a61dddda9d53943706191355d16,combined.pdf
d0d60e59d47147eb807d2e9f18dbcdc22daf4388,COMPLETE.pdf
ab6ca2df85dc77a369086cf4ea0d4848a400544c,50017664.pdf
bd26189acac7f85c5e3169db6ef6474076057633,case.pdf
b4a310ea71f35c4375ee3ac7e6aaa95b914251e4,JTY00369.pdf
929767c42ac0cb881cdb54bde6122fe178ccba6a,50017664 Participant worksheet.pdf
fe1722088afecc7a43356f2c260baee446aea32d,combined.pdf
2fbea6109cc5ab56669e619693d0dc10a014d7db,Adobe Scan 09 May 2024 (5).pdf
695a7b1c97b739b34ad6e0703cc336aecef71b08,combined.pdf
2ac16e85c2a5fa866fd48656b912037a71fac9ad,Case drain test on a piston pump  motor Workorder 1.pdf
c56524f62560ee31c2f9e98cb302b1e70e5f7a98,50017664-1.pdf
2988b3a4a985502f9e1538cbbd71b2ecc959f3f5,combined.pdf
372bd3390e57e617a6a1c9691d76766cf69de137,50017664.pdf
f01932d0f51379a06b80c0a589818bdc4a8d7097,Case drain test.pdf
bc33a501619e86ff998930b01dfe65e548b12357,50017664.pdf
dd50b5c52046a64cd45d655753c8274e9bbc32be,50017664.pdf
8b3544008172e25a20dbb1a5016c6f3e234c7fa7,50017664.pdf
676f0ffe001a2a63d1c5a6aaaf02822c326a3c3b,50017664WO1 Case drain test on a piston pump motor.pdf
201af7d43cff56c605f2c82515d8c231276182d5,ACTIVITY SHEET.pdf
94d732e8f954098bb4bc4dd9172856ba7a9ad164,case drain test.pdf
a56aa57219b3ed7e590405fd289d2ff88e28ef51,"case drain for motor, pump.pdf"
cc367f9cd01408592fa340fce99ebd6a89bceaaa,50017664WO1.pdf
36d1471c4308bc6b3a9e8544c3df37cb5a42c15e,SZW192 Hyd Pump.pdf
0a32ab7e23be67d82b54bbf585795cb0397d07c4,50017664.pdf
81e401ff36bff63cc0f152d16d424b0612a74a29,50017664.pdf
8fc709378f839836faaf11e96e3403741b0edf51,case drain test piston motor.pdf
534bd55a77f070537332cb44686a7a344a826b82,50017664 Work Sheet.pdf
b850399868a9b5dd88a6c5d7f94e07c2180c159b,50017664.pdf
d15d3e5ed3ad8cf22fee2cd8aa60e0fbaf617175,50017664 Worksheet.pdf
7ec4c6e0223bcf456b058ba3cb69aa5aa2ab555b,case drain.pdf
0039e60561395923e0191254753c61f140cd5e03,50017664.pdf
3bca8dbee3a9c0d9f92dbdceb200dcac6d0e49f3,case drian.pdf
252353586384afb6f575e02b9ee15cb0078bed6f,50017664WO1-Case drain test on a piston motor.pdf
0e360736b6db65ff548d01e2070eaf13c41481ed,50002258WO1.pdf
678ab80f03c6f1219759e0c04878dd011ca4b56f,combined.pdf
38547799406c66d21898f481121c09732d02d508,combined.pdf
36778eac40ee1a065f5299381460df3740fbc02f,combined.pdf
19c71ada5290411444bee5ae32cb445c58ae19fe,combined.pdf
4c3710b6bcf0dfc5378237b659e25c4bb8f751ea,combined.pdf
707ba3c843d57fee6cd72cdb4786de8eb3585773,50002258.pdf
ebe49e539fbfe135d98c33e2ff2ef5166092bcb5,combined.pdf
318b349e5d6ed9861543ca56fa999da00056e2f6,combined.pdf
fd036e310363154115d56d6f6206339d62508de6,50002258 Skill definition.pdf
b45de38eb76f6f1345e581c05d7a181431ebfdae,combined.pdf
355049105cd302b0160f75d785f8ca7018fcfc33,combined.pdf
e9d6a39061bbdbfaf816f5e66440f858c04c0911,50002258.pdf
d549916fd707dcd0374e74ca82d4e6caadbe93e3,combined.pdf
b26ff9c4517c132d8f08789574d2f61d80297153,combined.pdf
7e72cabf0a529c048ea549b614b78f5fc80ae224,combined.pdf
77d07f9db2efa75b182885e5d96a04edfd852c3e,122756.pdf
998a8fedc3a0e3e3d8d541f86791b1c03050f1be,combined.pdf
7ce543e563b097004d9077fcc59846e20ccc04e3,50002258 (1).pdf
7b279640443eae281f06ae0672c53a0142110bab,50002258.pdf
58c1c6ca294069a02f6e53b0b11a560c542d7d19,50002258-1.pdf
c1fde2974e30d8f2bcead573deb26ca6c9d2e2f9,combined.pdf
5ecffe30dc59c8b26b281df20854005cf75d9e3d,combined.pdf
6cb2c3bb05743f066bb19315c9cab8e599e63030,UENR5426UENR5426-01_SIS.pdf
81a8493853e2e8c9a0ccb49a30656e633d9716ec,combined.pdf
a5da02a2e8ec520fe699435a318d3c0657fd4de3,Mech-hydro fan drive.pdf
7c53289f0dd1f089f4a4fa30d76280420e190da1,combined.pdf
0a17e7f55637f1eb017dc0ec81684553f910fb34,SERVISE REPORT.pdf
f8bb835bc968d8e9f836f2e46c5ebac6c9eb059c,testing and adjusting hydrostatic fan drive.pdf
f6b5adbc138d6a58614c336ea694d95bd51e9ba4,50002258.pdf
03b64a4f6060103ca0a75a481ab0c44e7faeff58,Perform the Testin  Adjusting of a mechanical_ hydrostatic fan drive system.pdf
178e862abe7589be26718b0cd23c474f69a79edb,kj01283.pdf
0fa0810456a7d4316facba08e25eb1c5074b9297,50002258.pdf
123add4249a2f2906571b390001bcb295f195963,50002258.pdf
4778e08e1f30e07d831f2761a08aa4fb4b30b797,50002258.pdf
86955bb663ff28e1d4c6ae8540df414989e42921,50002258.pdf
db609a37e55965ca9221b130a39996b85b756989,combined.pdf
41639e27617429ad183b7194f16b603c8c9c4575,50002258.pdf
7814ed5d8c034232589060780cad7a6590d2e241,combined.pdf
228d4052bbdcc5a7e05d30baf5224daf39b88d73,combined.pdf
e5ed85414872001c999429e642fba95c6e0376e6,COMPLETE.pdf
c524734a2d5a4b40416451ceefad97c3d6eb3017,50002258.pdf
f8bf94e1b40a9feba16ea32ba26983831082ad41,CamScanner 09-25-2024 17.35.40.pdf
2fa0f61fa8c508718905abe6828c4e2505f8747b,combined.pdf
69051f5cce1ad767e9cec082e061a48e262a11d8,Adobe Scan 18 May 2024 (8).pdf
c412c50f1c0d8e3eb00f9e390cf885475f02381f,50002258.pdf
d0a13531c2de4b0d5ce253e159b7656f0dce1314,50002258.pdf
0b7292cc677c4d0fe2e7f3bdd4acad8f3cf1ce5b,Hydrostatic fan drive system.pdf
a9fe14f4a123ac0a0d67a35ea39d724c21540639,50002258.2.pdf
38fcaf4f1cdac8988f1b913b7fca33161186dfaf,50002258WO1 Testing and adjusting of a mechanical  hydrostatic fan drive system.pdf
00355ec33a7678f6b54e098b18339fa50e100d97,scan0419.pdf
cb6b49099ad39ffca4c413ea4409aac76324f226,fan drive.pdf
cbeea129375c5a6232a786d77a942506cb747a49,testing adjust fan drive.pdf
e04b14a4e9bd31ebe04398f754cbd9e567487e03,50002258WO1.pdf
d27fca8a1714f8066b4815e5f7c4ff4f8468435b,Y9200830.pdf
61a52be4641b43ae5e2f6a176782f7dfe1824620,50002258.pdf
812e418527eebdb65926f90f06ce025394735a04,Fan speed Electro Hydrostatic.pdf
78ede8f848e40486e4d0029181687e4aa91e82a1,50002258 Work Sheet.pdf
2d1fb53f8e22f3887f835ce6a6608b2f5e158f4e,50002258 Worksheet.pdf
12d80bcf7537a6524c037d41ae77daf8e5ea136f,fan motor.pdf
e64c663930d2cf56ef6a8406c0e87b764d08302c,50002258.pdf
e997b99331a8453f21340a5859e2a065fd7c63fd,ele fan drive.pdf
311a3a263b1303535f5f279fdb90432e0ea411a3,50002258WO1-Testing and adjusting of a mechanical - hydrostatic fan drive system.pdf
36f5821e4b954e27f60ec58606417a5620b7b157,combined.pdf
ab00cceab7f6188fd57f9576ae70b6f7e531c58e,combined.pdf
27c70d007d16a9654906fabd500153dbe934a045,combined.pdf
07bd8fc20c84f83ad5032c04de3ec7a191308917,combined.pdf
9ccf567e26791ca33c3d01c19a77a5c196c8a9e7,combined.pdf
ff1f07b52d7d61059ba20331a8de20d92d26bc9e,combined.pdf
b57aeaf9e9e0507e408b08c22790f3f86b0faf9c,combined.pdf
401f74ec56972fb51eda09c42c3770a4cdae2a74,combined.pdf
000637361cc2b25adcbe3993953aab82679f6f9e,50002260WO1.pdf
7016d89c6a5a0fcec575a478b5d6765735dff4b1,50002260.pdf
215d233764ef2c72d20474dcb3ed77090494ac86,combined.pdf
15e03565339e7fc9ecd8f0ad3a83e36057ececb9,combined.pdf
3223293a1050466ab21cc61bb3dc15d06f041a26,combined.pdf
e00e308c98b694a0e96d9c0fdfa71518963455e1,combined.pdf
886cfe34383f3f27524ecbc5e9de04815fa9c5af,combined.pdf
543d16879f1a3de4b3b95edcfd847680d0c1dc7e,combined.pdf
021e0799586e51337899d5e2d4444f809b1f54fc,combined.pdf
1829b08572ecc5cb90fd306cfa00116c8ad9cc53,combined.pdf
1f46fcd96c062e6aadadf298f282522fed301aa6,50002260.pdf
e42ebca654f3cce9ab851d1b5455a3540dc04bbe,combined.pdf
1f1b3b8bd639244dfaf5cf1732c3d8dc6f53c54f,New Doc 2019-07-23 08.42.04 50002260.pdf
6ec309d407d0168367bd297a5740f018bc97f55f,combined.pdf
e04d4e55a1275bce23416f67f479ec57e16219f9,combined.pdf
2cd7f49c64e178a2fce70713ee563bcebe825e3d,combined.pdf
a2374a8164dbbc9fee7f9621f615dacc78106112,combined.pdf
8366ec90840b9ba485ecbbe21f9a29138a584248,50002260.pdf
383cd8df050f5f4eb501f2726eaa10b2b78bf850,combined.pdf
97182eb95e7649b181cf1651bfdc60d2767fe983,combined.pdf
4efe3db7af8776ef57b4b304bf60eb526d5f3347,combined.pdf
a11f6ffb91eeb4845c5d8310a62b4f5520e9c20c,combined.pdf
be62fd7023b64078a868c8845c94adfd6bbb70bd,combined.pdf
9b3e39bc89bacf65b2459926d28ff436ac256747,116211.pdf
63ba417d1b7b276f479d55a2fdcb30ca6558482f,combined.pdf
540080dc5b7555acae6f9e8f5e4eeb31d5c9bec5,combined.pdf
ea3ad2c5dae6e1cda4b7562a350acab401abd4f9,combined.pdf
5471fe248199216b9c30fe61fbadaceaac9b3685,50002260 (1).pdf
08e3e994972247416a257dd4d9718e2d2a0c7535,combined.pdf
cca674c4e2e0a5f15dfc7111acfd9da4584b3f7c,50002260.pdf
d34e38748d61c5b670338d53363832c658983268,50002260-1.pdf
23c5d1562f2750677116e53f5d83ffb5261afaed,combined.pdf
984faa2322a82cf7c970cf660d0f1558ce720986,UENR5425UENR5425-02_SIS ELC.pdf
e843d38b8c5b73c006b742d393dd1b7d14da7663,combined.pdf
37ba29da793e77906a61edd355d64340899b77f1,combined.pdf
dcdd62e55dabe4585d4b463e4fb5f465a0238ac6,50002260.pdf
c8645ff1b09ed4558d338fcd6a2a6b8457ed1bbe,combined.pdf
54a339e708b168f6ab2489545b2f9c433be4fd49,combined.pdf
f48fed7c4ec26a94a234d3e30abe7de95de86643,combined.pdf
37d7c8623aa12b42155c07e95183a2b430c69343,combined.pdf
d8598401eaa96739f9ad57ea624f614dfcc688c3,combined.pdf
cc5a15ee8e46b18f82e5ad9d0c154a3186d17a33,combined.pdf
bbb491a3a3398f5d485811a1d96f3c953e048fff,CALIBRATE ELECTRONIC CONTROL FAN DRIVE.pdf
1b7375512a27a3ce23d845a242d2f8dd7d09965b,50002260.pdf
6f8110d7c4212acaa89f3ba42007809191761eb4,Calibrate Check and Adjust the Fan Speed on a Electrical Control Hydrostatic Fan Drive System.pdf
3f760e110098b260ebc206a1ad1eada5b3437d55,kj00901.pdf
cbc1ef02e31c6acef5a1eef3ea00712e3f3918fd,50002260.pdf
71e958fd6ee51fce51770d1ae2e92594ccd5bcc5,combined.pdf
3ee7e952e6891c3cd9fdb25df0fc6640d11020dd,50002260.pdf
7b6d7abcbe075ac908b7a5bf3538cdadb9b0262e,50002260.pdf
d0be8c69b8d19686ae8ea340f727a399846cb2b4,combined.pdf
aca71c585729e71fda10ed1389c8071da2b78377,50002260.pdf
d118e6af6e84757e25cc7da6b15608d20d0bf69e,combined.pdf
35b4fb79cb6df31c8bcd6ac80603659baf53cfcb,combined.pdf
3c2b06f3f49a4f30145c8facfa8e08a6b8d8c7a8,50002260.pdf
f1dde16ea383b067e696c4eb0ea6558d376d74e6,combined.pdf
c3fca17fb62206a83443b79182c378656c3d53ab,combined.pdf
743aeba4c4c8660ef3c093f8169b58d61937dd3b,combined.pdf
82631ac3e73e4374482ba330cc39f67ab51c4d30,combined.pdf
5acb3d4c7229130130d79672e2a47184d9490e8e,combined.pdf
6b0e1c130cc9c1da7687b8e67f3e52067a1120f1,combined.pdf
34f51d3cc5a96faea70a46908d023d850091fa63,complete.pdf
2edb31282d70e9914e54e30c90bd3bfa08fd4cfa,2260.pdf
82fdf3d27bea955057c26caa4cfafb6bba49c1a9,combined.pdf
f6de6e1e0b6945c905a9b7530c9bbb1bdf236b7b,Adobe Scan 09 May 2024 (9).pdf
20505ed73fb9544dd19f3f54dd499989122d0f73,combined.pdf
2c3eb629890d70dee5f11a9c4d507d97c9b9f7db,Calibration check and adjust the fan speed on a electronic hydrostatic fan drive system Workorder 1.pdf
b9b81c9fa176286799350b7aedc10bf1f2a4bbb3,50002260.pdf
c481352d9ef354b5ce31bbc0d37b91f2abeda01e,combined.pdf
e29ce3179e92ea0cde245d6d26b5faec688c2ba9,Electrical control hydrostatic fan drive.pdf
1fe660ea121ec09541f13ffe61e7d3e0959e3c66,5000260.pdf
122a7d8f8f2aae56d3f39a85c1fa5db7af95615b,"50002260WO1 Calibration ,check and adjust the fan speed on a electronic hydrostatic fan drive system.pdf"
84c3872ec9df50a04fd51824a58ef5fc7372057c,combined.pdf
3e16137dd449821bc1ff0513c71ed9d1acb850a9,combined.pdf
cddb7f0a13f37598924398054e4b0bcd8fc7bf97,calibrate fanspeed electrical.pdf
0890e7ece4baf60caf857e98fb133e5b8e0089fb,50002260WO1.pdf
ec4468f0d7a00cde7fd36accc2a4ae761a66214a,50002260.pdf
ebb53640995816d1b587bd55109acd920b0b02c7,50002260 Work Sheet.pdf
62a7736862003d04f7e097ae92d58cbe66db9bf0,50002260 Worksheet.pdf
3e6559b9f174477828e882829062b3144361af68,7.pdf
62367f9056f365402a30ec5ad12802263e566596,50002260.pdf
fbe87e22227df3ef2b0e7739152e7ee2a3b41594,50002260WO1-Calibration-check and adjust the fan speed on a electronic hydrostatic fan drive system.pdf
f76edd5e42df4d0b705b9984a79fe0a9af78b89f,combined.pdf
6f5c57ab99dcc8f0e99df9ddfabb6def340c526c,combined.pdf
24f7edea7e02a11de5faf9e751abf5c7efe86406,combined.pdf
39c107a8b9b3809088315fba55f20cf119cbfd5e,combined.pdf
5bfbe2732cb6c121ca177c448b13f2cbafa93f81,combined.pdf
65bcc73ca90fd5bfb58942dd345ad89811c6742f,combined.pdf
a1ca2a702fa0cf365c36fe140b3f45e51375fd9c,combined.pdf
661422219635fad8ae4da99fb7d337daf5c5cf97,combined.pdf
a9e31239160006b32d6d82a6a43e06807a7af704,50002262WO1.pdf
95ab4f302a5ddda0babbc2d829739b25772cc61b,combined.pdf
5cd04005a0e368029846cce4ae027247b0acf0dc,combined.pdf
d63df26be5595cea093fe709907d9fce433126bb,combined.pdf
84e811269cf7f539df4600d393caacf15631835d,combined.pdf
ad3364256225574dac13a360a0837c03bd5ff681,combined.pdf
d4ea8ccab2a42f6fa4907b2689ae4509b27b092c,combined.pdf
20d5678b3f19cdb147482b3dd2971095d148f7dd,combined.pdf
4de20af761fb16e452caeb516d345e089e4bce77,combined.pdf
cb3e033358916e16d33a8c9c6765f125eadcad27,50002262.pdf
89301157178f9172fcb442cbaace38c0fb36292a,combined.pdf
1845b7ee5d65703bcdb066f9acd0856575b93081,combined.pdf
d984576a40b70b7aebe566fe9e9252fa9b38e188,New Doc 2019-07-19 13.51.28 50002262.pdf
e451d9574072fec6b0661da047939594cde80924,combined.pdf
7c247e003ff6a52ffa4f8672da9f62eb3666104d,50002262 Skill definition.pdf
fed8f803926fb3d862dfe191348aea437fb28ced,combined.pdf
04534cb7bc61c486d706b62cfc5383cf69d1b19c,50002262.pdf
49f6f5242b70e779b9df794727279001f9660958,50002062.pdf
99b3347c4f82d9d1eb667771d829d9c0ecd62c8f,combined.pdf
f4d9f581080ccb1f3e72ebe21a6ef5ed6d385b0c,combined.pdf
a3ab9280c2bbaeb6f5277172e646b26fc5dae62e,combined.pdf
981449caa4898afdca02a0c6953d2464fe67a86b,combined.pdf
59d97164838259d03afc7f2290907e5a7dd4ecc2,combined.pdf
14188150cdbc2f9de198f0782c22ff161706898b,combined.pdf
23dc4077d190106397b7ff24c3076642ef687afb,115222.pdf
f6722f16f7b6bb0580d9ab5d0e8df355d540f3bd,combined.pdf
4fd0b0095aa6bc2ac62865b1782054d273dccef1,combined.pdf
59b9e7b3ebb71c93441de33dc14066e78af46820,combined.pdf
e17257b1e84e2e2744e6292f314cd3d0c23fa9d0,combined.pdf
99e23d71ea9e03dcddcdde3a2c7c8f37eb50384d,combined.pdf
14abb2ccfb9ca268052ea072f015daee0c6c63b9,50002262.pdf
64047633be8c0c8608ea9c62d6d70f9d3084559b,50002262-1.pdf
ee597fa612f6b004e1e35a99ffd01c587923fd3c,combined.pdf
fc1510204e91bda07a4400892403cdcf32144ec8,combined.pdf
1cb8908ea5e27e9684536e09dc6979df0e9668a4,combined.pdf
c5abb5e2eadb2dfa3156f4023655f04cc860efec,50002262.pdf
c2a3d84418494800e95edaa8f6b7302cf06b7301,combined.pdf
eee15d03e33a14bf6da7c308479b8f2198865687,combined.pdf
c3926c05134564f25ce017ce8aaeaef468cc214c,combined.pdf
c82324a8607ad22c0c39e676f189c4bbf5c80209,20240515_150122 (1)_merged.pdf
eff9d0296513279afe898bd8af169435d2fae76a,combined.pdf
2352e25833ff394f35eb4a83878b320680c03b64,combined.pdf
57a93147ee322d3a61c6c3450eb6c3840bfb155f,combined.pdf
67a287de9321e912dc2e46a6573af6f1056ba5cc,combined.pdf
66a430cd7d85fc10e8761adfd73f316bf3c16270,combined.pdf
b83b17e295096cab64ee6d5d2166397ead290bda,combined.pdf
4daa7d3d5997377eb0dadf0511c2dd7c62c2be9d,combined.pdf
6c93e231b980b80821d92d3b0340d99dd6f04784,combined.pdf
6b34b6fa321621011df5e5f6ca62b65067a646a3,HAND METERING UNIT.pdf
445c5126ef5451a1a7c7d8604fae9a7792ef5b4c,50002262.pdf
6ddc6b40619cbc4b7a257b6f63f681b7bd1df9ce,"Perform the Disassemble, Inspect, Assemble,the  steering Metering Unit.pdf"
f1cfe3e0c2fa4a4dbc67cd3a06f65c8077aa820c,kj00954.pdf
7e6f67d0520e481a03695ebc725981a08713d2b2,50002262.pdf
ab4c373cbe85861efb0b224b62f66efab09ca2ef,combined.pdf
2c48e162c4fd2326a4beb737732e4ba36d58759f,combined.pdf
3275f12c25d7ed8c2b3de98ff1444e4895d36958,combined.pdf
bf6aff2b223f5cac3bb492b93a168bd6be5c7c22,50002262.pdf
7d25c21421784291754ae737c43f33516a7fd7e2,combined.pdf
668fe10266df0d2418c4d191ef9f8da1104c0dce,50002262.pdf
8044b346ad8849dddcfc2ece3f273e9b365e2c88,combined.pdf
93f07d09176366144051c33b96bb419fddc140a4,Steering metering unit.pdf
10ce1a1d4a240f2072522457637e1458be23df04,combined.pdf
b2033efdaa6c4c4b5a58a1f4111ab6bcc5ba1f21,combined.pdf
57e8499db24e2489e0c55a670198c120c2e2fd17,combined.pdf
400663a3f86d053f4daa43aeba22daa3bc1d013d,combined.pdf
abdb2b2ea64f8f4e1557e18029780dab81f4c021,combined.pdf
28ba0a1b7ac00dcb53de14f9521cc40c0c1cff97,combined.pdf
c8583130d7e280ef391569ed378cf40b05c2abfa,combined.pdf
5b52ad4983138b841643841cbfafbfc5362ce4c6,combined.pdf
657db8b7f1bc58bfd684b972d9eecb514b36f0a9,combined.pdf
f23a03876bb6a02901451c1cbd3b4dd346b7d018,combined.pdf
a10d486c4914f4ed25f2c7aeb56fd7303358ef24,COMPLETE.pdf
0bce1c1459d3d0b756c76abd3c9536f627b2e9e6,50002262.pdf
d8b3c4f9f40a3da4d2b34154dc2871c3a6353074,LZ400535 FAILURE REPORT.pdf
934dc4fe38018cd30f91cc621b4ee1dd2ddeca69,Service Report of JTH03177.pdf
f9189ca68c0e7aa3c14e36ab6a8f67a358552909,combined.pdf
33793d308ee9e1bbc997e6e1eb27a5968632676a,Adobe Scan 09 May 2024 (1).pdf
84951e5f31154819d1e700b4a657db9333950705,combined.pdf
45d821003d0ebf9aa5bec18e009fef8a2a95f4fa,Service Report_22-02-2024_240219-000117.pdf
12ed44de2e39311d52e1a3a7b7e7cb2233a3d1b3,50002262-1.pdf
8213a282d5ab808f7b450ef34f8737e35ff9430f,combined.pdf
22e98f0a0a92cba56053ef2671434705e81b15b3,50002262.pdf
25d802b623672897f4a32df66ddc34bf6ba8fe6f,Steering metering unit.pdf
fee234074f97c5da79a6d71669d9559120d24016,50002262.pdf
e4cca758f1219bb9f36dc7548bb7fe1a42468236,steering pump  (1).pdf
c0faadc137d0c3f761869f4e13efadd21d7a7b4e,combined.pdf
0c1505d3d41f982f0ff376131b0f1ebb28631a41,"50002262WO1 Disassemble,inspect and assemble the hand metering unit.pdf"
7d9b47f70acb49648d822261622dda680a4137cd,50002262.pdf
d2f775a7b17cf14a6d3c7706923dcbaaf6047a7b,combined.pdf
2c07c205de1be7249c047aebcc4eec5fad5b931a,combined.pdf
346096a9814898071a1c0cbb6c062386e4014057,combined.pdf
f1ad5c6216728234d0f8cc4910122155fcb794db,hand metering.pdf
d68638c11a00a45c44072232f6fd0a63be1ea847,assembling dismantling metering units.pdf
4075bc2c53dae2460e816757791076e4556e9984,50002262WO1.pdf
b9fd2bb64b28324d4ded619b6abadcba63787687,M5K01036 HMU.pdf
033dc32e843e59522f8630ebce2096abdf1f390f,50002262.pdf
38275b2376d79c99bb3dd3d8209993d3b344f98e,50002262.pdf
c40184eb39364e3fd89f456f1e2b19c5eb9d3c6f,Disassemble steering metering unit.pdf
5f232d9a1b637d0807fde1553553e64ca2122741,50002262 Work Sheet.pdf
69c7e908180ad5bd4a987f18d5040dd20b5d0e7a,50002262.pdf
3895363edb5d789164c9e4055248b3bc9c51fb08,50002262 Worksheet.pdf
1d225abea034515ed0d1bef18908778b9aa8a63c,"Adobe Scan Aug 25, 2023 (5).pdf"
697c5963ef4f31fd459d5f0f8849959e6d405b4a,2262.pdf
de6eb2fa37f0560fb3442739d2578c86358900d8,50002262.pdf
7ba8862f38babdea743318d80796dea12b1bf777,steering metering unit (1).pdf
dd5ea84c66eee0f1bc615d71839a5a4859b7fb4c,"50002262WO1-Disassemble,inspect and assemble the hand metering unit.pdf"
8b6185e8117497bd81167f5f414ee05934679d5d,combined.pdf
c9c5d06444e3e43e8f1e10d79456d8f466f41512,combined.pdf
4bf5035f54eeb8a2c9b8cb1a3165c74bb81164fa,combined.pdf
6ba316d905dfc3aadfb1a161a3299beabba6f8b1,combined.pdf
e3625706c649bacba82ca5e8dd17fc10dbfbdc47,combined.pdf
20a53cec51393f2107fa17cf3f22d01d27486f14,combined.pdf
a4a1e341d3c03ae3fcb9c72d38c907b1ee6fe296,combined.pdf
e26b6616e748ab1c439b429fbb3429f7e0a2e764,combined.pdf
f00f4affee208de3e2a1770e7b68e537f574b517,combined.pdf
49eccdb8a9d7af3e3e946016949246a4149ca16d,combined.pdf
ba9a707d92b83eff8559a35fc940770fad43f4c6,combined.pdf
3078814b80db8d834ff53ebd701d390f05ca894b,combined.pdf
a91bd225c55524f3a48635f0e86f3a83910845d3,combined.pdf
ed4550a5a66436d1feb37eeb2a010f20354393bb,combined.pdf
196ba57fc3f4d88684f0d50049c398a2cdb277fe,combined.pdf
9b8b93ffc0cbe00e060536b95e0675ee689fb418,combined.pdf
a047eb799ce7cc5d4be553c46374ff0b7d9c1fd1,combined.pdf
8fe14d60ad899ade6160e1589b1c5697427a95eb,50002237WO1.pdf
b049b38074cd9f12956b1ab51a4f053761915fa9,50002237-1.pdf
55126a1380b418f3bfed1b32134e6b85ccff01f4,combined.pdf
e6e9a7e3c77383ab3c242da070ceb48c454c69b1,combined.pdf
6ec8f0743ac53775fa312d549da40d4ef9135a13,combined.pdf
d2817eedf25ed08979ab3a9929a49644e47c7da2,combined.pdf
da5c5c45120d9a0cbd7fb520064fab7c8d97352c,50002054.pdf
30941f1edd60205ed0c9c26839f4f567535171bb,combined.pdf
0727eee0120b402f9e8a078eeb3d5d44a320b3b2,50002237.pdf
3ee1f446f7673ecd8602670ced2f29ac85cfbd8f,combined.pdf
d5b4d96dd8264056f74b0c108f046f13c07a5552,New Doc 50002237.pdf
1fd8a204bc240cc0bf8e05cd33d2ee562ba62e5c,combined.pdf
d0828de89b043c07027a4c3779aa5027b4fd765d,combined.pdf
2e27d0ccf4fb4aedb7f62eb2402008d2fc1adfd3,50002237.pdf
9e992a3a1ee71fdf56acbc3333dae1712577d9dd,combined.pdf
4e44f3b14c1a0079fb6b8d995e22fff01cf228bc,combined.pdf
e2b35e1c6da8bdd918192e59e1a804f1b564b1e7,combined.pdf
47829ed4e8151cc3a5c160ddfd72f4bb499c75be,combined.pdf
5415bd2944c4bbbbde54c44568f59f606aaac372,50002237-1 BL81030.pdf
21836fa3015b0a7ddb393c512479c540a910d69e,ADJUST PUMP.pdf
c5e8c8fff40f816cb12e5effc4c08983236ab3da,50002237-1.pdf
b423ecc336d3b17a10a57f008f41d06e540e42ec,combined.pdf
b9336f067f9d71b92a3691b7a90e58f36b881423,50002237.pdf
67f527c4b24873e5bc7fd6e787ab5438fd978ef2,flow meter.pdf
ff206230ee5dddd73155fdcb7d2a2d1dc9f486cf,combined.pdf
243589324d2a8ba0631acda91b0bce7c3f513001,combined.pdf
81406d8ce0a7e03c89d3bf6cd6062fe4900bf9bd,combined.pdf
f63f504114328edf19894df806e555a25d5b77d8,combined.pdf
61d4077ad7657cab0685413eee36d8a53c6b9be2,Activity sheet 2.pdf
b96e6e3a0c2306d273786cc8aa5304fc0ef0e9d9,50002237.pdf
9b976bcded5a7e2408e3fc785c1403cc3e923664,Test and Adjust a Pump Flow Using Flow Meter.pdf
1429f9c55fc5cd569a8d9cfd1f2ed225b1303df7,kj01711.pdf
1acfefa55034ddbf945f890fedd7c5f9bf4c72e1,50002237.pdf
833322c2beb8cf04b4e4d2966a51f1c4bd003610,combined.pdf
bb0eaf4ac388aeda59e2177f1270dbb2062b5bb4,PUMP FLOW TEST.pdf
8ee5fadd7230d8e9f21a057f840ee2f14cb218dc,combined.pdf
b35df11db5b7e2eb36894e0e5f725b85d69713e5,50002237 Participant worksheet[1] (1) (1).pdf
971bb0bdc5de23a748ae8610dd9ecbd881075bb3,combined.pdf
f41c3e7bbf2fd999816d5da9037bd3661a58807a,combined.pdf
e6e47cdf548f8704a97f9771da20b04c194aad9e,combined.pdf
d0915ab1daed98684c12ba4beab3f12e220e4df8,complete.pdf
936a25e38a6e79f12d5e986d65ad49906944876a,50002237.pdf
919ef8bc3ea6b9c16b0dbf8dee91d82ce513b7e7,CamScanner 09-25-2024 17.52.20.pdf
df4a51c7c948078adcce45a84ce20767408fb833,Adobe Scan 09 May 2024.pdf
4fb340054fc7758b0f6e36ed7dcf2708bb70272d,combined.pdf
3fd01c7048b1d11827bbdfb5239cc060aa50f98c,Test and Adjust a pump flow using flowmeter Workorder 1.pdf
27838409b36a0a2f8b01ce11c5b2ad06e007f592,50002237-1.pdf
a3ddf3d441f95e283b33a6f6908e09acc1a9670f,combined.pdf
0074803bb34c4b637c9a4e79c2102165fd8c493a,Flow meter.pdf
a0af6ae54ef03bd1d890c7ecb27e44daa70b2381,50002237.pdf
8bca65f59454bcd7a6a80734c3dba8b1af6eead7,pump flow.pdf
b8c6cc79a0b90c1f7c4cfbd6411f8f7e4422e471,50002237WO1 Test and Adjust a pump flow using flowmeter.pdf
1736786a9b3937bae7f916c74a8f62c03036d92d,combined.pdf
288f9157b6a9201cc22608554e0921b0daa0bbdc,combined.pdf
2983eff78243f01d331ceab87393fa438347149e,combined.pdf
978ea804d581d6e96376bb49aeede116205cff19,Adobe Scan 31 Jul 2023 (1).pdf
e2099559f49d84a798b2dae6ad424aba0f0faa84,testing adjust pump flow.pdf
20c7a6fc5f694a1365d4e23825a12151c342ae62,50002237WO1.pdf
3ddfdf9aad32ac1e2d1fcea686fb99d4ec5e4890,50002237.pdf
a98f7d08cb1ac2fdf9cf6bb25e5b1f44f36e0168,50002237.pdf
0fb541ac6c4106b5751877437d055eff5af260bf,50002237 Work Sheet.pdf
fd206d805718d6b055de5532da3da834616dc0ca,50002237.pdf
8cc95f0719c8ef095f369f0e830882c132e02303,50002237 Worksheet (1).pdf
65602e5d54c00b524b44cf21900d23c3838bdb6f,8.pdf
cbd349ac0ea64a9e37945b13ec6c64d578d616e5,50002237.pdf
96be2c775c2e894d30eee91f4a99a0861d9a5d12,pump flow test 2 (1).pdf
6c5294e7fab6313245b3fef6eaac51aad7bf0310,50002237WO1-Test and Adjust a pump flow using flowmeter.pdf
e00bd3d625d8c35d60eaf094e10e0c89d9f07df1,combined.pdf
2a9a4b6c2cfc073a01932c064e97a0ba1837fbd2,50002231.pdf
049cd44da00ab5d6cda664273c140de0bbf1a0e5,combined.pdf
da56bd2518b4543ee71ed5106bddbf35f4484a78,combined.pdf
41f4cc5e4d252c79b04b896ea8480d48505127db,combined.pdf
0618f191180117cea0bd2fd6546a085eaf7f3060,combined.pdf
5b7c4376c705920f2ff948e52b62a12bec42f4e2,50002231-01.pdf
dc089836e26bfec24483c196e8127ced8d1fce81,combined.pdf
6ba3cda48b4222ae474ed19a2a9890c80a36c384,combined.pdf
b3eb229143a189d7d5cb029ccc9d3954bd8dcc7d,combined.pdf
a9873c9e8d878a9a7bad0dcbc5f9babd9cd2c692,New Doc 2019-07-23 08.42.04 50002231.pdf
5d783f49a4ca4aadfb011ed89a8ae1bd3fd2e797,combined.pdf
f01f7930ab780189be30da32277b4e52b13ed276,combined.pdf
c081fbf1606a16388791614beee2134f0b646280,50002231 Skill definition.pdf
4111dddce588552837d4d324ffe9d7c27a2eb232,combined.pdf
e911825c1ccc8e19aef0d4838ffb15d8ca9dc3cb,combined.pdf
028f9625bf6a24ce2ad7fd573ad7b1eeee949222,50002231-1.pdf
21e340f1b4f7b0f72366845713edb991e5ecb7f5,combined.pdf
3d2c604c27c77de9330eb4f9b0f0525c271808ce,combined.pdf
778555a18fd1c0c8742602f18e470966c491b85e,combined.pdf
0eb2f090eca57966203fca4af9eb3d2f860da0d9,combined.pdf
5ebbd1c4da658056ac2e6a9d1040afc324e421f6,combined.pdf
ffd1f01dc1a1383feecd9a76f69024d3913e3c86,combined.pdf
dea096501c23617726e422793f4e18567afacaab,103412.pdf
1f01d077c455e3127af47e7129b21119fa3f9e3d,combined.pdf
0e4f48d089e2903046e4a17d081f631ec3fb0103,combined.pdf
1ec2b2a0699c535857d88de5282b862f1aabc44c,50002231WO1.pdf
ebd1867781d74f78bb17086f37b70c87e48daff8,NFC1.pdf
b30beabed2a7e8f91715748fddc567222998be3e,50002231-1.pdf
44c4f9e2939f31a030c62118abf67ae2a5d2a877,combined.pdf
8c237fa32a558b85722e48849763e79d9e802c56,combined.pdf
d7938617456bec56c177eddfd500f67f5e759ff3,50002231.pdf
69262d13350e402abbd5fdb7715334a1724daaa0,50002231.pdf
f22b1e855a9aa845fb096b3a5a0d9c1d76e472d0,combined.pdf
54a3a0ee246c8986c9af76f3db7a825e818d6e6b,combined.pdf
f1d6a7e97a733817c79a4aac2b6a3346fd2b796c,combined.pdf
5225072e21a8348d9151b623073039984a92a37e,combined.pdf
5ee75399416887b1941fc2ba30a54f01406d1392,combined.pdf
c03657ebbc05ac3ce46f32330e4f0d66ca7d30d5,combined.pdf
1e4b4f9f3d214b10d5f73715778498d2e7600b5c,combined.pdf
15db1ed13b931231fafb4690c4c9f62a0e0d8ff0,Participant activity sheetnfc1.pdf
bc9d1afcc76339d840138c6bb7d4c664f371133a,50002231-2.pdf
05a879137d45ae5563a3533e89f02bfb3b744108,nfc2 kj01154.pdf
740073aa4bf351deb912251c264b2ca0143ed2d5,combined.pdf
22dfc63edfd16224f3ce89cc20c3bf8adedcf0f9,combined.pdf
d9f6b8f978359c00666a8d46193c25f44c31316a,combined.pdf
585b2bfc20d124aeb4924387cc24eb19165d4554,combined.pdf
08fed42d258e27e437cabe33a3c2cb3aace4832a,combined.pdf
acc17dc726096a6e6c6aa88c91b75504f714bc3b,50002231WO1.pdf
8c90d004892e4ed587319e98103c121bad98f658,50002231.pdf
5e251fa807d13a3fac15cd4cac48b5b6a30be058,50002231 .pdf
24e2a3cc64d6a0a646d04206837dd219882ecd83,combined.pdf
9c3bf27b9cf25b58fc5622e8033e4dfd8b5b5c6e,combined.pdf
2cb979f5c4b4975d95821ccf26fd1f7238174f57,combined.pdf
985d1e2cd6edac6292708890b7936260b8259f4b,combined.pdf
e6d1129668a8386374e017568c62da35778407a4,combined.pdf
800062cbae7aa0b9563594c7f14f6d7777e225f0,combined.pdf
4356a0a5a3f1c5440181ab23058e9154c6c94bd4,combined.pdf
c81a9ceeab4f809b9c0fc370f622f47ae62beee9,CE13400.pdf
001f6b29f53998cef20e414c8f292c61d01a56b9,combined.pdf
df2ec9b9c136c4a9ba2ccdc3a3355644d7906c0b,combined.pdf
4e5b87e23b4cd31cc4f6ccc904c924bac18a24c2,50002231 (1).pdf
ca84b4054c0a1e738c1ff818bfcb4b6a61c1ebe8,COMPLETE.pdf
d9f1f6337166dc321deafc87bdb1cb13bf33bc34,50002231 (2).pdf
048e39d4963e07e9916db48bac0f981a7771ae98,NFC.pdf
b23a34d5681aca73f9d82761a2734f94713af813,combined.pdf
30cf910d02d01d7e604806fdf0317617af0783b8,Adobe Scan 08 May 2024.pdf
5721fd4d7b781c8cb63aeb47d3102ceead0d7d16,combined.pdf
35d3e24e8fa41ae8c4bf2e169e6e35db60fdc2d7,Perform NFC Pressure Test Main Pressure.pdf
00238a914adcb5bec1b74e9c10726b6d50115ecb,50002231-1.pdf
d11784051a496b19dabf99029e6a2eeb4e07979f,NFC1 (1).pdf
977253ab5b15a78e7fa81cc65caf96629f03e368,NFC.pdf
982fe91cbd7598d644a79bdb0d4d4e4ae5233782,"50002231WO1 NFC pressure,mainpressure and power shift presssure test on a main hydraulic control valve.pdf"
45d219bad031c2aa959590850f8627b666075eba,50002231.pdf
992e3e01f1ea7597a03cb5f6f35326c355107a9f,combined.pdf
d1af4447dc36617c4b77493c719e87d6137c1fa9,combined.pdf
07885aafde1a34896e55637d58e46890d85dddcf,nfc pressure and main pressure.pdf
2b6356fce00285524b3d512902bc415bf9eee81b,NFC1.pdf
36b34c5c966b634c16ef279afe9ae6fb656a9479,50002231WO1.pdf
d19ef640a39253524e317b7f1e052a88594d8b00,50002231-1.pdf
1af16e1479fcb6ee0016c813dcd35f03a0b5a2c3,50002231.pdf
e374503b6598176f3b2aca193c7e6f9a0282a284,"NFC, MRV , PS TEST.pdf"
fb44f12e6541b91a29bb470d897981ab2a669d3d,50002231 Work Sheet.pdf
c65565c7fe3fd2a5f4bb043f1e1fd271c7600be0,50002231.pdf
b17d3f888325112f360dbcf35c7b78167be47399,50002231 work sheet.pdf
314aee27cd1cfaf7347bcf3639f32622fe7d9ef1,"Adobe Scan Aug 24, 2023 (17) (1).pdf"
13355bbdfebdc346fbc1360af10c6ce586b39dc9,9.pdf
7477168712bd3bbc6952a69f7707ba3475efe82e,50002231.pdf
83c1afd3363344d47479bf49fa74a385c7e637e7,hyd Nfc.pdf
b65acc8347c35cf936a2612b62403cd06efac52a,"50002231WO1-NFC pressure,mainpressure and power shift presssure test on a main hydraulic control valve.pdf"
1caecf20f54690314d15af10dc73a3bac418073c,combined.pdf
7419641ac9dcf9096725d9f206e79f963dd6dbb4,combined.pdf
a03372a75ea56a579d7294035cc5c5118877cdc3,50002231-02.pdf
112abfa4d79a23e2789f17e697935443e649f154,combined.pdf
b7da19bb4c3ec849ac3d1a02c9d65e01fc041acc,combined.pdf
08402d71e61fae3ea4ec4ecffd754227e937f804,combined.pdf
b906bdccc4b8d8909e118881152b15cfd43435d8,combined.pdf
bcfc7e22958c54d2376bca18508d1b7e602e0ccd,520002231-02.pdf
7287db41d23e7e6d3566c195add5374b171f898b,combined.pdf
40037fffa4be65e5b252d6070551dc5b7e1306e8,combined.pdf
3f09d36e5982b5fa1254686f47417cfd52c5a09a,combined.pdf
9475367266d13579a71124f91df1e462a9700250,combined.pdf
3a914ed318c85efec72d2be0385a855ec1ddde3e,combined.pdf
9d4783d40196f3dfc49f43806083521c1442b594,NFC.pdf
c3aaea073b5e1155ac053dabb99e0e271e282a78,combined.pdf
ca95c7350d2de910334f8b49ff97dddf6d21ae2c,combined.pdf
47462bb6e0347b0c16a5fe2f9f80f3a47fd012d5,50002231-2.pdf
7b7698be930c2dd2c67099cd3c94c8e3ff598767,combined.pdf
41ccd801048fc526f87e0f92b099528906be2a6b,50002231.pdf
646df2cb2e1da18f6859f66a0dffebf1d8ef4712,combined.pdf
da8f8197f4fc1be6cc49467c69272cbc0198ea07,combined.pdf
05b48e228efba71639e8a866256b37c1eb4db55f,combined.pdf
af83dd8dcb1eccdf775f4e69aa2dacf034d2448a,120022.pdf
42586c04aff6318e54e19d280d14a4cdbf59d09f,combined.pdf
d751e7bdd261f4a2ce12b414921627045f593b76,combined.pdf
dfd8635c984cda45cd3ea4184043e7786b28276e,combined.pdf
cb3da93501325b7c3333eaaa65a4de57d9e74cf4,50002231WO2.pdf
bf1df11167f47265808ac4fd0401b24ac8993bbd,50002231.pdf
a172923c579d1c006ada9ccca62ffa484d74ece1,50002231-2.pdf
96bb3e46464180facb2ac5831f1e681ff13cc265,combined.pdf
68c4fb7f9e5549063d8f1c5980508a49a2fda673,combined.pdf
192ed81d38845fdc242139b797aa0f6a6ae64952,50002231.pdf
6f206f7a13dab460b1105c09c744ac3bad86536c,combined.pdf
80a80cf4f6f680d76a7fe7aed1f8f35cb647ddaa,combined.pdf
ba69a32fd0b7936b40e5406149d7373fcaefca27,combined.pdf
55afa847e3caff2ec4172a5663c3557a3724b777,combined.pdf
9a35831613a50087911c9cb8f35c78014ca564cb,combined.pdf
42e26e3c3cb157891abf72b878986977517620aa,Participant activity sheetnfc2.pdf
4ab6c52661c41ee76dfa42e97a8a350ab7e0b938,50002231.pdf
8de484995e55ccb914e4c9489e57d5079ae7d6ec,NFC 1 kj0091.pdf
4efa1a8430c1b8246102d9d4cbd913734d602e8f,"Perform NFC pressure test, main pressure, power shift pressure on a main hydraulic control valve.pdf"
5765206c1368124f2390d5dcea03481265e99929,combined.pdf
f9afa9899168c835ab903b5805f64053511c509a,combined.pdf
89f28247f863c7f012c75fdc71cc04c72c000cd2,combined.pdf
d6cfa4b30de182f868e5ad22ee801776ecba5a3f,50002231.pdf
a8f686220de7e0aeb9e9b9e4d357ce76642260e2,combined.pdf
4b6476a3721b55fdb0065fb1f66b2c8a9882c823,50002231.pdf
50b6bc8c9d26620279377df53db4fa1df935a570,combined.pdf
e60d84be74b7b539fa7902a552320f218ef1dda8,combined.pdf
4c7155156f762a8caaded7c7004d28d42969ed5d,combined.pdf
8389e3b401725482cdd68cd4d6c84dcf951ba89b,combined.pdf
33ba0d45287f90b094a2a518a745b6f73a519940,combined.pdf
000ca6106f452fb8aa83c0c1822c4b4dd570e581,combined.pdf
7c72587832764ebd00b7a8fd85081497cb065d78,CE24896.pdf
931fc9f5daec530bb3a9177c8c1db25b1c24ead1,combined.pdf
540400e4a3371e7a6a74ea7f1323ff6ecd93b38d,combined.pdf
7e5601ba2f1566f8d18ef698292d0f513d3381aa,complete.pdf
7e0b0bf0c02f28090498c52bc8c7a60abfa03d55,50002231.pdf
f784f56a4529ccae21f87f6673402cad25a05ec4,nfc.pdf
1739168dd9aac96af044b91d26bdafe82f4b018b,combined.pdf
9cf9469b6aff1a6ab4aa64ec59d7442d8961a22d,Adobe Scan 08 May 2024 (1).pdf
65a4cc8dcce1801b8571f3d3c49a08dc94c5d2d8,combined.pdf
994a812aa540ef940a14cf34d9d9abf8160ae368,Perform NFC Pressure Test Main Pressure (1).pdf
84c79fa7bb6b46834e63898b2c2be9e7846fb704,50002231-2.pdf
5d6e3b7b52bf6d32a96247297ec6aa139fae7095,combined.pdf
cadf82921f283d52780885167fdd064b10c8e631,NFC2 (1).pdf
ca69e981e203134dfb41216be678ce33a8ca76ce,50002231.pdf
72288bf8d14a55227a25bc40bede5c43073787cc,"50002231WO2 NFC pressure, main pressure and power shift pressure test on a main hydraulic control valve.pdf"
610114c7e3f4e9bbe1a4d48663f3596620ea181f,combined.pdf
2d1f2268d71a72cfdefa61848ea3698e5c0cbf0f,combined.pdf
fac6f2c2e9dfe0236770504b9a2f87106b651f92,Adobe Scan 02 Aug 2023.pdf
23e7f389ef6a4169156053a4e6b80d0969b0ef3f,NFC2.pdf
6bce377c0143f717f2f69dd9e7f87cd9d29ec31b,50002231-2.pdf
2e3f828cecb02586697704024592e4a3f7c1d5cd,50002231-2.pdf
627268fc97b0a5c2135882c3f9dd67a9c548df99,50002231 (1).pdf
5b26931e274664fdbec42994354cfb3bddf6d5af,10.pdf
3fa61c7a3a2da135f1676db2cbee04682aa7c992,hyd nfc 2 2231.pdf
5543aadd79f2bd5155193ba7354cd24e7cb4f0a4,combined.pdf
ca6a7bd6e50a8d89a087b634f05b0fffaa6c1508,combined.pdf
a100c48774fade13a6c6a76e9d090e07eda7ff80,combined.pdf
e830280b6ce0a259b588add3ae540f346e39f301,combined.pdf
da4849dd49012a3f09c895f3686da8ff6daec5f0,50002312WO1.pdf
f25f318fd2ec4f039bc3f6318d9f1d24c23ce6b8,50002312.pdf
abfef08746c1d8198047698273eb4d7ffbdc9bba,combined.pdf
0494ffee4c44e47d8f667741ddbd9854685825d9,combined.pdf
585241bcea4c763f1297491ab34741d230eaceb8,combined.pdf
332d9d0508ce89bd13749c33e9bf686774ac0fe2,combined.pdf
930606fe61d1fe139f82a0d479080e0bf6dbd3a0,50002312-01.pdf
67c2f276058c76e9d15675acafbf0df121653283,combined.pdf
b3f7a62a4064b4b623f150f9fe40bff1377140b5,combined.pdf
b0e0a845d1b282249344a152dd29877a6f215fa1,New Doc 2019-07-23 08.42.04 50002312.pdf
9fdeda42a5555b5786b75ea1b7460d06f69adf97,combined.pdf
57c34ae95df2d90f03f4793a432264eb5e870df1,50002312 Skill definition[1].pdf
92b5c196c7c20633c3a0b57a03fbf14f3cde6490,combined.pdf
95a80fe4d0772e55a760255aea2280df791ba9ca,50002312 1.pdf
71d567062e4a966945057a10a694f1ea5c677654,50002312-1.pdf
cbd48b912cdfef34a96a359f25ea098e40be6ce6,50002312 competency report 1.pdf
05337eee6277b683d9f3d7312078c19fd888a7f4,combined.pdf
1a2d8018f14e6fba7218de2b58769a9c733ce19e,combined.pdf
1856bed6d7848e82d523bb4d3e8055e1077d9e0b,combined.pdf
f809928a0e4f0735f8cc4dbdb726972e2bb6a9d7,50002312-1 BL80941.pdf
e37c1e88d7b5a5fb9a871b757874c3d3448e5889,CALIBERATE EL STEERING CLUTCH.pdf
9e8e0694aac17fa81c30e11b97b2cef736ba5bed,2312 -1.pdf
19a203eabb69dc6513ffecaddcec6d4565a071be,combined.pdf
25685f5efdc29b329a1382f66945a8d142b73c40,2312 A.pdf
bdb4fbb7f7aa15193675a841750c7990b76fb723,combined.pdf
7df62937ebdcae5fba8f3a155eb66a48c2eb29d5,50002312.pdf
48d3a6135bab5d9fb10016bd9115ffda584780ea,combined.pdf
81c62aec0f705c40f609994e65f59931c80204e9,combined.pdf
7927edb2056d99f4496b9782a801c2fb756db9ca,combined.pdf
e311e3556e5f035b861e6332b82f5577d98581cf,combined.pdf
a7adb4b690588c91e985e25a13842c4d4eb1c70e,combined.pdf
9553f52edf60d1ff25d7acb8441fdd527def33a8,combined.pdf
ed3ecd4874876d2243a1bf12ae6b54da17841b3d,R50002312 -01Participant worksheet.pdf
76d2c5dc0c9607e411ab15014834dfccfdac1823,5002312.pdf
ee98f79e337fd1e855ab4b25bdfd5fdf96b27c94,PTA-1-compressed.pdf
b0976e128017f43c2f420d71a634a85dd78fc26e,kj01151.pdf
02cbc6c018204eefec8aa684c32a67607c120930,50002312WO1.pdf
8611a144ae07f934baf85d3c568b3f23adc5445d,50002312.pdf
e389df22dfa729d2678f620455685db9e7f302ac,combined.pdf
d62dbbb9e2912c8a8a8d51a9f76b0402c25dda2a,50002312.pdf
14c5248aa05dcd028d314681b048e16eb71e2190,combined.pdf
bebbe2c82349a198cfad85e14eb86223c44dd186,combined.pdf
e36aa8fc0d9c0368c719365bcbd92713b1fbadc2,combined.pdf
4281106fb9b9ff0dd4e5658a13e0fd959048b148,ce37781.pdf
b07c8803457bf86b3febdcf23b740e1bbf1397f2,combined.pdf
6d1a5bd0e13732244b4a59f0dcb151a11126a70b,combined.pdf
a2fde70569ceff05199b9d95bc480b23e07c52d5,COMPLETE.pdf
1adf996b615f93f8c2dfacf3d9fa4eb6f0c2124b,2312.pdf
0ce89cf550086c849284501776e6bfd27e047c28,combined.pdf
f7ceb5519fa943f0046b17b021a720ddbfbf7239,Calibrate an electronically controlled steering.pdf
3a7b3a2ebc5ab8a5f8737e52e06225ccc58acac6,50002312-1.pdf
403433851487e54a599d751fd1d0017092dd3eee,combined.pdf
6ec711ff8d7520928305493df9b914c39dee09a4,50002312.pdf
f1d953997df06ec5e6e2b743c9c6b7ed4f677fd7,Calibrate 1.pdf
53d0c6ddb8be6f435d9b85d56be93c70fdd91d22,PTA 1_compressed.pdf
1cb4bf27fd51a239816c009a6d3c8f136b534628,50002312WO1 Calibrate an electronically controlled steering clutch and brake system.pdf
bfe8aa73ac90b8847cdc909b094418ad4e532d08,New Doc 2017-07-22.pdf
42cdd35f537e82c51e785975c9da10261a4c7058,combined.pdf
e754ddc92a7cae3b24ecf0b179cfac05b72219e4,combined.pdf
7efc477b8b98361885f6236ed6ee8b0e76766fd9,brake system.pdf
f2ca1dc52865b9f843c511ae145be8e67e38c3e0,vks92 19-20.pdf
2579977e5949f68f2b3088e4febd8fc6c176308a,50002312WO1.pdf
8c3e7a2c677000cc9d46f08f85612070289d19b0,TTT00763 Calibration .pdf
5846658ff2596eb110f44714560c74ed1bbc32db,50002312-1.pdf
43d5cc1f39aa6033b02f14f3510556eecb790420,steering clutch  Brake system- Calibration.pdf
fd090d9973d2d51079d8cf543e38d53dd58dbaa4,50002312.pdf
5039e8bdc9fc72a01429ba1817a841c6bee5838a,50002312 1.pdf
41f9205652ac810be22ba39c742ee70238bef53e,50002312 work sheet.pdf
082e179fbdd935ae21dda04d7828e08fe7d38eb4,2312-1.pdf
ebc8bae8966385ea81e781d6cc8fa4b0b3475aa7,50002312.pdf
daf04bb4305baf9f6acb0a397d094252402d0eb8,50002312WO1-Calibrate an electronically controlled steering clutch and brake system.pdf
1be24f731b83fdb80c518b27ba18316defea75d6,50002312 WO2.pdf
7a2e288c4d6e7a5bf2b1f4bc40b9a146da30ae74,50002312-1.pdf
ad757022648fe2e05b222a1511c306fe07e97144,combined.pdf
e7c334f877c660f39099d1f4b577547ba4e18c74,combined.pdf
3ee3185ea0dddc3c883af83573bf8e7777b979af,combined.pdf
3101c1c7479c0f4900bbc8dc88e18a37ed1ea15a,combined.pdf
09a6708e23bed8a31d50ad63c63894c9c8e6dcc8,50002312-02.pdf
594efad55f451d50f1353f1975eb2a7d8bd06cea,combined.pdf
eea25536b341ca02650516e7250af6d419d0e4b9,New Doc 2019-07-23 08.42.04 50002312A.pdf
0e57ca1cd871c778e5f240c5751dfae0f4e5aea9,combined.pdf
5b1780b8cf8b73ad9fd92db6a5368ddc9ed1164f,combined.pdf
7cbb193ef899a8d3b271fc4d4dbeaa646f14f3c3,50002312-2.pdf
f55a7e30eff47c765baf17439de37842b2c2b3da,combined.pdf
09ceec6ec1595502ec647e2ab7a4a3324c9f273e,combined.pdf
7e4c24b91dddcec15ad61012cbdd16950c6e8132,combined.pdf
7e91f82453191aa90da2a101ef33afe040939ee0,combined.pdf
f8f53cfbf2bb1d4dfb41832c1c63eee232ebf11b,50002312-2 BL82361.pdf
b66c67aba58cb9b0e5fe1eb355506342948ee480,STEERING CLUTCH 1.pdf
0ec73478116b3225f29079c6ce8bd9a0c072e697,2312 -2.pdf
e0257aa34f926e33b231c6b7e7e5137e674b2ca5,combined.pdf
a88c727312e0ae87135d0d57eb0677cfdf715934,2312.pdf
7b572a5fe44811598cadbe0e320d68b9ddb34f7f,combined.pdf
e4d09a4230cbc34fcecddadc01c9fb3bbf49adf1,combined.pdf
13b9f532ce2dcb2da26c15e1000e4af9b320a63c,SERVICE REPORT.pdf
fa20457d63a18ffc7b38ef7bae4554368be9b4ff,combined.pdf
b8082bd6dd8b1a58835799f05982605959bbd475,combined.pdf
498b89664c1d53512301d1322d8c9c08717b8da3,combined.pdf
e32c3d01062507c7ded6736206b511821c666a1b,R50002312 -02Participant worksheet.pdf
e6ed3e58b2a8e72991309cc70028df91a4c48b5e,50002312A.pdf
4919f852d943d097708dc2e92550815f2aab7d51,PTA -2-compressed.pdf
2aee1cd5c9d1086f6d5ee2f7c3ecfa53471b948f,kj01136.pdf
910d80052767640cff95e85f0687218315dc8fee,combined.pdf
32df940d52405269cab6d7f45ce538f00034cd3f,50002312 1.pdf
b404f1f967fc0a30b08d1d018b9f05c648289d6b,combined.pdf
b2b5edc71c3a23566f958e6b93fd2a66414e81ae,combined.pdf
d9c4dae9b262eb5da1e2d3889abb5407606bc735,combined.pdf
b3d93bcc6b5ab490baee94e3aa397e73fd33dba2,New Doc 2017-05-27 (3).pdf
a29c799eb6184054b56a1c553c6618d82f1eb34d,combined.pdf
7580c307a18b65b8eae270639e9de1c7b357b633,Calibrate an electronically controlled steering (1).pdf
4c27f4804ca58aec335578fcd08e74af49d07649,50002312.pdf
67da1787c91f3f1f7daa9f2627f01e72bed6e8e4,combined.pdf
8dc1f77c8d1b01953280e4082905a0a736a3f403,Calibrate 2.pdf
9508ba68bf6f911e88bd451dcd009e63d07e5d65,PTA 2_compressed.pdf
de794ba94539c0d97aee33be48d4ec81f45eabf0,50002312.pdf
167232f42863b48878479113cca70b7c64ee6e76,combined.pdf
a1f5f6aa7c55c15d426d90117fd05eb2d84ed0df,vks 92a 19-20.pdf
04bdbb2e230f0b3d6594d45cc6b044e6b10fa10e,50002312-2.pdf
31d063f1efb49878d60dc8652826c72fb048b8d6,50002312 2.pdf
168500d7f600680427ef4cc587cbcc550032da07,2312-2.pdf
94cd1287075439bea431669f45bf4d392419667d,50002312WO3.pdf
6210c6121e8553cc7665e0439e6db4f4b59424bc,50002054-wo-2.pdf
8ca342cc1be474b7fd69e1faa46f779a603a6a37,50002312-03.pdf
0c192c54524e35440a4ada39dcc9edd1dbff9226,combined.pdf
3302100dd6e77796abe3d482717974748ccecda6,50002312-3.pdf
55e87b4e95e4a22faea4fcf2da633202d2b27489,combined.pdf
3ebf3e06fcc7cc52082550d3ff42dbcab0583c53,combined.pdf
4bcd18a2b7bc1ada791f05acfcbb9bc7e98b1fa6,50002312-3 BL84426.pdf
fb66864aa66f433e5d6c314e3f212312fe9f9040,2312-3.pdf
6fe0f35c7d4172b371694372d58f0a219ebd3b27,combined.pdf
924c96862dde93ff5817139f361be296f1ada130,combined.pdf
089e636ae91f9fd50183fb2bf3c46ae0eddba473,combined.pdf
b92bf55c42aad151bbccca56aca27afb56242f47,R50002312 -03Participant worksheet.pdf
113a1876eb6b1d9a60ce785cde124c3753b4c3ec,PTA -3-compressed.pdf
10228ed7704006417a7c8d3f496bccd3b8baf959,kj01002.pdf
a14f6eef2c343645844fdaa0816ca83266cb7381,Calibration elect brake.pdf
d18e2f942d617cc7f84185834fc5fa2ed817c93d,combined.pdf
2ec54e8f9865faff875bbe706b5196d0e6a8b286,combined.pdf
42838c53570da6aa146a47416debef6faad54442,New Doc 2017-06-02 (1).pdf
ed325b643b3f4dd5c4d05725354d95cac69a2822,Calibrate an electronically controlled steering (2).pdf
fbea6ddff66a909632c1cfdb64a63c274e5dbed2,50002312-2.pdf
28153d930c09dd72360eaa2405721360dc241861,Calibrate 3.pdf
5f63274fd458b97d4ea99be313a0c7bc717c7613,PTA 3_compressed.pdf
7fc6e39dc9ec0967f6f70bcac0bede9906a48744,combined.pdf
733b5ef1a9eea6a334cc35544454f85943b97e2c,vks92b 19-20.pdf
1a1f3304a81164e3f7c3380af12447ae60b0784c,50002312-3.pdf
3c6e386d097a9e246e5c61acd39cc0b45b2d0732,50002312 3.pdf
37378e82d823f93ec1a8acc3c374db66c7041358,2312-3.pdf
9ce6bf6479d7b39113cee3e78ea6955f07cb6791,50002325.pdf
a3ab9894cc5b016b84f5e503a266f09723d14831,50002325.pdf
335218defa7d47b813be50800916a2fa766f3841,combined.pdf
72fefdff5579c6fabf2be3f962edb2fc73804026,combined.pdf
4a4d5c2b4a8eef97f296d478a13007b750fc6b01,combined.pdf
80e5b8dbc6eea175664232323682239fb9d1cf4c,combined.pdf
4bec7bfd4c41d02fc53b7bbb6b51d4367dd827bd,combined.pdf
543071fe3d2ac7b309c0e7de2839865aa98d7e85,combined.pdf
a34b798663deeeed66044d0915e41feaa221dd2b,combined.pdf
4c97b9b1e2f103a83e8db005092cd28fde613dd0,50002325.pdf
b0ad3419e89f45752ca9909f83e5892e031fb25d,combined.pdf
13a8e5dd053673c0ef66b54a45d96cbfcd0e9a76,combined.pdf
76c696a8777609c34a13f18a0fd0ed63d8ef493c,New Doc 2019-07-23 08.42.04 50002325.pdf
cd64aa03ac185ca84e7341cd4dc9ca7978714518,combined.pdf
c3f003cc566d07f6fcd32007e1d6c148a40149ec,combined.pdf
cb1a1bb1d84dd6a879d38c680df011af9ad7e7bc,combined.pdf
5e3a0043c21f87bf69e2a06a69befb87e06a580c,combined.pdf
66ac0d8b92ab2ad662e4b2517f46af5431d02f72,combined.pdf
a9c2f44589edcaa79716fd22f17af86804e8855a,combined.pdf
a485011c5f44c6678a2274e8f3f862809219a191,50002325.pdf
9b6d50c1fa493b0d1a1e56a82b2445460ba728f2,combined.pdf
66d0d454aed0f5b5e5e6ec727982027611d50f1b,combined.pdf
1788ae2541bceb37ff97c45d6f142a3a2def8464,SZS10392 Transmission fitment report  Checklist.pdf
bd8e144b1bae7670b498048f1c22da809b2c364c,combined.pdf
970610a4e5b1604aa000bb5527d414a420b5b55f,combined.pdf
21bdbcdc2646162aa18874588e8b85fb9967e233,combined.pdf
d60389fdf99b3ed08b3f6df0998a5c2f1c05b4c0,combined.pdf
476626d864a206eed02c370d9ca3054d0d71eff9,combined.pdf
fb63f3c5a2ac443c59a7ccfda8b774af22cf4824,combined.pdf
346a56fe463fa8a2b3757003b04df505aaac5f13,50002325 BL81696.pdf
9fa10d91407f21eecb05e07d5511085e6be6231d,ECPC.pdf
f30d64f568caaf36a900a1c734f1928eac8f2cf9,ECPC -Txsmn.pdf
02a02404b39bc254e2bcceabd9b3ec3a1b23fbc8,combined.pdf
26e249e0e269d248287282326258710896e8902d,no50002325.pdf
39cafdd337b4f1714ed1e3169a28a6151940940c,combined.pdf
7897ad7bf0a10bc01758e025be978be827478a50,combined.pdf
86d153e10972416d1a53bfdf2a1cc32ada64cdf1,combined.pdf
6fa48834a7a9faab8954968b4a98758d2dfba38a,50002325.pdf
9dce747d151459d67fae187391ab2eac73f190ec,combined.pdf
afad02392f9c47b1a0af4cb9ebf22526896127ca,combined.pdf
869b297ee725f5e3ae5b6061ddf4f373e53fcd3b,combined.pdf
aa9b641c023771bc95be444872b58a706a2baeeb,combined.pdf
052b9b9515e4d723268fae410598b8e547ef8116,combined.pdf
62b7530300970af9c84f5a7e314a7af799c24614,combined.pdf
67b770153f2744a1b022a3939da46e15aa35b514,combined.pdf
874270584c4b69193f084125245b99300df219f4,combined.pdf
07f62927ce5140034b449ae7d570d0dd089548ae,R50002325 Participant worksheet.pdf
f546cdb917690cb5730bc8387dc43de9477d9eda,50002325.pdf
b206d207ec1487f053bc0e1ee618326eae2efb80,PTA-4-compressed.pdf
2123192a6f091232d5886548528d8ccd0b0adacd,kj00888.pdf
753527f736ced2a0b21fbe6774e94546177d70b9,50002325.pdf
9532877b058b4cd7b61b60f8178d17c905d5f42c,50002325.pdf
e4eb98ae39177f8a8a9fafb40c8d354ca85ea4ec,combined.pdf
f5db52b2386cd7134e0a40856a03f52ea51d9760,combined.pdf
3c0660672876b161d12fcd1a2bb4759c010950aa,combined.pdf
0b496eae928dec69d61f8823bab9424b6f9f4be3,combined.pdf
bd3aeec90df2655bd250750b51aeccae6861bf57,50002325 Participant worksheet (1) (1).pdf
84ba7a9790823d69873fc53c0b2df3b7dfc3296a,combined.pdf
bf7140bcacd9575ab35cc8f278ef64995946175b,50002325.pdf
c188e5d81a528cd30f4a43a2be7566e43968f949,combined.pdf
7547fd06ebffa074a1e21dae72860c1442905be0,combined.pdf
70cbf3c2365a1f51056587968a3bb0009015044d,Disassemble assemble power shuttle valve.pdf
849045879a60398a790575d8a19e9ef886536ad0,combined.pdf
2f1e834ed040ac804e53d785a72b65ac5b0d0a7d,ce16156.pdf
853373fcb309086101b24679660119cef958566b,combined.pdf
e8cac37703f910c3d824ca64e529d5a8b9cea9b9,New Doc 2017-05-27 (4).pdf
322228cae7cf10c1d9aa070044596c47f6cc7341,combined.pdf
2d11786589d25d9e07f079733bebe253ec696abe,COMPLETE.pdf
74541636a73914d1d26a4272fef1c8416fdafc7f,2325.pdf
6ae68f4c40d502107619fd146ae352d5e57a0f41,JTH01791.pdf
b659722efd08376eccc5aad73a0b544d8a5e50ab,combined.pdf
ccb832cce2b903c165c4836f7e5b4cda99ce9486,Adobe Scan 18 May 2024 (9).pdf
83a7b8a93c3a3c6858aaf57ef3e324a0ba632708,50002325.pdf
04b52bc7a59d56a79776d125e2bd9ae2e7b2f7da,combined.pdf
bf1780142c776c75036ea8afc41b097539cbcdb3,Service Report_30-07-2024_240730-000352.pdf
65c843a0d2f7ba9dcfa4bb6826a374fdace47684,50002325-1.pdf
53273464f97de3c450352497cf34a9e28c8008e8,combined.pdf
f3dd1daf69434cb44592b05524e3db18a3649208,50002325.pdf
16c094d688b2a9127d124f8263fd046520d4367f,ECPC Transmission.pdf
a5a100e98afc67c094a553fbefc2216978447e77,PTA 4_compressed.pdf
13ad4cee5e01ecb4cb41f62844b78a66a61703e8,50002325.pdf
449d79291d127f086ccf80e985a05cea74517a61,50002325WO1 Disassemble and assemble Power shuttle CV Classic control valve  ICM  ECPC  transmission ....pdf
714eb12b622b82bedbed31db7c0b87e22fa013ab,50002325.pdf
2b17c05881d6642b4bc1e1da8282ef78a5f24991,combined.pdf
2743bfdfbed1134cf329cb852876f0b39d452ae4,50002325.pdf
f059a5961fc7d32bba0fd75f4944d4a8aefffac3,combined.pdf
3999112afc8e89f9147899f9ede6088ff3a23cab,combined.pdf
30a2cbbaa6f011735c4d622d4d557602fb7a476b,TapScanner 09-06-2022-12꞉11.pdf
01d2a0faef2485e66c30b255d856ab27fb30b415,vks93 19-20.pdf
dbbb1888a8b89c44f399e5e8aee3508c240a0c35,50002325WO1.pdf
572cd17abdbb3e2011aa9d3f4aa68f38d9cfd1f2,Trans repaired  control valve dis assembled .pdf
39a8e9d1bf0f2df3d8ed24704118c2ecfd28615a,M5K01036 Control valve.pdf
61a885e4b55d0764d6526b42d5de5df84b7ce623,50002325.pdf
8e6e365f08cf1d6e2d886f018b195f20028861a1,50002325.pdf
1b0587c825b1d9cc6aa5872461228cfc2ed669b6,Ecpc-ICM- Classic control valve disassembly.pdf
1932104bf874dadb654c104736186f500512b170,50002325.pdf
6663fed7d5f5286a16a5b1a89e959c35ea3b67d5,50002325.pdf
5eb906974c70038808466aec05f069659ed8e5a7,50002325 work sheet.pdf
d375d74e9e55e3c44e27dd17c83ae9a4260b58aa,icm control valve disassmble  assemble.pdf
6bf133777a0e5c3eab75b76a599867c5c4611ce7,ECPC TRANSMISSION .pdf
fe626dded9fa4bb14c8ca428af64bd8de63a1d66,2325.pdf
fef0e86cedc9805740501fe063110c064c23d480,50002325.pdf
50fe1b2d5bac5c8e0f2071832f251835973e7f59,Ecpc cv (1).pdf
50e28db26464450ceef3a1915c5b1b8c2e2497b4,50002325WO1-Disassemble and assemble Power shuttle CV.pdf
a52dc7b57a5efbdade4084459e32b29b4550e0d6,combined.pdf
5226b2c2ceb7290e66b16512f1f9c96df2a855a4,combined.pdf
4d9e8e4b88995ed49d3177a7d7c2db64eb5d7f0a,combined.pdf
f07bef78c40e2ed32427f2a5b3fbd0b2e68a45cb,combined.pdf
7d7864cb2aa99dfd87fde13426e770b6aadebcb0,T.LAKSHMANARAO.pdf
e000c48d1217e6e089c7bee02bc26df53503faff,50002326.pdf
6324e03ac413bac8314a058d5a6133b64bb900c3,50002326.pdf
2b58cf79bf5e640e77d369d21e77ceceaba771b9,combined.pdf
d16e3b6e751ef3712175c7bd609db93debbcac76,combined.pdf
387916ec0140a64161997bd4af5850bc2a627eee,combined.pdf
a23b7ef4a414237a225500396ccf4023034dfd37,combined.pdf
ca36a911f5adb9918e86d23999d265de22febf42,combined.pdf
d9bce0e0869f9c6fa9f74d1526ffbcd49091a3de,combined.pdf
d82be91f49e88e9e96ba07d3bf2478221e1c1ceb,combined.pdf
cd911cfb3abfa5c3f7287fd75665fdccbb009b57,combined.pdf
0d2d96866133e7dcdb6a748e87a676e0030a6e82,50002326.pdf
a5c17c41bb86228a053dd95e3ff17384358e8993,combined.pdf
0a517eb376caf5706b8f7a16812d24986890a805,New Doc 2019-07-19 13.51.28 50002326.pdf
c9e8cc6fc0c6a01f30e4ccbf2ae375c16eb9c60a,combined.pdf
92d603c11d144b22912e7d71f0eb576719c9c087,combined.pdf
182adccb6b93077c3878e76e243c911bf2c1a7df,50002326 Skill definition.pdf
c6359a38245a93329f8fa45c2301553510ade0fa,combined.pdf
e2f40c2a4fc168c0863980fca9e36f0c86e621a6,combined.pdf
39fd8ef512420e3166fb8fd1db19606c3b9b53c8,50002326.pdf
9a244772579f9789593299199c1d82f9448e426f,50002326.pdf
ddfc55b6775e31fb0dc3cbb8a5a59a929dec624f,combined.pdf
dbed8a561ce0bdd2a42ecb5e3f93ec3cf4792eda,50002326.pdf
bd75d1b9bbc25e1bef8909d29a0427212083fd48,combined.pdf
4ab568be3222252f96df7dd303ba06d9742db401,combined.pdf
c2115fb48162575b776cc3a7fbae0041317a61a9,combined.pdf
d6a7a742b1c5faff9e37f9fc089b924231f3d40a,combined.pdf
e33e1f93eb8a6393845f9ab50b4104f7163e9ef0,113021.pdf
00af692b775ace89200ddca71f65c9cd36ac5dc4,combined.pdf
b2446287a8b54b4cb8352b6865e9bd634bb0a628,combined.pdf
1fd1df99d0809019ed675d3e423cc8e9e20774ec,50002326 MG01546.pdf
1537af189db263fcd0a48f106812e86cca2d34a8,DIFERENTIAL.pdf
ae776e1c5a036edc196cfaeb5cdea8867731ded3,Differential.pdf
f195d19a3d0da541417324817b337f2f7779de6b,combined.pdf
b34aa1dafad06b617a7ff04350612fd1650d0cfa,combined.pdf
bd9591694d1b9951ed3295da6e763cdcc8245d50,combined.pdf
c483fa12b34cc7f0c6eec86f4de6126047a018cf,Differential.pdf
cfae1c542aa41ab21a5546b25ed75bc08fe340de,combined.pdf
814a47a98534064d85f1d03c8e27c30f73faa490,combined.pdf
f8609031d35cb819ef7b720692c4a5aee67dce24,combined.pdf
3f8b961ddf661cf7d3a556f9c373fe66994d9763,combined.pdf
a3f0fb788a031e8e41a483e5e5719228bb0c2d79,combined.pdf
3fc32828fcce9bf24333176bed6fe88378c88722,combined.pdf
e0deab6b4840281b9341507972f8a150e8f78a90,R50002326 Participant worksheet.pdf
01cd9f5b17c31133ccc16393ea4ecc7bbcc4ca29,50002326.pdf
8dfd934566beb9367b5cdffa9122db61497a586c,PTA-5-compressed.pdf
e8afd8a845b4dbd6a163d69b3991b6a3a2c4c4da,kj01102.pdf
27a076347bbab87a29f6d7bf26b0360c6c95d1ae,Disassemble and assemble a standard differential and adjustments.pdf
716153193d62c9aa3baa4ba0a1a0f4051126c803,combined.pdf
26c53991500089ed89ed486c7cddfe3b92d3bf82,combined.pdf
04be97589598d57565d05f56134451a2a2d1376c,combined.pdf
5a93301e78d5c5e8d31f7e2a8a0921511810696d,50002326.pdf
74ab7100c30a2de26291d0ed32ed1017c65b9fec,combined.pdf
8bc7003ce52daa70c5e1d24411a9690739a8ff92,combined.pdf
52c11db108a95fc98e2e542e98dadf3884ebc436,combined.pdf
4890eede39b1a0a2ae287cdb4de9c941c06f9b61,combined.pdf
99a956525b7f7a06dec2ef136e42be7f4198b867,axle differential adjustment.pdf
444212c8aca49cced8fade4eecc9929c1d9dd684,combined.pdf
3997307704d45ced27647c206a47908b6fb7bce1,combined.pdf
33fecbf07b718acd0c2fb82cf51015e9092b7626,combined.pdf
7d67a099abd0ba5199997ac8e1f536569359c275,combined.pdf
68ddefdd784e10ab98bdb2d47afe1a1f20a4d6d6,Diassemble  assemble diferential.pdf
1c99e8bb407a9ea152c9df84835684566fc8a595,combined.pdf
cd71bc99f2e521ac9696558121d93f864ed81089,combined.pdf
20443fe8e1349157cb568ad79ef06d405c271160,DI.FF2019-07-19 15.13.27.pdf
e082486590d1aad02a1b6711821443a71c3db4c5,combined.pdf
fba60af3421dcd8d99d6a7418ab02e9d2fec7295,COMPLETE.pdf
b8e7916b2e18f183a71ea9ca384f4089f9b687b0,50002326.pdf
3475e5dfe9519311b29f688bffab1b8c3e057e70,NAVAYUGA ENGG AXLE.pdf
624ed56ec8b1302a32031b4fb6e438cb08ace348,combined.pdf
cf18f43f3c594dd85daf2654a7b226f0704392f5,Adobe Scan 18 May 2024 (6).pdf
04f6973c358255b4398f29f09c8f359115594e29,50002326.pdf
4a45c9cf5958e28cb78f7b75b7bb1f2a0e6f6aad,combined.pdf
33e78b83e0cc65586df38305d4a0aa28178c4c2a,Service Report_30-05-2022_220530-000166.pdf
3ef9393f24b408dd15408ed60d3744b9b5498882,50002326.pdf
4ca6a2fdf5078a2c035d6e6134e537fef776a577,combined.pdf
bc0b3859817bad5165680be4f8496c7947c17de6,50002326.pdf
0f8391723dcce0169da90aa44da74666cdb4c326,standard differential.pdf
18be41206a341885fb3cc5dc9098860ec5ead26d,PTA 5_compressed.pdf
beeca93c118eff114df7a9f459dda6f0724bc13b,skill 6.pdf
8bea308f2b5703854cd90bb2586013b0b22b5eb9,50002326.pdf
8d3ef2d33ff22ac28611a063d12a0f33f915191f,disassemble standard di.pdf
66a71822365c9067ce63178df62219f401034121,DIFFRENTIAL DISSEMBLY  ASSEMBLING.pdf
85e4a4c168640ce374dfc51710c435740ed9a49b,50002326WO1 Disassemble and assemble a standard differential and adjustments..pdf
1397776c0fe0f96bdf24193d4152fd3bd2a44ae0,50002326.pdf
29ff0c19660ca8882ad466f237fd9d0418ac9d29,combined.pdf
f7d6913e533ceab1ecc53d7586e72df882de9817,combined.pdf
b64603f8bf2b1717df4d33721d96a789b618168b,combined.pdf
99061ece7cdb9e437c4ed2854cc9ba4c56f05eac,TapScanner 09-06-2022-10꞉57.pdf
09c361ed11d14a1eb2b8c202f71ab37097307d1b,vks94 19-20.pdf
e7067ffef55bcd11e59cddd4c620341c62f5e130,50002326WO1.pdf
5722b3c87379c7219231df10825f3f0e4c56ae5d,50002326.pdf
5416f582375bd044328b90f020400ed578308a13,50002326.pdf
1ee978028d8a625669e73c1f06b113a779b68086,Differential assembly Dismantling.pdf
8518da9465707975955e9220720781bfabb4e943,50002326.pdf
a1d5542e4ee0d6bed01e5e80850abb14f9c62d19,50002326.pdf
46ff189b2a0627bdf635fcef9ac710891ed3fe33,50002326 work sheet.pdf
ca89dec8bc89a0a6dd64072373c31a865c22ca2e,Differential Adjustment .pdf
046169f7dadd55486d490f6d6ac80f44f19f21fd,2326.pdf
a50b460187098d87942fe51bc2321e84b51f3396,50002326.pdf
ea90fe057fa818012e42b89defe116802dd683b6,diff da (1).pdf
dbae021e8128deb619ea007fc26e4df0da884707,50002326WO1-Disassemble and assemble a standard differential and adjustments..pdf
dff7c5ccbd1e1bbe3b5059dd4a10582289234975,combined.pdf
1cfd5be2940413679340ec13a30cde29e30101ec,combined.pdf
0f099452d8c82baf9349011cf5598bea5c44e7eb,combined.pdf
d20e38f43e5e3a8307958799ccec1dd313a5a3d6,combined.pdf
ad89e06a75b83cffc382848d463277813fd4f37d,combined.pdf
b991137444a6366b0d2c559d969f00a0d4f86d57,combined.pdf
04fb897f1019dadd5d1ff579c45d9246d234616e,Gokul Raj.B_372413_0.pdf
ce4efd11678d36782c5dc06533e09e62c885229a,combined.pdf
8e242a56203ffe94a54c59fe3671173efea2887b,combined.pdf
b0edaf49982d26cae43c4c5e03e8abb1bf988a5c,combined.pdf
25221bc2e175067e15c07dc890f7372744ae84f1,combined.pdf
c803c05d3ed346da061450768bd94fc7029fec24,combined.pdf
73e6bbb18ee3c1f0b5b840eaf61afbdc1634c0bb,combined.pdf
e805ca4ff268440e0cb51a615c0a1754b5cb9e2d,combined.pdf
08dbb15204a7ceae793848c90ca741c939c6d416,combined.pdf
e23779d09216f3ae197a371691d3a13d51244e1f,combined.pdf
58e719409798750329efba1de996aa1502831eb0,combined.pdf
d16b96b7c5a102435de212bd2b3116028057f482,VKP P.D.TEST.pdf
4d957a8eb91e91863fc13eeef06cf43522c37795,combined.pdf
ec65497cbcbf862b94181872ebff709f4358cce7,combined.pdf
9f0419af766080a319f161ba018f8d0e47cffdc2,combined.pdf
e4fada073c0a9e6dcca5178e2122105cd669a053,50002043.pdf
887e5f3e2feaf4faece534382ecde2345455ebab,combined.pdf
e961a0aa92d126042ce26c7dbbe0908b8ca0ecc6,combined.pdf
ffcda4d8a4d068930e4c84c0964dd2c3c3b52f5f,combined.pdf
fd6cd4e723153d2d6d9d0fd56cf28a057d14ad03,combined.pdf
4d8018858df656a96192f6d59faa7611b3f4a926,combined.pdf
0b9525b18198ded0c1ba873dde34b3b2f61b6299,combined.pdf
ba5759c5ce3ede947187abd66020b7b84e3d35ff,combined.pdf
91f4b0fd59ac82cb8248fda65dcfd7dff3a4e225,combined.pdf
f2d7019c2670cc8a8e3ab01683cbe14882cc3e62,combined.pdf
6b226f2fb5abfa9735dde885848975be0f071cec,combined.pdf
74e4082b043bd875d25798cb635703e365202962,combined.pdf
75fb09343028860c0b0fb4fb622c4c63bad3ef52,combined.pdf
19cb2513f1ec1dad2d02053b3fdb092e79164d7b,combined.pdf
5de3032be40e93bb1fe351eddacf0fd9300b1246,Meher Foundation Injector Solenoid Test.pdf
9f13fd073f340488804ea25d9113ce92e6bd43af,combined.pdf
ad4f34f262a6c6b97ab2f319fa406352a62663da,combined.pdf
a85c1c9c60598e6093e452dc46959c8948649f63,combined.pdf
1d71ee6be9609e4b8a10a2869b6a9b54ba6788f6,New Doc 50002043-1.pdf
13790d72ec59863ba1a75d474dc4f47c7dd78ccb,combined.pdf
fed11e3044366bf70d8a6ca823087dddc7db0da9,combined.pdf
fcf1ec1fcac204cc8dc3121ca6d7865aceb18f7a,50002043 Skill definition.pdf
8c25129dbfe5e5cf6b039bb45b06c56b8a9c9daa,combined.pdf
755aeb6e1a035dd9ce26adb0fefa00350f15f547,50002043 1.pdf
f5ecd4397e069e18798f20e77c209ed3eb33e891,combined.pdf
8fc8df760b133837b72708bc988de9843c7a7c19,combined.pdf
6f93dfd4214a58251c0035f9bb6edbc29cccdd3d,50002043-1.pdf
6bbe8fcb7e9b7c79fee31d19071e17ddff1b63aa,combined.pdf
336e9f34b262253c67e045855e557d65e5b790af,combined.pdf
f9e3680f0d047667a5c60bbe8385cc43c96c2732,combined.pdf
a67ee04ff668fccc8c60076028c839f0f4e3e2bd,combined.pdf
7f31ce8f01f1a620ac5d6760b03d7f527778a507,combined.pdf
e084f336d7d5fd3a377c2e70929eee97dca5413a,combined.pdf
6f31c0a563adb297ee57980ece8ed01ac66d95ed,combined.pdf
59f5fb43de436e7d450cbd51d1b3ead6c45ddeb5,combined.pdf
dd0301d7c097b8f378359fc61b0f812681525769,combined.pdf
7bdbafdaa292d1300164e881e09a429b72d06270,combined.pdf
ab8671d726af61ec3eb853e68a2352c58904d563,combined.pdf
427f339d8417329963414b6cadec21aad482ebc3,combined.pdf
8ed75b1bd95b65e02d7060da32a0ec1f5bb6cdc4,combined.pdf
96023c7cbb47a277f1106a7551ba6304020f7cd8,Diagno test.pdf
b15b660d85232a6b4619f5c350cb819235dff062,combined.pdf
38221221bc68c1eb9e0ecf25e2b7c518208237ce,combined.pdf
2debd7e5125cc5445a6e2d8700e2d940aeae0276,50002043 BL73205.pdf
984b88c54436f20898ed3391144ec4c9579d2ddb,WIGGLE TEST.pdf
dc6d2a8e6b056aa57dfffb233d2361d3d0e79429,50002043-1.pdf
afc21af6c6ba3ac3a07f1db9262d330d5b83f77b,combined.pdf
b011ac9a24e269e6a1d381c77575453f48b0a58a,combined.pdf
fc8b537076343782df7d539c368f0ee10fa23dee,combined.pdf
1956fd0fa6fb703eb41a9a5a60fae3adffe1be5c,50002043.pdf
4e5274c0383a52cad74af1167396b65db4c93d4f,combined.pdf
58377a99f1baa839e8255990d15c6d45232339b5,WO#KM65186.pdf
0eb7debc5bc8e48f08405e2fd1c5fafec7e4905d,combined.pdf
d8399f6189a04ca220a3702ff82b81e80dbf127d,combined.pdf
7e91b56273de281a9c591dfda0eb3fae3662e50a,combined.pdf
de4e7b149564a23ea1d67c08fd450c6571883789,combined.pdf
d6857dfebec7e08cf91185a776e72bcf9e119bd0,combined.pdf
a4378ddb01b73e606705d8882ad2c0ae72fa4829,combined.pdf
490d5920f2f7713276b48ede5b85b9a4262476e5,50002043.pdf
9a4e395270210f787355457f22114a812d903eaa,combined.pdf
fa0c436e7e119a2d2f1b4aae91b48eba672d7145,combined.pdf
6958346d2960cb53d032907df2dd8cdad5454b3c,combined.pdf
2d4f2242d1c15a92e68b5c5ec1c44ddb5260ba6b,combined.pdf
f8dfbed7d9c3f80c817512def6aac710e57a155e,combined.pdf
70ab8e97fca8cef2557daabd79401a954660f656,combined.pdf
fcf298cab368052b1bf38e5ef6160aa6eb686691,combined.pdf
5bded267bb0fe2aec50ba1da9e9e41aea9a448b2,combined.pdf
7b6dea18eb44edda799e40dbf17d0720966b8bdb,combined.pdf
58bf6adbedf75f466eb3a51f9de6ec03447af43d,combined.pdf
d56ed84cf474f97638ba86ef70fc2a713f08e335,50002043 Participant worksheet RAMES1.pdf
949fca26049108df9506ddd9099bb887a5ad75b6,50002043-1.pdf
386a2ccf18c997183c227f9c73c22f7776cd4b45,Ele Ad 1-compressed.pdf
375a58597b1d0e2622e2fc32f63706513e24397a,combined.pdf
b6783d8e8729dd837bb5900df1efbfd47523f524,kj01117.pdf
30e1e09a00160a35bd9e8866bd6cb3aba2d6cb19,combined.pdf
dd037d9e00c3116e018690ef7a84fcd1035a00b5,combined.pdf
0c7316bc99c763dd7257ebb3d24bd8201f9e171e,combined.pdf
72f5619aae31df32733bf05cb666233b6aa9bc4e,combined.pdf
e3d3de1003bc91e13340249e9f306cce8c18121b,combined.pdf
55e8dadd67584779f356d4fd5aa321574f40ae21,combined.pdf
77a48fd05fb55b01c97759f1ac2a61387fffff16,combined.pdf
b70c84e58a0388160cee69bca2dc13023b5a4355,combined.pdf
fb4345222c6bedb816b666840e0c08af57d6abe3,combined.pdf
1e62ccdcf6a9ed75489b87033a2f94e2ffd14595,combined.pdf
410426dd1649cb82205541860d65f3f144e26a19,GJA10002_9-9-2023_13-30-58_form_order_compressed.pdf
607b7c26c0bf8411d44e836b9d4550f1844e80ec,combined.pdf
33b453cf6ada2b51cc3b9a2d8fef89b29fd76250,combined.pdf
a82f7e681bf9e99b5cdf04a02daed5dbe75acd3d,combined.pdf
6089ae32914a5c3a8761a0ff958f5374d3f14c76,combined.pdf
44031fce590df0b02f8103b41375b6d77d59715b,combined.pdf
286b459de60989f60e4f3d4cf856bfcadcff1089,50002043.pdf
7c75b493c3c1a1bde13f3b1194d44bd186d3c483,combined.pdf
b5cbc78e9b1d006ca911b70a84ac9426ab5a46e4,Post Overhauling Report.pdf
3aec996bce7c370a096737d8f802f5b9533e4e99,combined.pdf
79bcfc7320f80adc809fe60018d9f4106488bc8e,combined.pdf
51e8b8c9a480dfde6fbab81c4d5b35057de36fbd,combined.pdf
b85152364ff1d6685552f63545f566d2acdb9e86,combined.pdf
0ae35e392bfc13a169c9378580311bc61d0ca493,combined.pdf
a77b0b203643d433fe94c0cd6e5240e297c7447c,combined.pdf
8fe3b8ef630948841588b6072689682490200aa4,combined.pdf
2fe779435a6549f333efbba3c91ae60b5713c2fc,0348_001.pdf
959ed2de2fde2d3c2bd3b17d01932dd3203d30a1,combined.pdf
5d0f5a07c9fb1a181b3e69fe1b7eac66cb3a397f,combined.pdf
044e42285e9450a95c7eb6a86b68ee6b1b9a37f8,combined.pdf
58495285273357381b6240c1eacf897638fbc7c9,combined.pdf
22cb3903ab124fe5400792274c19210248175b6b,combined.pdf
0145c4733a20823fbb44b43e4b02ad55f958f759,complete.pdf
e61d88200671ba477b2f763279daf594fb449080,combined.pdf
ecdefc851b2fad572b39de61a527a072ce197e4e,50002043 A0001.pdf
65dbd6dedd02287dde329f9d78969b0b6ee004ab,combined.pdf
19bfa73b6e6467075c02fe6bdb54ad0fb499daa7,ET reports.pdf
5a59ce415a190d2ea9508d3ad4135986ad1e7580,combined.pdf
38fd91514d8503106e9b71e07beb6ca1970d0068,Adobe Scan 10 May 2024 (3).pdf
b97b100021986b9a57ffcafbdedd7ab02604df84,combined.pdf
1df68a4b0e67c8d1e3c2df394e314d6962282c63,combined.pdf
13c6c32688a2b86397c942f05f36ca21b9fd8548,WhatsApp Image 2019-06-14 at 3.31.24 PM-converted.pdf
55abc76c98e2e4af116a3ed7957a4a81bf552c81,combined.pdf
113adf51918c44b8b1178ddd6b35a62845856a3c,Perform Diagnostic Tests using Cat ET.pdf
bf1d756985ff7923f41e45c0b4eefccb6a1f1f01,combined.pdf
3d274574989976f828d0d6c688dc9c8eebff9583,50002043.pdf
06908152c13a5a33fe3ebe2bfc66beb64d8aad62,50002043WO1.pdf
85a97fcb707c36cc3eb0b47c76babced70e3c268,WO50002043 - 1.pdf
e5552f967ec915f09591bc481d31c0521bc50053,combined.pdf
67e5b68b4ceaa175f3a41b71722f986ce4b15e5f,combined.pdf
6a47dde2be7366cf44c0bbc8a8cafc0f4290aba7,combined.pdf
c04f279bcfd4b3a8b7a08541aa923461529b4372,NW33106.pdf
73a3d27ca747f6e2e0fa2c42ecd80bf4f999e9aa,combined.pdf
48e5cc08bf0fcc2917333a6f72d1fbc318754005,Service Report_04-02-2023_230204-000067.pdf
b08d87a8877209e0ca663fa0ac0f773711b39d73,50002043-1.pdf
22b4569c12ce07ad4e2dce5ee7304460e394379e,combined.pdf
0323f0d8cceeed12de81f7721d173bcc65a48996,combined.pdf
7286a85abcfd7a968d5f71174936441ce2296c55,SCAN-11-L2-AMIT.pdf
c80c03e45c9a180b6fcff85a0cf806da8b8eecba,ET1.pdf
daf0c3618dac716742953ff3de39c88fa52c72b1,electrical 1_compressed.pdf
7d69a5560ac5a4e757a45407d8e7c1e52f5e28c1,50002043 18-Mar-2020 12-36-42.pdf
f98617d6d1214ddb9574c1265c9b06bc3bc02594,combined.pdf
aa24ea9c3fdbf427813cfd57602c121b08b3727b,5002.pdf
2793de4c08273834f319dbb5a8bdd1d03d6750fc,SCANN 1.pdf
763b4657aa8aea98f712eef724f7069c3d18eb91,combined.pdf
71b28a514ba30eac7c2e5f47432443e5552490a0,50002043.pdf
51a37928d3c480477efa7e6c528bbb37494addf4,50002043WO1 Perform Diagnostic Tests using Cat ET.pdf
9278cb8192fd7f8082882925f782b2c98fc1df6f,50002043.pdf
379ffe814b876d94ea8f397e30aa43999ed1a94f,combined.pdf
e5de7c7ff004a18b64aa10d750e0750fd9535ec9,combined.pdf
8e43c5050db13d4f9e5ef925b5ea9c0e212d7abd,TapScanner 09-06-2022-16꞉44.pdf
9d8f2a48cace8b362d9bc3082efd030a3a417d51,vks119 19-20.pdf
90da9ba0204cbed431c6b45cbaf5145847a4681f,50002043WO1.pdf
2f0d61c4dd8570e0fdfc37f68d4bcd16595f7535,Diagnostic test by ET Tool.pdf
8c155d229b3d00b029afb9e03e5da833f9aa36b8,W9400355 Dignostic test.pdf
bf0abafb3a5fe6192a6e2cdb9e70e230a42db8b5,50002043-1.pdf
1a42854c7dfb9d0ef6f693a33d6efd5a63fa7637,50002043.pdf
8e654bd5f11e92d06c0cb50ca2bc3ddfc95e30d6,Diagnostic test in ET.pdf
1b7983ad579822cbf13ae5eb71c516ae75fd1e14,combined.pdf
82140c358d10f4de44af724d02f3a24f4f989ce4,scan0004.pdf
ef9f9048a27b0c8198cea1f5d1e8732a3fe3ae60,combined.pdf
a27f0aabbb6c7c7eaebb7977c23b26e97ca5bc78,50002043.pdf
9109e1a47a4be8478869119f4c820e896f8719ab,50002043-A.pdf
068cb5b27e38d4251d60fe7a200bd309033e1cb3,50002043 work sheet.pdf
27ae68d12944be72e7eb31b42c53d9d18353a6b6,"Adobe Scan Aug 25, 2023 (1).pdf"
fdd29f3adfa4567639d26616628834b9eea49cf2,injector solenoid test.pdf
586f97d11107f2fc56cd05a84dac316f3d7234ee,2243-1.pdf
cf0a0b9ba7a4649f5f7d796358412c2f5af5bb55,Service Report_15-06-2022_220615-000161.pdf
3c63399b3a6a9b2517b26918b422e425b3516ff0,50002043.pdf
6434ae95263b882e41dfd33e95edcd6769aa5049,dia test 2043.pdf
1528a9a2e2b8b0ad6a1100c797393c2e782dea63,50002043-Perform Diagnostic Tests using Cat ET.pdf
739fc9e5d339b24c9860d3f16527694e72f49099,combined.pdf
d1b33ce53e377408a818f4283f0076a30b9effe7,combined.pdf
d0426dfb457d3d92052f49f9a66f5311e0649db4,combined.pdf
1a0780a3c1772e2e900ec3625916e7391f8e8542,combined.pdf
94e688d8965218a7893e9d8063bfa9bc3771b42d,combined.pdf
5b6749fdcc77ce32554b2427965401ac7c52afb4,combined.pdf
9fd902d8406598f742112286c66bdddc9eeebac4,combined.pdf
d39883a6c7b006bb5e52cb8647ded54fb58f426a,combined.pdf
973cd837ee0d35fa1a382613c6ddec00871cfd46,combined.pdf
7d2e52e217e749dead32f98231b79e7593721a62,combined.pdf
4c85f8df89b25ca4d4ef6581c29416f6616fa093,combined.pdf
6acdd7f04b40e981b4433d115e47262e37e30207,combined.pdf
1da2f2192901721394278b4864b99b062dc166ec,combined.pdf
a1629578d76e69f8da8ab397aefb7e4c14a56656,combined.pdf
8d69ca0ed47e6e9cee3b7419e108fe32db6a8a7b,combined.pdf
a9f8845c046a4c9116dae407c7da39ad8f406105,combined.pdf
d740466adb61f814458cbb082822f5ef1787ba4c,combined.pdf
48a805df04228b332f422e5190842c045177ce38,combined.pdf
54ddce1575d3ff09feb8dc3b014c87d5e00fcf0e,Injection Acuation Pressure Test.pdf
9a9da259c30de2ca822453a0decc06faab724eb6,combined.pdf
ed03fe1086ca77203e6b5e958569d9b8015b635e,combined.pdf
eddb010001d8a947249081be5d9e2918323f7955,combined.pdf
7099a8f0a0924cf2d8f602e7b4bb31a76c79133e,combined.pdf
2bfaf14886a674431eee54bb0c067fc196f56544,New Doc 50002043-2.pdf
28cffc285b2c0b0708b0aec5006a4836bd9d5e05,combined.pdf
10c00d3e33cb3025617dc6d6725933ecc7c90747,combined.pdf
0b3cd1c000fed81b10a8473462b333a40bb6b857,combined.pdf
e87f5db16fec69392a49a0e92237564c6cb45922,50002043 Skill definition.pdf
40907f681a5dd506434989ba74b79ec19ea719e2,50002043 1.pdf
2b01b39887a49949238205a1a8144e9a95ed91b6,combined.pdf
32d811d37e96244350fdfd7f3914c3678a32f231,combined.pdf
aedcb978e644ac8561a1653eb37a6bbf1fb366b0,50002043-2.pdf
06e2077f0e11894f5c7c4d897dc33f9755d08339,combined.pdf
c5bd3e1c14bf00ca4f6bd61b8e51f2e797e0d23e,combined.pdf
bfc0468808eb67e66d3d4ed167a3bfd306dd230d,combined.pdf
ae9e289e4239248e04616a3388443ce59889888d,combined.pdf
1bf33d795e35a7e343e37b02be1419b754e34519,combined.pdf
f41a1476bf6a4b6869608be0229aee5938701e76,50002043 competency number.pdf
4cba730f26739c4ec2b20ce211d7620719eceb60,combined.pdf
ffd8fe86a5be60b945719f513fa3a8ce40368952,combined.pdf
09cf6d41ca10ec426458169ede3382cbf11a6a83,combined.pdf
fca950d8841706a43f8ac5207b6bea7945b07170,combined.pdf
3fc2f18757db8ddeb94373dece1cd0eecd8dea01,combined.pdf
5b83b00cf82e3fdc4fbc373a281b2cc29b23a6e0,combined.pdf
f59eb4e44098d6f719e1565e9c233abbb146d6e3,combined.pdf
c32ca161969d79926fea84288a686338c5b84793,combined.pdf
c9ed18336d18c80e20b9e959b10e51f95948a650,fkc.pdf
f1818a7a9fde58571314a2f2198d931a40281234,combined.pdf
22c90c6becb249d53da74559dd57b84fbf9f4f5c,combined.pdf
b360c7e511b5f2c7684bdde29265b8afe7e2781b,combined.pdf
326688c2bf6e7cf38251223745577ac0780a5add,combined.pdf
7c1c2d740f4acbc60efde978f3f66822cc8d6c76,50002043 BL77755.pdf
11c8f37be27b4bdc291861680f1e0099e042c7c7,INJECTOR SOLENOID TEST.pdf
01a31ca5903f777b74f42d9418c685376a7bb46f,50002043-2.pdf
b1bd73cea88f4f327911ffc4b1508a0b9441db5e,combined.pdf
88e2a6947246fb66c9ab1db1455ce0cee5fdc825,combined.pdf
75af668d8724c958ec720a11860f00d905d4120c,50002043A.pdf
f30eaa03cba17200d4be0cd2c92c13dddbdaaa4a,combined.pdf
d8cde61be173314ba3da6e09afba88f7635d8b3e,WO#KM65187.pdf
7c1020f8cedae9f34563a5aa68b069248c33028d,combined.pdf
972c1006f031a59dd419bc34dd3ba3449b3263da,combined.pdf
228a61dfe2ee77ea5d343bb04ef01ce70eaa561a,combined.pdf
57392c06578516820ece55fcd6847860d77e387b,combined.pdf
ffea837ec2359df94c2095d2c9af2890b7750ec2,combined.pdf
65c2a768ca14858e008ecf29438929950f10b382,combined.pdf
af301b8283114264cff10377a7b57d18c0d39ba7,combined.pdf
219aba027b6551ba61342b029191deff04a16f6b,combined.pdf
43babc4a3b42d8e7ddcee4ff046038467f8e836b,combined.pdf
302a4c43f125632a61f951d2bb0d69736b979694,combined.pdf
a36d43af33bce7bba4083b648b8d357a04b28ea4,combined.pdf
05f5146840de36db1ad522b3d694f6e9a887bdb3,50002043-2.pdf
55048a20129478b2644300b0d3bdb883cab00e55,EleAd2-compressed.pdf
c56a066d4afae7661dda8c16748dbf1a75a1470c,combined.pdf
fc4cb7d1a08743f73ea77efc843d9ffb72c72302,combined.pdf
460fc93ee16e8508d6e1bb5b23804f9c0bd0b04e,kj01205.pdf
f67811df1bcee8c92955f9c8536c185925284ccc,combined.pdf
9680dd79462c18a2dc734fc0d2a387f727e9cabc,combined.pdf
f88fc1b087bd5464c393d09ee40358b8efaba860,combined.pdf
86d43cf53483ceeb4b9f4fd83724f437d3344988,combined.pdf
9f84a7b95ff29ffcf4b30a9e762a1d8b4a4c1fba,combined.pdf
898f7938264ae28638bad49749c25d3ede11df1f,combined.pdf
e168c946f8e179fa2451711f242ad4f9dbef143d,combined.pdf
123de52ca44b58281f7d57785918efdecd133a28,combined.pdf
fc6a6b1d563ebf82547c01d08a5406a710e78aff,50002043.pdf
2b204a69fe55adffbc823e05228c6811dcf30e68,combined.pdf
051a9ae92ee0c14df5e7de9b88308ecd8c3af88c,combined.pdf
7603c37db4ce340b0876f159f0891c4cf26eb857,combined.pdf
ff8d411a1b0d3ce07e8cd3da0a135aef413a1db3,combined.pdf
859cf395e2b4084ef2aabd3c3ae355217f1c34f1,combined.pdf
c221455a12bb8bb4c5f659089107ae0dfeaeb46e,combined.pdf
46dbaeac282236ed5cecf95647c6eb47c50b9de1,combined.pdf
aa93c086e5967e8de57dfd9ced54b0baa3b6f6f8,50002043 2.pdf
31ce561f9584a0cdf10af161864376ff654623a8,combined.pdf
8423c4d587bd139977f1672e0c7704511aabb676,E.T REPORT TAKEN.pdf
73f1366efd64c54e4bfd8464e0198fdf7b4d634d,combined.pdf
3fe88335fbc50aa104e3bedf94f41344a93b9fcd,combined.pdf
9b733dbda2779d74e259f1e252cdd86ccffd94fa,combined.pdf
edb9cabfd8bdadf915fe92b9251a1a86838a3544,combined.pdf
c106a1f988ea6b38efffb539c923cecc310c351a,combined.pdf
a2901f5e5603d2032f88c72f820067f5a4b56489,combined.pdf
a01f1b2e2e4de1687b128692da2f5534eebfadf2,combined.pdf
3d9f293da633700cecadb305c983afe1ce1e59e5,0349_001.pdf
24da795269c2a0c88905acb588cf434b395f4f07,combined.pdf
e4eb535eebb72eac6032bce8930dde6ee7874bd3,combined.pdf
7bed36b4852b4e9cd1f367107a1f1bab7550d1c5,combined.pdf
40b515cc505a90e33e285fbed3882203633c8214,combined.pdf
35eb28ae87b08433743f0b07fb6bcac92f681ba9,combined.pdf
a223f58f1baad2677b11e4fc9bdfd8c613a434bf,5002043 B0001.pdf
d95337e3b5e4c4c7cbf2323ef8ad25996474fc64,GHV INDIA PRIVATE LTD.pdf
6886a9e2f4f1b9729fd6bc33eb9a106f053d9a91,combined.pdf
037aafec2e4851528ae8f2ba81afb275b03e8f7e,combined.pdf
87ca4b6a3ff0d003d5b313c72864313f92c4ba12,Engine not starting.pdf
957537f6152795b093fb7db01dc34e4d5a22cb4f,Adobe Scan 10 May 2024 (4).pdf
5dcd3f6cc6ebf993299a38c2b6eccbf34707d424,combined.pdf
831c0881f93346110a760fb3092c9119264d13e4,Perform Diagnostic Tests using Cat ET.pdf
c685eb95fe9c0be060461ce9d8f914f9e45ece07,combined.pdf
a26c07c398ef62a972829968b52bc9f5b8957ae6,combined.pdf
01785db87d9032c0994209ee8e62de2b2aa30f2d,combined.pdf
d15a51fbedc0cb6d9a3b72b2194f63cd214e6fe3,combined.pdf
744b695e75e50751048c4a849a40713eeb38af7b,combined.pdf
d69ecc1b61b67b9ee0bc8ce14c1f607493271fe3,50002043-2.pdf
a3ec0b08075443c11ed6375d09cfbb6bf5256fac,combined.pdf
46cea5bf75279f3dbb1a6659afd623a3c555f882,combined.pdf
3424c20b09a1b2ae9bc59450ac7de71e5ea529f8,ET2.pdf
83496524a1d9498c3e32e7ec1ad9c1ca9435ef5f,electrical 2_compressed.pdf
b2e50a93f8fdc399e215edf18d59f52e7d9e6e1a,50002043 no 2 18-Mar-2020 12-40-13.pdf
5465a80f31fe3366a8a6a86738ba1ec1190fe5fd,combined.pdf
b6a465c3fbe98f8fa9bb471f8e59028d255f4b80,Scan12.pdf
1d0c77e936df273cf97d822171132af8e0bf3c07,combined.pdf
23e004d099518bc586babdfc8352eb414a56ab23,50002043.pdf
108ebbca45ac936466052ebb0ff196fffc84ff12,50002043WO2 Perform Diagnostic Tests using Cat ET.pdf
93c87fece3d3ce0a69fdfc9c43ef17383e193539,50002043-1.pdf
02041267bdc5f5ca9351228caac40d5a6e5a04fc,combined.pdf
fc7ee53b6933566a67999a8ab84133cdd36bb553,TapScanner 09-06-2022-17꞉14.pdf
5259e377ccd8816afbc3bc68c8ce78357b150a2a,vks119B1920.pdf
b60ec76b53350f52daed74b698ade58986e7e1a3,50002043-02.pdf
1c31477d93828986bf59b958014f1ae149b6b48d,50002043-2.pdf
d737582909cb6c8a4a9c5686cde2b75c406af6c9,combined.pdf
81b39ab29e7250b744118477edbc5d97623138f6,combined.pdf
c8edf898f2cfeedd2ca2debc82ef2ca61cb5bf33,50002043 -B.pdf
da751251656029c4ca2846223a0be5bb01b3629f,injecotr cut out test.pdf
dcaf24f760f1715a5bd236b7d93bd513cdd6674d,2243-2.pdf
6bc99aa4e6510fdb9cecd6448f3265315e0b0bca,dia test 2043-2.pdf
6eba1282a4943c6cd56e8b4b5c800f804169d9b9,50002043WO2-Perform Diagnostic Tests using Cat ET.pdf
f94340d6e49d88a6ca8a5157f70b98ed0f94ef8c,combined.pdf
e602ecc79f30dc99ac4c01de02785baabf89c404,combined.pdf
de5a34f0289da89d26cd19375ae68238d382c019,combined.pdf
c11d2847308a27cc40eb6881eed16f526dffc338,combined.pdf
918922195f58a54b1361e3b5dbe708d20415a754,combined.pdf
09005bd527de14ac4959914c5ef68d88e0795d46,combined.pdf
52d62150e23b06e0a62a9d2ec68e242fc5d3ebd0,combined.pdf
18ca660bdd27c8d0c6d34b8e6fbdebf86bcb63e7,combined.pdf
d0f8312ef2481439f0f6fe05cf370128579b6916,combined.pdf
dda720ca47f688c2ac96e11fa14a8a826b1ab483,combined.pdf
c9e765ff11fb3a57842f8032ea329a3ab2f48002,combined.pdf
901452710b9c14113696964dd011b30cbd734ac3,combined.pdf
5a1aad97ac757652ca94568e4f9ff50ebe2b5dd4,combined.pdf
e2e32d03c2bd40758db186c6ba4fd204a83dfafb,combined.pdf
7a55f58693297bb79c282cd63c790d4dfdc1abad,combined.pdf
8140791a8765b339790c80611fe452b40d8c9b81,combined.pdf
293fbd5bc694305c30f101f587c5d51fc4091ed3,combined.pdf
6a346a11ac8ec36ce642b5be1522f686dc88987c,combined.pdf
ec85dc0c60c46bd9c5b4ab024bd96c56773c96af,combined.pdf
be4a16d3e94b9938de4182c7976d02b906062b68,combined.pdf
8a7c6ac50acdff120e704db59eb227a5bc197f6e,combined.pdf
1ae227b480450d3d0899cdf68312b65e2b494906,combined.pdf
50bef5a793254f5088f0bcdf2e82165e0b3a3474,combined.pdf
13e7566c0037964eca868722150572906d99e218,combined.pdf
91c2c8c5dc1b8ea4254f16e25fc0249d8876f9f4,Cylinder Cutout Test LT GEO C9.pdf
3673067696ffb17e98996021fbe24ef1ce754ac2,combined.pdf
a304236733aadd340d18a0c995feb2cde3dd457e,combined.pdf
d85134ad22ff3325cee2c05a065a2168a617c243,combined.pdf
a8676b0a200b244849f2d083fc5645a2963cdd52,New Doc 50002043-3.pdf
a9975939a809a5990a58a0ddfd456a75ee2a586a,combined.pdf
c98b57a82c99b7d1967c55ca4d7a1d37615d3775,combined.pdf
2365a7b56b4333eb2774f4b61c1e81f4c69ac841,combined.pdf
ac983e4f813401efb6fee196a9f7e9c2f420dbc3,combined.pdf
508a44548b7b03a1837dbe4e4b13406e748ee4ab,combined.pdf
b243018311205a94c3c67fcb2d7eca2ba26d63ee,combined.pdf
f3ef27335cc0d691076e33269c0323d2bc9ed964,50002043-3.pdf
94f32feeefcf220b4309a241a5eaeecd09ac3fc6,combined.pdf
91da26393a4f15265e02fcc201f6b958c40ec62f,combined.pdf
b2efc53a2795dfd0d04bebcabcb05fd8780d2664,combined.pdf
abdeb4dcbaeb86f614f9e747fe182e098f91a5c5,combined.pdf
408af7558cde3c7702f113508c6516abc1dfb631,combined.pdf
0b6505b20c04bc6079fc6da24fac9454557a29ad,50002043 competency report.pdf
fb94ba744870ad117d1d5cde102b125767f355ed,combined.pdf
0d47cb25558c55c27957da5be565b91eda9138c7,combined.pdf
59351d9296ef39e958438a6ea7a017098d5acf90,combined.pdf
c493237a6ed4fa56cabed92dc8dc1fcd84740f26,combined.pdf
b51322b04fe1dc29cb09a644dfe5b211a23f1f92,combined.pdf
7e2cb62f3f2795d222ae2ae94fefaa7edc74fd6d,combined.pdf
12a719db92ecc3dfb3abbbad51b07e637c4e12dd,combined.pdf
0be51e173a157ccfe5a213c2b6a80ca27c7a6429,combined.pdf
4d9bd48763be36e07e365a5b9012bbd06d66247a,combined.pdf
c926a9402057d7515f4e93aefd1433566ce2d26b,New Doc 2024-07-10 12.49.39.pdf
262ed44a276ebb506cc382b94e9def91ebcc69cc,combined.pdf
a8b21ef8aa998f8df899449e67549055ed06cdf3,combined.pdf
dc761dfb558d510f39318ad8f6dc453801bdc8d2,combined.pdf
c5264ee071ae4af12c61a64c681afa83fbd36cdb,combined.pdf
380c1fa7881ea40ab739b458f6c183e796103e31,50002043 BL80171.pdf
f7a699ce1e78acbe763fb7ae2baee926ffe1ccb9,CYLINDER CUTOUT TEST.pdf
9a2a8e40a51d611c638ae650779daaaebada55f8,50002043-3.pdf
1d155bab8835c57bbb19a8dc3539c9a6808f0d31,combined.pdf
2f064179f6a72bc4e7a11de109c866185c865912,5002043A.pdf
95e196d861c202baa736abedebe4248a0b9fa7f8,combined.pdf
b2c213cb3f8bc46824ad9501557a9086ea390f81,WO#KM65188.pdf
e2107f771536066f230c5841f1c0ea0d77bfe718,combined.pdf
09ec7624a66d98b56102498c4f026ea39d2bb946,combined.pdf
6925441186f24d61d013b429aaacdbf2a8bf04ec,combined.pdf
d6bd22dd9619df32952dc95a807f58e4a8b09655,combined.pdf
27fac4d90ad6e50c927d1aa5b8abac694acd6bae,combined.pdf
7333266ab51df00f946933a5407277d7d304d145,combined.pdf
76bb756105223753094aba4d12137e040e6ca291,combined.pdf
e621bbae469b26c42885dc97f35845318061c090,combined.pdf
1185da280f213db53aa0bdbb9fc361f32db33303,combined.pdf
c79b0893ffeeb3ca71638b1de7f275818b50a8f5,combined.pdf
12756eac8914efcd687b53187532ed134ea344be,combined.pdf
bc172402f6bf64ddec15a4d765d519d881e057a0,combined.pdf
49c69d4765e85d8f0d5989e56be2dd2d0aff1f91,50002043-3.pdf
8b61e45e09a55a5c9ff9dc4205826d089cc167ff,Ele Ad3-compressed.pdf
085ff3dde5d6ce3333c98ed9278079dfb9802e66,combined.pdf
db09b1099806cb748d37ad90c82bc5e36ae3bf71,combined.pdf
e490fb1b7e3b8a1d0f0af60a01c7524f4d8c9359,kj01282.pdf
694825f37f96a311bfd5239e3a85128b858c26f5,combined.pdf
d978f4eecd43accc2f833467c717945f4aff072d,combined.pdf
a01ffd0c61b06553a4e9a114f70bb593158bd1cb,combined.pdf
c835b1ede0de969c2994cf6cf70755022f18a790,combined.pdf
cd0f8a9207400fcf86a47d26573fc9b078d59303,combined.pdf
d454550fafa370011dc6f15fe0e24c7e9f5ae9d6,combined.pdf
d052cbf617660a3b870fe1119a20fcd213f6ed1b,combined.pdf
7572f4b63810a9daf8557ad581f56510a16caa3a,combined.pdf
ef00464de7a49741cab10225cc14bc3fc7043197,combined.pdf
4d310c19f6559d7579da0973b505434117b3438b,240705-001163.pdf
e74b15d502f4e842d02bab0a104eda6e59368179,combined.pdf
b603a9290031514b8b433821e217b580de1c178c,combined.pdf
249bab8780ce5ff38143a4328daf0da796aa9e3f,combined.pdf
348cf1da72495e7925d14fe6f0b9c886f1163db1,combined.pdf
0bfa150ce36d15e8139e625ccf441a1eb3f076df,combined.pdf
13fc91b9c3156619c768e987a54fc96bf3a5514f,combined.pdf
85df21066bfd31220aceae2e273a897021b4131d,combined.pdf
e8a18bc4b51e5458fbb46972d9f12b439ebcb4fb,combined.pdf
624096e5879b6fe9910ffa1f8dc012bd3afb987d,combined.pdf
4b2e5393f0eed1dee7ea584d1272e1bcb7bce117,combined.pdf
5f9a5381874f1a77063c710265d3f393c84fb480,combined.pdf
7270ca365b042125f9853edd2ddb581bee24fe95,combined.pdf
a3e1d456f8ab5aeed29dcbb3b4d19dcba824bbe5,combined.pdf
220a624aa9262d193083111e9ef5d06e9811f87f,combined.pdf
68bf6c63cbc6c62d5ab8a54d9ec13cc85faa3d9b,combined.pdf
5126c22d57656e9d0e78e2ae26d3227c45a73b01,0352_001.pdf
4c32ffd386a9a772d49a89f0fc76a89435ad8ca2,combined.pdf
f02396510f4e1594f8c361068a398f7338499bb7,combined.pdf
29fff0bdd30c3185813ae0be91134e08101a62a7,combined.pdf
d5107eb0cf09cf19428c43b1d6af60bb9a50541f,combined.pdf
0c842f3991d093749ee0ed6c3bfee5b4b1b20035,50002043 C0001.pdf
fbeab26a1b7faf6b436e7a5526234ff7663a8ebb,120NG.pdf
a4548e5f23e23348abe50222c8912bbc61858f7b,combined.pdf
843358d72799bbf3112480a1e58e702ef00ecad2,combined.pdf
a8ed1510d2076f19cabcbcebe2d6bf74a94d85ef,combined.pdf
ad225223ff4c4045990718e8222dcd387dc6a693,Adobe Scan 10 May 2024 (5).pdf
7b0f27fd2d311bbca597baafe9147ab217dd25a0,combined.pdf
ee8ce079eb212fb1f2b8d00b95bf829c4e963533,combined.pdf
4d6a902f51f15e51a0f9d504c6b41f516663037d,Perform Diagnostic Tests using Cat ET.pdf
b01e2fe7db14f10324b7436fed64e904524ee8d0,combined.pdf
3cfb6923620b1b58e4c92df2095cf636e6fff9f0,combined.pdf
94de0fb609eb2a90a393c183a90553e1eb057782,combined.pdf
ca8f1b7842e11122bbcfee8dc3383de3ed466bf8,combined.pdf
9d649507f4366286190a2180a51fae52de4adcf6,combined.pdf
f61957ee06d6a55fa2849bc4ffd7604a7fd9cb81,Service Report_19-12-2023_231218-000079.pdf
8f076bdbe9d6f0f18f5ee745617104ed74e3c671,50002043-3.pdf
9d66002aadb9cfedc3209df8a7d6e01f6dd96449,combined.pdf
03f84eb02d923c234435a1b4dded23779b39fd27,combined.pdf
02a49f095dbd80b1679921be8236304a273e5567,ET3.pdf
e2149d620b7c4b215a6069b1b255452766aafa03,electrical 3_compressed.pdf
759c52d5e7b146dc67b9df3a6cc584541a031790,50002043 no 3 18-Mar-2020 12-42-17.pdf
567589e25243aa8de4f48e77137f6d92a07a23fa,combined.pdf
b4fe14a0d6aa9130961b77739a18d0860f17e88b,Scan13.pdf
5a29c8f1df71f86adc5c4fed1af0cb085dc13404,combined.pdf
3c0039ad40bed701aac8ab57c646fccf123e4a35,50002043.pdf
b035f584890eaecab267faf78d72215158aa1255,50002043WO3 Perform Diagnostic Tests using Cat ET.pdf
c490e5d4ec82c5a5dea9b703b3eedc798c0a6ef4,2043.pdf
2b947988cedf178c930ac924ba3653362b6bf229,combined.pdf
6de5d1d16acd8d3e7260890ecf09d4e6ed0f771f,combined.pdf
f34bb1a939f5865b6586275743fa9ce1182147a2,combined.pdf
709967f8a20c9f7bb3be866b83ea201f86e1f16f,TapScanner 09-06-2022-17꞉39.pdf
e8fa0351e517e0a93e606b57eb59dd2df1dc047a,vks119c1920.pdf
7198e17ee80b414bd319ff723f04507522d7e487,Diagnostic test by ET Tool.pdf
1a9990d1d554eb8891f84638364649f8efd1ad15,50002043-3.pdf
5b958061b9528d72c94127097f2214a24676624c,50002043-3.pdf
9a3401032be90cd72c86eb89c108ba49cd354f02,combined.pdf
0a98ac51e01b19e3dd53d7f52d339525c77200f4,combined.pdf
5a592611612f8bc2e0f3daf33337375518470458,50002043-C.pdf
9de2bac9b9d86a074a40e248dfb5d5e78815cc98,"Adobe Scan Aug 25, 2023 (2).pdf"
d3309dc8e48690c772b46b07542b3050f2264bd3,diag test 2043-3.pdf
935f3fa5fb165efb548ca974eabe816329231026,50002043WO3-Perform Diagnostic Tests using Cat ET.pdf
1aa64b248814adba6fc254ad69cb5eca287ded82,combined.pdf
fc668e8ab01bc35b0248a3384c9d4c1598177de2,combined.pdf
163dd1ebedee265944cdf93529eb43c1d0425eee,combined.pdf
8f5366592ed101afdff110d35ff8dfd4d6a25be3,combined.pdf
1b39688fff4f95cae852bdc99135dd413ecd19b9,combined.pdf
ff2884acda23f55c96afb195dae21a3273739b66,50002061WO1.pdf
c0cdf3d277c40eeeb5111cc9447cb9a6bb684a22,combined.pdf
2577a82efcc38b9a1ac27d48919dc71c054f58dd,50002061-1.pdf
0f1668130267a4da0f312ddc53135162b50452c0,combined.pdf
41f822757503c90ccd70186dba2222b31396fad8,combined.pdf
e03c40503eaed8a920e48bd01869e0c1c08429d2,"MONIT,SYSTEM.pdf"
bc59a8f7418aa4c15551892a28f47b1d5f9ad990,combined.pdf
d09877773faa077db0659fea88e6c48434e95e2e,combined.pdf
b73b84e5959ce37f7ac3de3fee276efbc5e60084,combined.pdf
a3371e9ddb2d534262029d97d8e42048c403a080,combined.pdf
205f7b1b377cd872bfac02d5bfca6cd7468b1e08,combined.pdf
214df59d75545c4c4c10f7fab6d739946b0c7f90,combined.pdf
3506cc1680f58a58f7a23b9dbee4a3b19e473fe0,combined.pdf
87ef5205209c399e3c8f934be0e38f20ee4117b2,combined.pdf
fab9ffb9b352643da144af5ed804e5935cf59e10,combined.pdf
0d1f51f3c63c69d8ffd8d497c448412a07e5baa6,combined.pdf
b5184e9da21e701cab2426ad137e899099e9f6c5,combined.pdf
edebe1adeebd3e34b52253f42ea03a8c8ebaa967,combined.pdf
48f2b9b7495d94abeb4e14fa367467fb77a62b97,combined.pdf
925ecad7d25e499503fc6f1591a4a4d15da8ecb8,combined.pdf
cbcecf0f9b7d45d92a35f9d49cbe5f1135c3e340,combined.pdf
5c07fc15545e5c672be41cc4c55762f5eaf75184,combined.pdf
8978986ca9d70edcb10536c45d7011895f5959f8,ET-MONITORING SYSTEM.pdf
b455bd947f808498c54cd54a6a251ed2bf2782f5,combined.pdf
4f439a83c04141e94fe8336c3d0e77c3f0f3313e,combined.pdf
aba79ce3207d823658f470d862060312f4e1199d,combined.pdf
5645ce4e0103f8258013f0e93cf39a958c6ba2e8,combined.pdf
941da06544adce4ec185dc945edf3c8b3f09e411,combined.pdf
4fdb4800d55834d6a7a642aec7c502223a2e9980,50002061.pdf
54e43c17dafd769245f1c60f96c017e6eee65f5b,Reports.pdf
8dceb9432ca24045edf0a33359e29706fa30ff65,combined.pdf
b4d75c55b71ad2287f01fcc8e6250bc40add9b1b,combined.pdf
40e4e82e434816a2e73a6106d8b201cedcde511b,combined.pdf
ae7997aff8aab7585f8b54814fe1b02a9274c47e,combined.pdf
ad14ca55accccf80c44cbb38ee409788b1fc2096,combined.pdf
5d2a44d580e37c3a62100bc9d17b256b130648ca,combined.pdf
673b639a1a0d206fe4f6a41d5463804f452989ad,New Doc 50002061.pdf
6309d62487b9e5c1e8ffc645bc888c2b57c1bf5c,combined.pdf
067c1d126c59c7831bae85b47c7717c1b1592092,combined.pdf
8bad685b5c7deb65df01df62f25dca32dfcd5509,combined.pdf
a0722f72ebea8d4df319bc9c067dda49b26f2bdd,combined.pdf
710805b9d033cf39236822210a65165ad11e844f,50002061 Skill definition.pdf
b30d356a7ac94f80028fb28d7a798bb378aaa198,combined.pdf
aff419238b1a14c6983965d23c0175e544333fef,50002061.pdf
97087bcad0873fabf769eaadd74d9424d4ae3452,combined.pdf
441f5a7bbc0d8b8cb998bfe4653f8d385efba4c7,combined.pdf
8617509474fa0d1cb004e4b261c774a4b8715301,50002061.pdf
10e16e2be2f281f20141c79875dcbdcb1cf87412,combined.pdf
798f1d990326ee0ae67af8fb8a4cc8c2232cb918,combined.pdf
d53489f2fcdaf02669c175cbe3c9eca502ac281b,combined.pdf
4023b3a091084eee95015eea3c83703bb7557e05,combined.pdf
375285068b0f6cf472835c66cbc48b655e1bbf52,combined.pdf
84bf97b7a50189d2bfe4d8ff5355285fb226215d,combined.pdf
d464416b779b1a55c398ef749b371bee2e852117,combined.pdf
1f655b51ffed1d92d696353cca28d145bbd4bf12,combined.pdf
8847f102e0655dc401a60d2d950e80eafa8f87c7,combined.pdf
b6325430608439326c725a5a125e1480932f5a3b,combined.pdf
c497d55490c3ddf5aaf43a40fdc0611f15505433,combined.pdf
bc7fd2308d99ec5de94d0c8c332cd937d5486809,combined.pdf
a46c2c320a1c9299affba6ce0e67bfab401cb2ed,combined.pdf
7350db734203c4ee040ca9c7dd958b336808e15f,combined.pdf
a9bd09c0bddba80e28905c79be0d25d30d5e95d8,combined.pdf
05de894b9097cff634b6497613046d0a44f13c23,combined.pdf
08b78d011c011a06123ceb0aa013905ad65b8bf4,combined.pdf
ecf9d9d894a7d128f9febd1d4055375938c52eb5,combined.pdf
13399e1f17858bfa8b5e886d6299dd6147445769,monitoring system.pdf
abe476201d086b7fd5968bc459a50aed7aa86ae5,combined.pdf
a9edb5d1997fc4bce5942e25898ceb1a9d9819ae,combined.pdf
e875cac801f4aea78faa66dbe39ea7805922e7d3,combined.pdf
f31f7bedbfacf4eec4b6edd9445d5e49518215b5,combined.pdf
ebc116ec52bf81265f44e8e460fea1cafdacc64a,combined.pdf
2f49748cd274c79aba255fa3eb3041e385fe9e6c,50002061 BL42057.pdf
b1e8239debb0401e3f76e01f73570ff04d62e423,system parameters.pdf
95d49a40b4c9dc52122c3d0153a96fd7f7cd177f,50002061.pdf
ab84712e0ab5731d7aca413e00e14634b2906cb1,combined.pdf
354f974354c4cfe91f1ba13e1f7936b99e6f2fb8,combined.pdf
cf38cad85a207eea60bd92efe2587fe4d92edfc3,combined.pdf
bba8f3414cbaceb3f0bd7596d25404f6233e0197,50002061.pdf
3cd7110b0885d9df3713daaf20f656cf3ef9c128,combined.pdf
757568ae5cafcc0847e58776596fe30b43bec94c,combined.pdf
381d9df86639422693913cdd208192d7749be6d4,combined.pdf
4c408794576d5a67acbcee3d3c087d477730f5c1,combined.pdf
d8a3045ce90166dbb5f94e6ba598b2bf089c2d99,combined.pdf
e767f840b961fc704832b3bd4b2b3d00c3b5e56c,combined.pdf
b5a38bb00448eb876dc4105091e2c1aed4375360,et tool.pdf
6cf9e580a5482f4bf2f701120cc07bcc9bc373a5,combined.pdf
8be3f33d16c83982a06dbfb1517407360a2967a3,combined.pdf
addb0618ea47dea80a002db87f63c2cc5a1a7fbc,combined.pdf
63382ac61e2e39909fd7195c946b7c0338141351,combined.pdf
c9c51d732f8143bff6679361e1c3b3567436fa5f,combined.pdf
ab483402e73409c7a0c32ee63314d228b57ecc42,combined.pdf
07bdbf46081efe9c6c57111f75c357f54067e723,combined.pdf
049ba5f13f2ac11f32a014d191117b5ba589f6bb,combined.pdf
be68ffbda4570318afaa720e3e43bc5573decfb8,combined.pdf
b1c7cce7e09d5ef6168bf94387817efe96830af5,combined.pdf
aa3f6a073372d539119c9b1d2e19aa57ebfd9517,combined.pdf
85eccc5d6ae6883588f5773fb31074d1ed8e39bc,50002061.pdf
9f1d46bbdc00b424b0e68ee44482eade0d884420,Ele Pad4-compressed.pdf
67b8919d0b11a24f4c8d93ac4be928beb9ea8938,combined.pdf
4ba2b71eabb7ef5ea3767d2ea631c53463b1cf82,combined.pdf
65883d36dd2684f5e26d4578ce8a81746945414f,combined.pdf
65a2a59bce018155ade17cfe1670aceed85df5ac,kj01509.pdf
4595b7930712b30acc3fa0fa49e147a1ce045017,combined.pdf
b459e9e2e26ab8fcf6a838210ee7c236f8cbc243,combined.pdf
0d9ccf99a949033c66462269c34bfc327341798c,combined.pdf
def65e841ccfd95fe16a55b117234bba6b78bb47,combined.pdf
f870a67ed70bf4019f42017167c7c25422906f5a,combined.pdf
e6a539088b0a006abaf2f7c12047448461670e12,combined.pdf
4f0fdbd5a35c7f306c0ca1c39558c2ca998fa3bf,combined.pdf
f132252ab5f89a20d868851009cc1556f1b8c9ab,50002061.pdf
7ae4c779998e404c6cdec789f52222411babdc39,50002061.pdf
3a1520145ded10f6250976a9fb2be502c567327c,combined.pdf
c2a1b4a3ac563e2348d631df4c87691069a014bb,combined.pdf
97133164ef49d07a9bc84d27be092a99b7332f7d,combined.pdf
f5d66e95a063180bd25b09a495df1a2491795095,combined.pdf
0ee3edec1ef0e995a50a86f65734943df4ee772a,combined.pdf
b8f60ecd875304e7799436fd627ce68a98c9dcfa,combined.pdf
c267f1d9ad017fee79e0cf063257fc0ba6e87ff8,combined.pdf
5cf65e136d87b9ecca9567f912e01554d5f44554,MONITOR.pdf
281644afe7a38336ca88a33c36d31a50a90e21d7,combined.pdf
4aa9fd75f7decb97f4dac120596335e01267b60d,combined.pdf
63105d823d7f2226ea8efdc493323a35b94cbc53,combined.pdf
0650aec3e8a1a280884f7e748e7d56069b38d1f4,50002061.pdf
51792be0f450ab89bf513f7b66c842d08a1390f2,combined.pdf
c7b2e072ac5b8de35a68d31179786012a7804547,Perform the Monitoring parameter settings using Cat ET Workorder 1.pdf
43f2d70ca70b17b59c95111d6b45bc265192ccca,combined.pdf
c6c3f36af77f377862ab7875633e12f40c00ad9e,combined.pdf
01d870ee2cf4751274daf6c0fc6bbf3b538d004f,combined.pdf
12e663dbc3768d8226b1340ea1f10a8ac79d82f1,combined.pdf
fc54c94d6705410d3e8c0da8eb438e338813effa,combined.pdf
86a23b4b999ae03be41c1455c7b1574a10e0eeb2,combined.pdf
1bd4db6ab9bd1696b2e6fd285497fa163dfcc7ea,Perform monitor in ET.pdf
9d12289c3a716bfb283e9d090517b420378cde78,combined.pdf
f9af5e6e619af469636e541c32f6c743bc39867c,combined.pdf
a3ec0ed66ebe939fe3c7645f288bd39b0817f4af,New Doc 2019-07-27 15.56.06.pdf
0f36c724908d4ec264cd2d2cd6ef60abea1491ef,combined.pdf
69ca8df7b5d310751dda75d43eb2823b688705b1,combined.pdf
71da673e07a75d91167498a1ba195d671ce3e497,combined.pdf
ec070fb7d29577589211198ea96c6e4a63e24243,combined.pdf
336f295eb7ce8dbd00122601dbedd241a5b33ca9,COMPLETE.pdf
201891072732510d4554d255e2fbffdab82ad4be,combined.pdf
a6d7071a016d3c53bdccf8ce65ac94015c9d47f7,50002061.pdf
e13e5edb6eb62d4b3bc657ebaab45c20d78880c2,JTY00368.pdf
0d25fce35df21020265ed15bb75e21abcc903e9d,combined.pdf
86f7e8c1ba846d73c4a841832358b59eb89ecdef,combined.pdf
d51f580a46ae23126684639025d15b917a423ba4,combined.pdf
6a11389f9ca1e8db8954a759e95aacf8446be6ce,Adobe Scan 10 May 2024 (7).pdf
3a024b3443aac486267e5c2d6838eb424d2f76d2,combined.pdf
743a7cbf811d2648c96005f61da104a767d93723,New Doc 35.pdf
0cefb86ccfdb8be2b8aeac0a47e6864cab11433e,combined.pdf
8fd17aabe30c4c7b94e86d4bb1f1c99773340ced,Perform the Monitoring parameter settings using Cat ET.pdf
4159e67061d73e8171df94c66ee3a4fdb50e120e,combined.pdf
607e25e5df42958b9b9de785f451a70630d98371,combined.pdf
ab441fd387a4cac462f4078f4cf50b9cda2e9884,50002061WO1.pdf
89b291b7f0cdd9a39b92a63bdf9e068634863223,combined.pdf
09118ca13a5bda218cf79381afbbd4b02aec6b58,WO50002061.pdf
ae1cb588f0ea4f324a7dcbd72f68a8eafd41088e,combined.pdf
007520904255430340bb018ac912d71e19be8573,combined.pdf
2c334799013525fbdd9d3f724f99ab45d1242c01,combined.pdf
e39cea3931a68b38a57d966f87d1ef5df6cbe20b,combined.pdf
f6efb6e66c1c4346316f4480a2b2269b38498bc3,NW33112.pdf
742a5dcb5aab2d4c2060e5014455f058fc5ce0af,combined.pdf
34a69de3003ab022dce29745d6a0b7b0042ee585,combined.pdf
211cf7b27f1569123c4edaedcc7e379759db3179,Service Report_11-04-2024_240410-000070.pdf
22f285770d9c538c0fa373845a3e456a54c80f97,50002061-1.pdf
10a5f915c2280715fc60c13080f10cd1dd5e3104,combined.pdf
720c9f22b3a58d1751866175389e17dacb5d9e8f,combined.pdf
2d509751f60c3b804fd5b552f6651a2990535e06,50002061.pdf
ba5952f202bc3d97917e2f54c400956e287912cd,combined.pdf
ae05080d8295748792ed0c51c8cf4f188ca2e8bf,Monitoring system parameter.pdf
d4fba49f6918b3f1470a48e0db08a31b0df8361e,electrical 4_compressed.pdf
bd9f6d47223d9ae5d40e2cebb713f41322473c2d,50002061 20-Mar-2020 14-14-01.pdf
25d22df9be4b6a6de10c34ab532c0acbe0358978,combined.pdf
24c4ebead98412780c953d37a6ada3b9112c1f67,50002061.pdf
cdb94bc228fe56f2537f192fc21436b803fc09da,50002061WO1 Perform the Monitoring parameter settings using Cat ET.pdf
3abff08cd0b2ba13685cf8a389ec3297fefcd7cb,50002061.pdf
888c98dd36b98819bd4e0c44948921795bcc3878,combined.pdf
540e0ec297854f4a414aa56766aa1c1436c290b1,combined.pdf
09f850ea168360219d76bfe56889858123c66a61,monitor system.pdf
4d2cca4d4acbc32f097f33b2f493c75cd536a26c,vks1201920.pdf
7e20e7cf5eb56772c775327866b1067437a83168,50002061.pdf
2549613838db57c61a856a3b74d8072014f36060,50002061.pdf
e72214188acc57e0183e29d32becdf8fce46b717,combined.pdf
69a31aa04c2de255bdc0d92c332c86e7bc238f92,scan0004 (2).pdf
1f2c39f87f85d2c9ba8c957ef5d7366b3fbdc0e7,50002061 WORK SHEET.pdf
6f653e6418d8827aa3427366d962a61f2dab0b80,50002061 a.pdf
1724843e48e2582bfd9fed6582f2d4fe084612b1,50002061 work sheet.pdf
0ccde884164afab450591ca6d975947af8a626f9,1.pdf
11a318d905b219e008621bd3b42ac1e25f088512,50002061.pdf
d4b5ce3d6af897cdb338d3694ba130afc15b717b,50002061WO1-Perform the Monitoring parameter settings using Cat ET.pdf
facb126526585437548feae3e8dd67d38248a7c9,combined.pdf
42c274e9f08c153f1b70b00d1aa45cf80a31331c,combined.pdf
b6d28d008f9c5c66de4578c4a20991542c33be37,combined.pdf
2a62200502ec54a1847d4d1ac48f388f2b8679d8,combined.pdf
bc562b98611ad67d3f705b6fe2bafec7fcd64327,combined.pdf
84907fcbaf5b9358cf4597f3e498fc313e180c82,combined.pdf
94b3019c82a72028c235c925c25606a45fbf7068,combined.pdf
1b00a56751e1d5e10b7850ac2b78703c1b65437a,combined.pdf
41f116daaaf4f736dc33414fc2159c9b70d3e5ff,combined.pdf
bc0486592af0c9225f96c7151768f4424c7c4a95,combined.pdf
02159fb5cdaf2544d07f5fca22037ef107461fef,combined.pdf
0e1ad864389dcd81b775c437898bfd2dbd9ac06e,combined.pdf
b39056cef9370078f344ccfacce0830ad17e7265,combined.pdf
405d4c6c98386205ed3e90fa9c9e1a9676cbd5ba,combined.pdf
8cbc6a3153f1510d82cb555402f96a961e1b450e,combined.pdf
bfb3670ec3d484b1b32653d36b405cacc62a4abc,combined.pdf
b63cfcabce10b8362bc1a0b5c9211529ced4d408,combined.pdf
f44baab3bf380ac3a8a145f9240779a33c85c695,combined.pdf
816cf9774df5a9006484cbe9a998d75e23c7b0d1,combined.pdf
9a24e7aa6ee39d0b98b25db0251e69f7b494888c,combined.pdf
115bd7a1da3eb4844a21a35d0446fa2c32463206,combined.pdf
c20df1ed5acabd0fe0ea72e7433c807661f8ae81,combined.pdf
d8bb0ca9a7bca7d151af251c5d15c86cf50f8b1e,combined.pdf
7df057fbbcf7db94a449bb7c362c1282d1882a91,combined.pdf
5610e319746c6ab4b2f75d752481b918478ac83e,combined.pdf
7f73d8dda44a2d1899b55b6bcdc9597b1933613c,combined.pdf
425003b6a6a68c7706bb1cc6f6de6491e84cb00a,combined.pdf
b759cf7c6f591925c707dbb322935f446ac76c78,combined.pdf
691002ed54ced5c49b42dfca28cd5564a1b00714,combined.pdf
3063dabd4d34104141abb11c9a19a09007ad2a5e,combined.pdf
acb99b213ecef7b1f5b1a440d2f30a20ec339805,combined.pdf
db224758470221f8bd84c2ab8716f76996916713,combined.pdf
402e02caf5fefae9bc31165faf0620a35e49e91e,combined.pdf
6301b5bdc6a173319a5bcfef7b4c39b32e34c0e7,combined.pdf
84cf0ea2c7ef41a1cb93b4582552a1f5b6277942,combined.pdf
73e87ca208ef77385d48e4d79fa8a6ecc40f4729,combined.pdf
2e92eb30e10dff441c23ab6da47f2a63b7a804ff,combined.pdf
175c944db4a4f60bc9da3f60526437b4583888ec,combined.pdf
23d4f3955df0418e9d9056b8162e6eb7947b25d6,combined.pdf
0f954624ff2ada90877fb0013d7e6c5224b14edf,combined.pdf
043c81c8008e1add2eb5d88460132d83ec2e5c26,combined.pdf
9db5673c20eae48dd48e36ffe6893bb1869d4f25,combined.pdf
9595f6c1e2213f41d1061b822d4d249be808ac91,combined.pdf
725880d936e29c90640160be81f67e83883fb972,combined.pdf
4085df29aca94f999ab4902602227718b0f56482,combined.pdf
d4d9afe2566fd62c1b211f2cdb3a94db3a6c1807,combined.pdf
76d4faaa2b603e75a7f7636d13dcbf92aa1cd027,combined.pdf
540e9e68b7f7556aa0d0864997a22b52c7eff553,combined.pdf
940656c30996b445a132f58161aa5d707c58aa8c,combined.pdf
f2fd661f6f89262b9abc43a77a90a944808436be,combined.pdf
55f93a47a6e8744df938665c553bd7e091f7eed1,combined.pdf
baf9f4b9270f8326b617958520fb032324b3d01c,combined.pdf
6469e2a64c6a72d0f1cb2869284069033e41e3e4,combined.pdf
ff4b606937efded355ea5d9a392d59339cb422a8,combined.pdf
dbfb16572d204c2d8e09f7a1f1ae3d505fc541dd,combined.pdf
ccd39d700be5be5ed5d73483ecdc96d04158417b,combined.pdf
7fc6b487274b177ac8e57edbf0fdf329f3c36a64,combined.pdf
0d80d41544e88463947e90e8d72ee4997d1d52df,combined.pdf
4b2b2f11472e71c8628b133d30902b19541aff74,combined.pdf
797e8bfc13c03c0ed2b65c19921a9d03bb8c9cf8,combined.pdf
0387911e538a4175309994d60a94164474fa12db,combined.pdf
9ee27d14b269c2e62542e3e3ffc40f1e3a2c5a1c,combined.pdf
6d933a7167cbfb851782bbed95e86e64d45d20e9,combined.pdf
abcd5867c980c7fd8aa746f4e91ee6871a79968f,combined.pdf
c94c6f3d08e2cba05c29737f62c573d0588ba6d8,combined.pdf
a28c7241d97fb96e85c1cd0e1cc1e9405fd49228,combined.pdf
98f04bd0be03645e9912fa121949488c447de1a5,combined.pdf
fe76da981ac35685efb7780ebcfe71ccfabfeba9,combined.pdf
f4834b6ad35f6e7625d6a429b220b2dd4dfb84f3,combined.pdf
c3edee128adeec42b06f7428b4bb26fe98408f8c,combined.pdf
be285322a63294a65cc3bb001df9a717445c3531,50002062WO1.pdf
3afe5a19144d542073e1c8fa051faa16963cb92c,combined.pdf
7ec343bedc75f233e77416050dcdccbc037ec46a,combined.pdf
3c48d732539379fed20812fbe3026accb186c637,VKP FACTORY PASS..pdf
a9b7b63a77abca62e7f724d276c409d9f2656ca1,combined.pdf
7f2a6d6c0bf3da3edfcdb06bb1be94a1debf84ac,combined.pdf
b0bb2855c707c8cfc067db52674b6518bcc44c1f,combined.pdf
2240761043894efbc02ac9978e9605cc424fc460,combined.pdf
0eff94c904f56e8e66df3beb2bc774e300a8e718,50002062.pdf
1a2ff80c4ba2734e0ad919c367e8c2133fce6f01,combined.pdf
2630fb42f0febc7fea76161bc2c1b14f8b508bd1,combined.pdf
e101aad37fda7de75a00d0101ef1c67fdb1a7ab1,combined.pdf
334249decf3534fe24c647a0bc24cf9f80c7d470,combined.pdf
6a707f6acdbbb72169fef7536a040114d6367ffd,combined.pdf
87a6405d0f544e3d195c524a0d4228f65486e768,combined.pdf
61a614e8b3144c167921bba02d1d6e107bef468a,combined.pdf
e53fc40d1b89fb3fa05de70f02c8f3041419442a,combined.pdf
688e5483ca71e4c81da683e155062a7479c5e9fe,combined.pdf
2e947579498c4caf38a4009be8508d18231bf6d2,combined.pdf
c499254aeeee6326df931aeb9681d8dff9e993ca,combined.pdf
c23725acec40c74c47edbab1d92c8d8fad6a2280,combined.pdf
1a928e6c89d1304cc797a27c2e5777a6aa8a5fb6,combined.pdf
8fece6baf808c2a35e8e84c0b1e203d0b86d6c46,combined.pdf
80a34c250d91c032998c94e79567d429819c2a18,50002062.pdf
07f1e92f75defe23d5535582ee0869a9c05013cc,combined.pdf
22ffe5ee82d4b971d2bbc9055d2aa0c1c708f01e,combined.pdf
b7e5a49a668c75500d9a139362279663d7c06776,combined.pdf
80908dd0455e900f987569cd34349d48e470af96,combined.pdf
6ec30692b2aaff6a8dc1c37038967925ea370c6a,New Doc 50002062.pdf
bef9efc7fa65c49aeaf8964614a1b84d01421730,combined.pdf
996441f3facf631300d59325d505be1496f6f7a9,combined.pdf
2cc42ddf986d53af85311c179d1442230af333ba,combined.pdf
323514798279778b78754a96c17a98a86381502a,combined.pdf
67d58efdc2de41c9e39a8e4347c6249bbc333deb,50002062.pdf
932fec23130679746bc725968372c8b61691ab89,combined.pdf
9f043585cc0e81ecb072cb0c4614ecf3b55efb2e,combined.pdf
5ff12ac361267934a25a7bd46306de451fa7dac7,combined.pdf
9c848e6db4ec2d1910bd5aecc4335b9297ba1bd9,combined.pdf
6b8fb71be11857209d8f50042d7fa584620e4a82,combined.pdf
fbdc6c273a5b0286e67af9f8e57b7a04741057b3,combined.pdf
dcb40c03049c01e38a41a33a08c7291a3c6e8972,50002062.pdf
ca98c2b88a0fee71fbc242c1dad62830099661fc,combined.pdf
a8d89f83f11d3be7a53c60f5b8f56b2e364bc539,combined.pdf
8001d2c4dd4c2738187c24127362332f0a7eb0d8,combined.pdf
54f3bd5c4a36705cd9556db72be783fd17656e3a,combined.pdf
83841527520122ec428d51b27c9e0bda659bc0e9,combined.pdf
b90bf1a30d7d27e1270bc9cc03de64e3a5c0dc73,combined.pdf
ccb0e471b9b1948a014af02a98ecb110dc297639,combined.pdf
2f3f676098eacf80d2d3096b973df809792fb99d,combined.pdf
d97a37194037ff55ae303f8f90a01dc35d24b4fc,combined.pdf
d73b36ed1c1112ef5db2cf4c5af1482bfc5b25a0,123102.pdf
3ec43eb198288625f50d3c57b3f21bf189467df6,combined.pdf
c57ce8d40c02bfc626debef9c07855bff34d8c6d,combined.pdf
be59b088297a13a3f15170ae0d8580233ac0e3e6,combined.pdf
bfe73725b920c1a3779149a230dd2716e4bf6d43,FACTORY PASSWORD.pdf
db5700c78bf22d9d252fdda2fe38f61608ec22dd,50002062.pdf
c889c61a0b946cadac085ff6785953545efc845c,combined.pdf
0250952cf808039916279737a3de6495d38b0fcc,combined.pdf
7509dcf623de28a73db9cfa817d29241c1dedb20,62.pdf
04fb1eef84a5c660a14e530b11b538860db1c829,combined.pdf
1700b04a0766a15c2ef665507c55fb3505c0ec4e,combined.pdf
f73a8d6fb3e226ad64be209f58c198b87b910710,combined.pdf
e3bc70b24d4362c51b3996cc81af88cb506d7f57,combined.pdf
2040ae1faca42b28fc6017d5d9311ec05223ea5f,combined.pdf
eeeed4913c9518ef8184bff968cef0f623e2ca27,factory pw.pdf
2150eecc1697c7c2678da2b8c2f29d6dc72406da,PA66584.pdf
7ee3de9fb443107089bf63ee583ec3666ae448a0,combined.pdf
ca734daf318dcc3aa6cefc480beb8f2c3a0d7ef9,combined.pdf
414a2bcaa193cfeb9acf4507cea4844d8159905c,combined.pdf
16065fcf83a5446c6fa4ba305b1373ad4d8fb666,combined.pdf
e1bb1ae04615c03002b6984fb494c0fe2c62fdea,combined.pdf
0e2b98d541952ec4fb21803f6d8ce4a5469a19d6,combined.pdf
01bdf6b50601e86ebd576c61cd3fdd68e6919fd7,combined.pdf
03ee199610a002ba2cc93a348cffbf0e40ed62dd,combined.pdf
24df7b1acdfe0d4bea453dbbb3d7b76499601ea7,combined.pdf
2b207696c957dbc58c5eded47fc99d142e95d3bb,combined.pdf
01b6a9583509d111de2689502b4483fe53e8f0b8,50002062.pdf
7705ac8c605c42318a0c4bcd71806140896a9283,Ele Ad5-compressed.pdf
8984d3f9b65e2b02d45c63461047e1a11ba65391,combined.pdf
b91952cf57dc0fca0ab43859cccdeecf8075cfcb,combined.pdf
b2fc39c1b8c2f4f6ad52475694a75d7d3e388304,kj01749.pdf
48c743de234a55875583812b9c662236fe2442d5,combined.pdf
031345c829635e0b04f478a6f29922b17abc9ee2,combined.pdf
1ca307d66eaf78f7d98eb736cbff243aebeddac6,combined.pdf
27d2853aee372ee1372881f57927d6db7cea4982,combined.pdf
0be94a923d02676057ec7d513600e9b1deabae9b,50002062.pdf
abcfb87300eca1f0e58c34d77c91ff9c80e5c7f0,50002062.pdf
97ba6aa0e79bc9dbd1125053cf177bc798b93505,combined.pdf
a7cf0c3350a1843003d315abc0f44351f1611ab4,combined.pdf
55c3ec0e149f00c5f71f7d53432f1662791ceba2,combined.pdf
cc0b973e711c970cca4ba96d71ec657ec2bb8226,50002062.pdf
cd90b714044a77f016bdc6c293e85349ac2d29a2,Fuel Resetting Report.pdf
063156fda49345cf6d15be34a9dd8f3ee428cc2e,combined.pdf
0475dd2c5da9745dfc8a3366223bbbac897f4295,combined.pdf
4c7e09aa5f8f8c62d17462fe011487ccfb5eb0b5,combined.pdf
0b31bebcbdb68b1aeb1e381379ed7a1bd875a438,Configure factory password.pdf
9dc37ef7a41ec732d9767e68de57ddcc95122d5c,combined.pdf
ed8129a6afdd3aa1129e304d7806e4ab34ce55dc,combined.pdf
66015a48a780337e32d0d1b58da924ec913d163a,combined.pdf
6cda62a069346787a42fe60ed5625d9b186c85ba,COMPLETE.pdf
8cd85c6e1edc83d4abe0bf18ecd072f4820be9ff,2062.pdf
0c23f27034be91327cb703f0415fde6a94e56d2e,combined.pdf
49f33dfc530e271d733a530e2b01008df14a9d69,combined.pdf
cd9f5dbefb02319594531637b01570d907718f0f,combined.pdf
bf5f0667730d204bed295791cf703b9b7881a139,combined.pdf
7ae4c2439e8eca2acd5c320f65b8952ee8674041,combined.pdf
7b4d7669adedde69ebd3c9591612ce0d155e0ed7,combined.pdf
c0fc0cb557dbfc139a6b398cfd9f09e8941b989d,Configuration update using factory password.pdf
43bef92e1e124f25ae4690b8837dccceb8836bc6,combined.pdf
016427503bef7478724d8941291191c86b7dcb55,combined.pdf
490482b6bd8399902f0fbb196bf1c4658c853560,50002062WO1.pdf
ab46dc60118d9e8d2171907d60c89add7bdf4088,combined.pdf
9b46cc5423c592464f5889c865e806ebfb57dc7c,WO50002062.pdf
06f0bdc11a112190fc5204dba07d6d53190e9cb7,combined.pdf
266ec45e5463c6173f3dcf2a748b10ee6d17c804,combined.pdf
89f27ff4853ff52d8a4cbd1419c4e65ebdade5ce,NW33105.pdf
ab86bdf8f537d131380396ed1d748448cdeeefa1,combined.pdf
87f819ab656ef73844a09a5ce4de221b60afd8f7,Service Report_02-08-2024_240802-000169.pdf
f2a1d3eae89cf1427dadf3c7c1d724299b955e3a,50002062-1.pdf
d9b8e2003e3beda1900feb6707337de1ce4353fe,combined.pdf
8cc060c2ab7b0cd45e01eb627d0b23ac7fdec997,50002062.pdf
134320873e2cad3ba6a05f48fb750c1eb83665dd,combined.pdf
2ed0d5416aa13e71cd42033c217c839aceede9d1,Configuration update.pdf
e9bcdfa330202a6a871a578634c61f0b1b12c4a6,electrical 5_compressed.pdf
776afcbdeab733bf112ed7e5dc3c21d26a803946,50002062 18-Mar-2020 12-44-36.pdf
e25b68b3f57c9b2faa9b9dbca378269845ae7523,combined.pdf
73f9191a615195dd645c4df5ce1f7d07416b110a,50002062.pdf
2205f0f545b126a77e307e05cd80fbff479a5a72,50002062WO1 Configuration update using factory password.pdf
d4a671657365231734866ede9430327b5d79e950,2062-1.pdf
ef977d0a9e35e519c75124726b6fa74004f0f501,combined.pdf
afa4f924be2bc0a542a61de4035b7c2a3375f5bc,combined.pdf
c9cd167421a9f9aca10a794920c212fb3b2a8af8,combined.pdf
ea3d5886cea18e23167ea0f27b6cab7699078fc7,vks121 19-20.pdf
c2c4aa1f966a6573bd07ac338c2810a94920b76a,50002062.pdf
f29fa0643fe45ce6ce2ccddea2d36c790954bf2c,50002062.pdf
8d608aea5948bfeed464e26ae4452b150e456cfd,50002062.pdf
cc8ce51048f2fe39c850ef5c0aa445200fdfcdfa,combined.pdf
0d1e3d55fc431d85ec91c5efacb2dde4e3dbe079,ecm replacement.pdf
9f4dce0168cb29dec30f91d6a57f4c793ce1c281,50002062 WORK SHEET.pdf
76a8efc78cdceba7873d69e4823a1d9600038d39,50002062.pdf
565f68c396607fb56080cabc3d012bb2df06a0a2,50002062 work sheet.pdf
0297b555b0956b0d6b2f8f0c75ecb32e6491d4ec,2050.pdf
3f1f1d06d8fa1ac468a53d69fdeb6c6f002304b6,50002062.pdf
0daf98dbdf87972f2ad23cdcd5e5c7839ff38b86,factory password (1).pdf
5f63135e0da56d3473b13efd547673fddaf6841e,50002062WO1-Configuration update using factory password.pdf
449536e130cbdc804fdf03b7201827a11439d211,combined.pdf
86864d3840bbb889df3b6d59e27c036446241c06,combined.pdf
989970f0f651fb0d27693a1c7f76cf5a798694ca,combined.pdf
3014fbd2eab1bbdc8ce69a6343d4287f86033cff,combined.pdf
7daecf42f1bdabe353e1e5a0ce656a9a1a432d60,combined.pdf
a7dce536b6a311a9ba941e1ed7b621a18d2d4280,combined.pdf
1ff6383e6537e9fb47326a8e0cea1dba5f94c73d,combined.pdf
6e796d6c7d4fac553b961c316dddf79d11692728,combined.pdf
1a13b04e03ea3c02d38a24515982431c793e4a61,combined.pdf
95980f82b10bfb4ae1144a5f209bcbe69df5bda6,combined.pdf
cda407b276e84f918c70421273aa7ac314a19ae4,combined.pdf
884ceeaf4dcd04d759e6e83fad23a8f2348f6aec,combined.pdf
d700095b25c1cc794dd4b3823c97b1794377aca9,combined.pdf
351b6c3810fb6f16f516aad9741f9acc29b452af,combined.pdf
1ea2c9441d8c95a7ee826e663b840bcd3dab37d1,combined.pdf
c650e5c81820445786a8477b5dc91e8cb421f437,combined.pdf
139f8c38b609fdb7dd9148184003699a1f6e9e0e,combined.pdf
96e1f7478d7f54bcef71e27ab831ea31892b3a97,combined.pdf
95f3c7fd0f65e46c5fe232fd805cdd2881fdb815,combined.pdf
c018a6568725bd5e497a309055190c49f30d0850,combined.pdf
143bf00582fae6e6d953b60448a5dc5256bcd745,combined.pdf
53f89b026650d0044a26fe5fd7baee4fb1010485,combined.pdf
1c9a775f8723b419b17ffab7afc910fa34b554f8,combined.pdf
735501ea21181f95ce65e587704aac96ebddb1ba,combined.pdf
d1e924a93f9ebfcc3e60618b9252924ec6b7ebb2,combined.pdf
3b2ab3014ab27681dcd8b17fd1c16eda3db2d950,combined.pdf
267e7e9143011645a17692dc7a27ee55e523a9bc,50002063WO1.pdf
233bca7436312efb1a95fb2efff1c53fe55c4741,combined.pdf
857aacf496617c317c55471c15ba15fa0e902630,combined.pdf
8c557b27354c32053ef59cb6c75b12599b78fa65,VKPCOMMUNICATION AD..pdf
6cf80846638438e9d19c83682344ff272daf4353,combined.pdf
90e612aeae89e54d7ac4c6c7724b946c468a538f,combined.pdf
67d56eeee65ef58532c5741f97ce7b3904ef1830,combined.pdf
077a1f188ebf49f937f2fa8d767ea58ec9f07986,combined.pdf
0690d7c96b312892501d53eeb174d7ce593f6bfd,50002063.pdf
a4c5d431eec5efd50fbdab4461a066bc6d9e48bc,combined.pdf
5b2c1cb0485b79cb1cae51fdf1b5d78253c412a2,combined.pdf
d71fd188e371767693acf54bafddf437e5a62ed0,combined.pdf
26cf4993b3e0e04261ebe63e76fc44c90b1a4622,combined.pdf
2cba3e2b4112991b3bc850499c61e33ea61ca298,combined.pdf
d69349858f2e387a1cc681e98280114448bde9b8,combined.pdf
38cd89923b78d54363d1c723424e42d5d44f5763,combined.pdf
6746135d47cd8d21350f47f10e957bc1d5b9b1b9,combined.pdf
310c9dbc8a070a4a344af7b6d20c56fd2b5c0f50,4587_001.pdf
acfdbc9a50a7979aa9c55b37a991ea95bdf21a4f,combined.pdf
0a45f675c1ad47838e621eb67bc5d06cc49e2e3c,combined.pdf
fa8c77d26883ca9dcf644df65e6771908b94a62e,combined.pdf
fb4c2b501ac170708b5131062e5dfb2e4d63970f,combined.pdf
d05c2fbd09e2f8bbd016476e2ae9ab446d7c4bcd,50002063.pdf
ae3b539b4b9c3921b4d602f64ba22b7cf9e605c3,combined.pdf
0bf82a9a6ba55bbd176d7a7aa2c6839e0587a265,combined.pdf
e1e01978694e581ab6af9c2682fff00eb93b5aef,combined.pdf
527f4eb54308ba7d82a777ca70612af6bfb2a113,New Doc 50002063.pdf
774184f784ba5216806dd1c4e5ccc27606503fbb,combined.pdf
9849ab567b47d26c899c34957f326b1b81beec26,combined.pdf
62440f45bff6b380ea277e8e102289a28bfd7874,combined.pdf
7190417783071c58eadda84761489ecfd43c60e2,combined.pdf
bf9b8367c427cb808fc4f642b0e42fc20c1acffa,combined.pdf
7657dca2f04547750729b9759f94c6d2000ce8c0,combined.pdf
ecfe6496f934f7736ebd33c44ec2b106ab4b2e35,combined.pdf
51cf5c5d154c7b270b11ef3d602e8d238ea3856c,50002063.pdf
c16a550e1327e4d7c33e7a767ea98cafeb234eee,combined.pdf
a809ba556574dd70216df84cf64f6532e2d8fba4,combined.pdf
8afbd9a05644ee2cd6a06aea2a39c2496bfef1ff,combined.pdf
c8945e5f89951b36b6d37abe0cdbfb7beaeda68a,combined.pdf
a3769954388da9e13f78fef220f7be4a33a9a15d,combined.pdf
f6ce8acd7fcd5f9b29c119db02f4d4a9c1205dd4,combined.pdf
6d93b53030a5bfaefc000d4a013a5c63ca9d7249,combined.pdf
b7d02552ec17dc8f94d5a7f33616cb5919dc198f,combined.pdf
b742ff4b18c1a3257e9689bee82427edf49ea7c5,combined.pdf
0b1c06e0c8a2b9df687d5659a1512c51f82d322b,combined.pdf
a82ed4350c9fbb8278daf29cc0b986522272c28a,combined.pdf
b8f87cd64b14bb9a906243c1e7474b6fd9845589,combined.pdf
e6bbcd35f649690408aba1967de1a67daba0ece6,combined.pdf
452061e36af9a80ffcd15d7e0be05ba5d70d6d42,combined.pdf
1fb4a0bf30ee100e5b6b09759a5ec4be0baed361,combined.pdf
3306ed78290a32156f5fce06ca385bd6abc80855,communication adapter.pdf
79a67f4f2192a8dd09a819cd554170e97f2920fd,combined.pdf
9e70b472746c0d34f710affa0b78548bcfa13423,combined.pdf
e1570c018f3b2eff2382c7a159c740f05b45b247,50002063 BL81973.pdf
c8856d7308419810e39b3f47b00485d7fe2bd175,ADAPTER FLASH.pdf
822808e04f0c0476b259b5d3a02d83fc99a8a652,combined.pdf
d4bc9bc8a48f1cd0b378f3cea821f973ca4d274d,no50002063.pdf
25cd5497dd52a149ebf99205dfaeae4217db0023,combined.pdf
32d77b8559057cf22a3f745a0851eb1a5501ae31,combined.pdf
cb45e9741b467ef3f712620f8fe9f085154390af,combined.pdf
73df27077aaf8feafc133b32027598388405b796,50002063.pdf
c8326c0e982f602b41e0d4f5ed0d37f714ec0dc2,PA63039.pdf
6be49b3c3794088c0f72c97fd62526db43ed5d6b,combined.pdf
3033b0a4e3b8baa793cea2d41220b8b5928d760f,combined.pdf
679f816aa4cd43a8433794437b2553e4801e8672,combined.pdf
911efc43f8c4690c6fab1470aff17079c8d33489,combined.pdf
fa3fcc6063b2dd84cdd2e4995a9ddfecaec61ee5,combined.pdf
0cf5201e8082de398c7edc439244b0e1d8893e77,combined.pdf
dc7ae9cf94cf9de0776ce3d0ad5f878119070286,combined.pdf
e624432fb10d53cda1f0444e2fbf765a5b8a80e4,combined.pdf
45b12d233967e0396bc043f284fb7dfe32e757a0,combined.pdf
93dae749be383e0be6dcedc081d5c419f3563e77,50002043111 Participant worksheet.pdf
f75e52b8528ac86ece84e16723a9d8bad602ee8d,50002063.pdf
0368bfbcb61e8e46f0eb36cdf644aa835006f438,Ele Ad6-compressed.pdf
18c78721a3876fb1162de7038f5d6df5f501c3ae,combined.pdf
23e96b6e36efad3f4fc696191ddc682b04f15e2f,combined.pdf
3e70275356d7d5245f1deb42064c120a62e31914,combined.pdf
02e159c05f68f31b3d415c15ebeb72d61e4973b0,kj01595.pdf
62c70e051bcfa4179878265e9770df8ca0a20d2c,combined.pdf
d84474af03286fbded22f64ac09b8985b06af459,combined.pdf
a98aa85bd7910870adb723df9d090989d13557f5,combined.pdf
45ea634db86ecf735c031588ec0c3e3c0b6dc330,combined.pdf
2fdb7d90b425c086d2fa3e5c6bd78103be790651,50002063.pdf
f98f458435525e6b163da96b0dc15f6dc23d3fdb,50002063.pdf
364d52f4d07e5b14d2511130b44a514bfb87fde6,combined.pdf
12fb60713c3d27edf05960dc1b7d9e0f35474fa0,combined.pdf
b5d03b779956bb8a5318cf9bdafbb8b4801def3f,combined.pdf
4cbfbbfa68fb3dab52a6678135409c94242b0270,combined.pdf
88e7ac319c261e3ff0ed6816577135798f561c30,combined.pdf
7d92e918be8e079f9e6cda01bb9139cf28bd6ad8,Flashing Of Adaptor-2.pdf
acabb0d4d036ec169eeb42b3c91ed6e5078ab6db,combined.pdf
f922d33526e1f70dc1aca0f5dd30d8e18284393c,combined.pdf
abc6bffd55acbeb474388ba7903068378a6d047a,combined.pdf
439645b845abf36a6696d268a00888bd5b2bab3d,combined.pdf
a9ca4b8511beca4fe3bba05817cbe42fbfaa5612,combined.pdf
fd064718c9a9ed6f3ac29c16e3e01e988ec88fd3,combined.pdf
a6964f34ec3a00e7f5c3594e0d90eabd7528db91,Flashing communication adapter.pdf
eab085c0f877a62e5ee4130c06fad15dc43c3c75,CE16307.pdf
238e1e5afb9ee6d97c4569560a133dbafa9d8cf0,combined.pdf
fc6203f91a4b105b561c58a400e456708c3a8461,SHEET1.pdf
9f2f8c609c1372c5bb2a50544c16a97ba0c182cb,combined.pdf
a58dbb7cbaf75c9b2a891f21bfa49adb93f54b02,COMPLETE.pdf
ca9f86775d684890033e7b52edf8070983f7cb9f,combined.pdf
f19591094d9a9e893dea9e6d7c8fbbf54c2a47f6,combined.pdf
7ddc2918318ce7057bf9588d0d86eda90e709132,combined.pdf
a9d41529f15034a1a0c8e85ddbe62d6f84ca8a8d,combined.pdf
d699761fe3debd5f57add7fb4fa594e8a97508f6,Flashing of Comm. Adapter.pdf
bc48a6bb47bd5ed647724fbeb193e7766b47b29f,combined.pdf
8427b31a6f1353a4ca1cf269f262352911699996,combined.pdf
55d9165f5a7a969e705a85781e2aab123451174c,50002063W01.pdf
0985895fd86b8d9a15bfb18f61ee201027b81aac,combined.pdf
b3e1d45dc4c16c33af81a9d59c4640059bee69aa,WO50002063.pdf
c1f58c48af6c0569cb0f2b2c0e67f4577a6f02fd,combined.pdf
beb7b90abde8ac6ce9826b8c865c07ae2b7c06df,combined.pdf
93c3aef2b59287163b7a4c20264be03eba78f7f7,NW33104.pdf
baaaa06f6bc63630f6eb0f344c30109e8e9985e8,combined.pdf
42393d76df9406de85df845183efd7c574d2a29d,flashing communication adaptor.pdf
e2da111b33981ceceb753bbe5fec98ee2d8eb553,50002063.pdf
bb56a9bdef5b7e473d38dcf45771edb38f249a36,combined.pdf
777eec7b0a78fa8a6fc64e97932c6fce8c86901f,combined.pdf
a23792b1c2c76abb75ce43c68c5f14b7cb6d138b,50002063.pdf
afe7047bb9128e4f687d53c003047719dcdf5cea,combined.pdf
05e447de3a3b1657048db80bf1afc76f7c6f0707,Flashing of communication adaptor.pdf
33d71588a4a7968a2db9e7b23779e93655801f86,electrical 6_compressed.pdf
10555777b5be31bb1c46ec0fbd2be7106f4ebea5,50002063 18-Mar-2020 12-48-00.pdf
7d57d0e4006a6abaceeadf306ed7fceb45b6079e,combined.pdf
ca50657ea954c2dae4215a75e6d5b43f7d737eb2,combined.pdf
8d3c97dfca5d477f6e53c8a17f8a5b4d0642df54,50002063.pdf
438f1e1bc71bf542ba1bb6b72ac5e5f91f6016da,50002063WO1 Flashing of Comm. Adapter.pdf
8dd0f14da64d7b734aca2c74420a190b86aa36b8,50002063.pdf
4007105180a42c8d9d74bab5d112d88029f75a3f,combined.pdf
8591e0967d19897da7a31f15edc0b296ab3b2db1,combined.pdf
fddeae7ac16480bb8b974a3c4ca17bde96534ad0,flashing.pdf
8b657c96f8d2ac4c789540b374011e5b2cd363bf,vks 121 19-20.pdf
4080762ba790392aa709bbdfbac7f1c76d193f71,50002063.pdf
1933f3cabcecb3ce9079426bbb7aad5e542c40a4,50002063.pdf
ec6f00c4158109d055b2764236d8bd3e3dcc8e92,50002063.pdf
7391ff343d33851cbd66666a400832779ee64ed5,Communication adapter- Flashing.pdf
b2ec1d2b60d70b65e2a8b5c625061c0941d53653,50002063 Work Sheet.pdf
cfdcf3adaf91f924c867844cf0dd4294a7d6e19a,50002063.pdf
ad91fe0e06adaec856fcc77452772c01ad5c9a5c,50002063 WORK SHEET.pdf
b43d2531646b5f75b2b4489ece688c80d6ee9493,2063.pdf
779134c2223bdbf8daa38d61e5bbc32e5e2f63fa,50002063.pdf
01a1054205279fc3295a4e0a61ddceba2a565ac9,com adp 3.pdf
322106c5be64b3c00671f245ceb41ac2cb99f763,50002063WO1-Flashing of Comm. Adapter.pdf
dfe310fab8c2bd2d219930d076ed33da7a031dec,combined.pdf
a3e5f0dbaa858201ecdb7bde68c0690d25e534ee,combined.pdf
1f61c738082d8c28d8d78ee723c8251d1a95a111,combined.pdf
a74022274574671be809148c6b6ec3e0405c39f2,combined.pdf
558c2cfc49f4e7fcdecb882b2331b5b89717f2b4,combined.pdf
e69cd4ec763fa834db5835c900d3e1d10f5a4e8e,combined.pdf
eda37b6e561df2be36c9304b8cb011d67ff264c2,combined.pdf
78a99687d42fabf3e109352b8b89f98cfe2618fe,combined.pdf
e1dbc8c8b0f0e19d7ffea11d790b641088fe202d,combined.pdf
48615a548088a5b1b92e84e505811823bab9fb27,combined.pdf
dfbe8918599120e7cacae3db5ec0baa556c9b6ce,combined.pdf
acafddc19908180c24bc54944b5c0943bf1184d8,combined.pdf
7419ad878bd04c9b41b45b910154379440ddac8b,combined.pdf
3842050633db440ab3c68d19f7e3fcaef92719a3,combined.pdf
c579ac6f59025dcb0840b18c2e61edf9e6a3b0bf,combined.pdf
36f2885eb917b2e56bf2bef295d6153a13c0f592,combined.pdf
25ae3f293cb15f43d06dc7c0dfb6807b935f345a,combined.pdf
f3c6bab9eead33150c2fa42b2bfd9e20495e7d27,combined.pdf
ffe7b7dacebcfe6b946536020f8972f5291539ee,combined.pdf
174f198f22031858c056d5881afa0af76d724cf9,combined.pdf
115f1df3cd5b9ece5a2d03f1e28d70859af06669,combined.pdf
de44f4e5128e365b031d030b03827b09b21b087b,combined.pdf
6bdc0f573b7627098a4f1668aaa1823567b3cd17,combined.pdf
4bf24a8df213707f23388a2f201b626be4773860,combined.pdf
285009f5551cd464142a90e4ce2dd307e2581c2e,combined.pdf
5b31c8c32394db9870488e8e0b66881dc89c0c55,combined.pdf
bc7170a0f2b5499680313349bbe38558e91f8b39,combined.pdf
63ba74ce9f34727265192ee125dd0aa2d2338394,combined.pdf
917cf99d617a4268b00ec7ed716655f5a45e700c,combined.pdf
3097e3e107be333f5c1c2e9f0cad5ffa5f026495,combined.pdf
349ca78e246daaf23808e146a578e015351b99ce,combined.pdf
e4d573f52689297700e5b69cc65bd510db2aaba3,combined.pdf
44d93bad72118d691cfd9f26bb5cc2ed5f1f4fb5,combined.pdf
339410180c6aa7bedef3a2293f39c8878ce4ed93,combined.pdf
dc5d38afc171695028138ca92aabc5fbf0eca793,50002054WO1.pdf
91d0f899b30c234c5c067697c0791552f5bb7a5f,50002054.pdf
8dec635e8908a3123de4a4da927fb4636df6a4a1,combined.pdf
d2183bd50fdc2deb70e4b78a9a705f1d3146ade0,combined.pdf
67757bce4884c803b0b0fe1286d2828f1ecb8492,VKP-REAL TIMING GRAPHING.pdf
c7bc1690bcd379ca091b3c3d179e86958aef1636,combined.pdf
4065e4b6144c0a05142dc2141323bf4e8c43e728,combined.pdf
89c51007f01ec2fffdbd04200316e0aaa3a3ebb2,combined.pdf
ff7fd3b057e61b0aee916d6e5e762845b487ad70,combined.pdf
06adc9d2b051948710b449c5b6c88182faee6235,50002054.pdf
c2090139aa3215ee626d6009a54403255e9612f9,combined.pdf
ca99f28522cfb7acc65fba495811d91299b2feb5,combined.pdf
9b25e11b4e2d42f7ffb5da573447f5edd9425409,combined.pdf
83fb794495d06ff3d6ec2601be58f42908ae225a,combined.pdf
e3d908f89da89c9a61f1ed6bbc2ff280245962d1,combined.pdf
57b6697640e692049621785b5626126cb333f7bc,combined.pdf
83cff283d7a53b15e36d8624c6d51a7a86a64139,combined.pdf
342642bd361c161b83667f374eafc496431dc5ee,combined.pdf
0dc33bc113ecb9bc28d4e7de3d62ee94de14e787,combined.pdf
c4769320369cd0852f41b131ecdc3815b52f41e3,combined.pdf
ed6fdf5b5f213f1aef7d7d7291ef5ca9b1c23e23,combined.pdf
1fc784e7bc66b0bde6dc5435bec621330fefbe52,50002054.pdf
622aa6044433d2b0eb068c401886b195b966c6e1,combined.pdf
5791e0284dab74a2897ba29c91c5123fd57106bf,combined.pdf
5cbbd0483b351e9914ad1c7981b41f98d6a4d6ef,combined.pdf
c3cf56028361d609b1af4e2445f82473a8c74b22,combined.pdf
7ee836620b04e24e0e763e0d2277ff91a728e883,combined.pdf
e49c38e3170ad8bb6f0f623c266bd0dc91a38fd3,combined.pdf
e6d29eedb475b77e33376862af6fed873d32a0d3,50002054-01.pdf
e5346e5b00957d3c379c1fd41695d2b37ad79aa2,combined.pdf
cad9b33cdf3c7e444909fc1229f7e73da708919d,combined.pdf
8e0504811c8e7a6a72c76343947cdd37b52f7148,combined.pdf
3843de5adea1f0a290cbf58f20635682c92d2446,combined.pdf
02742d8aeda9d5f7cd8a1af8d63a0dccb1fefdb5,combined.pdf
880d9a0e0c2123aefd27bd5faf2f30bb875c1a30,New Doc 2019-07-23 08.42.04 (1) 50002054.pdf
167f931680a3e0109e532022c67cf5b87f5e9036,combined.pdf
0b3c59b936b4bce80191a21c754342e416098fae,combined.pdf
466f363ebd5c4bbdc14cf98872062e77b4408172,combined.pdf
ad4e97b27e811a1bfb23b59709ec87a8d0db1d54,combined.pdf
2ab6636d5b277542f66d6d8e0fb1aad1c8315ab4,50002054 Skill definition.pdf
a4f3bbc543f62f1ecdf53031966071986bf53b52,combined.pdf
1fe0bb99a3d2c53efdf0f8cca0d4aae66834057e,50002054.pdf
725b26f8dccfece11a52f8d6e1c4b00b74bb5c8d,combined.pdf
d8db7420a793c9b9858e0379b4ea29620960c8d7,combined.pdf
57f251a151d5e11f310aa80dab49ab2c814b141b,combined.pdf
f098d6dc4a33da3e79544ae6229de92fe66c7af8,50002054-1.pdf
1b2ecfc8ee1c2775046869c4e70ff390e575a860,combined.pdf
8c7df4e5200ac73a1d933fca02d1eaf95b055200,combined.pdf
207050c43902cfcdc0f283f1494dfb7f87977f1d,combined.pdf
5dd843ab6ac4ca9235eb41ed9cf26f82e69da509,combined.pdf
4255bc50db99afc473bc178f660d23d243581542,combined.pdf
0744f2c928cc776199f0cdb69e7c8afd304238ed,combined.pdf
bb5de470c2e3b509cf873170b29c555ff0cf9eef,combined.pdf
bc183826cee9aa270e8f2930011037f52565a838,combined.pdf
387aa131cbd810d5648e9fde8c8223464c7bba0f,combined.pdf
192be513f5dace4bf3cd0134bee8e5ff6bc0e2e8,combined.pdf
c03320498e3b254b3315f8965f105ca23ce81adc,combined.pdf
e589233ec5a65c2fbc49c0725538f3c317221de3,combined.pdf
7fcc192b7095762eae599abc5be90debaa41c2c4,combined.pdf
3432c10965b39f7d35c3797595e4b3d5ad10aa68,combined.pdf
b0aed92729a3c63877515caa848b1dfae6c743ab,combined.pdf
fb51fd6b9b5e0f600c061e222eebb28f75e69ec2,combined.pdf
eb51c4c49f7367690ad8285677728aa987f38522,combined.pdf
58d2ddda6f32a49c1944d49c006973c24b38384a,combined.pdf
d2ee564b9ea947f9cf0c24cc49e08cfa229eac51,combined.pdf
856048e6c54bac9f69eb458561e737d913c398eb,combined.pdf
96fc76e32b7cea3e60843e3c89d2b9666a62cd91,combined.pdf
b3fa0834528fbf64e5dc2321e3415482c8f61d00,data logging 3.pdf
e072dd0a1d46a94cb9d5fe10ee1a9705bb117399,combined.pdf
9f254a84384fdbe321d9795496eb8ee721ab8cb5,combined.pdf
ff7a3784ffbe5df18e14735bc2e0b8226aa7c59a,combined.pdf
21d10ea5e67c6e16f6edc0896eff7af4715bb9d3,50002054-1 BL80941.pdf
c78f1caad8b6b6f0b4144319a4b734cce45b33ff,DATA LOGGING 1.pdf
79dad8f68f399116c1a40e135219617347df18da,50002054-1.pdf
d73635cd13f64822623d6e2908b148c7e082d8ca,combined.pdf
8fd0d128adfba764c78a8b859c48008c1066adf8,combined.pdf
96e82d529afe22758aae08a8f2e71298263405c8,no50002054.pdf
f769ee501e1a295b8fd40c8e1c8cbf4d72e81783,combined.pdf
7caf0abacaab43b7bb6e9f85251c52f1d05b7496,combined.pdf
80995c7087a86e95726714bbde6231c7244f901e,combined.pdf
ace82be87216beadcdfe043a94d4b5422a2719f5,combined.pdf
a6065aaea739bd258ae4d7ded456e853c6a5dc1f,combined.pdf
31a2be59dea29d9d400792fedcc4a2823d0d52f4,combined.pdf
94668758197a73511953bc7919f1f20b1f6080cf,50002054.pdf
02f1526aefed20536a45fcbb5d3e073642b926f8,combined.pdf
c8e57e091130563c7195ce48818b58d93fea7965,combined.pdf
61344c9a66efe2ccdad0c7b17dd394341e5f2d36,combined.pdf
d8acd65dec78012d0cc01673bce0eda14f2e8aa7,combined.pdf
eb3e5689c6bd1506ca7925f462299bd0a467f115,combined.pdf
787cfc389694ea4cfacbc18737b7db66a92d3845,combined.pdf
246fe40c4569452db4dae6e8a78d81058bb5b817,combined.pdf
5e765f078618f3a614b569bf5acc39e58e33109d,combined.pdf
90b130d78301675965af8f2c7dee6338084e1726,50002054.pdf
5dafc8360db619084684192759b540665947a440,Ele Ad7-compressed (1).pdf
db1e87f39a7ca1dde3ab3add73d228600a3c4811,combined.pdf
d8fbee8cab3c02d870d9c81144c8be20e5f5539d,combined.pdf
7da935495fd74d40f4ca91fcf9793d93938ae690,combined.pdf
65c0df25881ed9331fca41d812e4bf0ad67d7dd7,kj01545.pdf
30b0c268153a22ad814f55276b2558f4a47301aa,combined.pdf
472c07967c64626f60c5c3051535808c208fad2f,combined.pdf
4e9577aa84393078dd86d84a714daa9f8ba95286,combined.pdf
0853fdf0bbf6cc6d6830f485e9f8fa295128e41a,combined.pdf
6bccd2226fec1504281f30a2a371f2a2ec68805a,combined.pdf
b9e5f41a451fc25960a39c5103c63671e50b3884,combined.pdf
6b380fe77643d25283e5a8f5aaedfcf4c9f11e15,combined.pdf
3b1dc8f15be44a3b9d32188a24bb3c8da6475ade,combined.pdf
4b8c0c3b132875100ec4ea970ccd981813ba036b,combined.pdf
2ce671686700915b9974fbd391ebeca9be8294ea,combined.pdf
19d7f3b6b8d5a66cceee61d94468cf79a13be997,50002054WO1.pdf
da0f051f50049186766a4ba31b23fb1432c151cd,50002054.pdf
4ff8a7bd4313a786f5d707f472efb5aee8071bd3,combined.pdf
c46014e83d791a1bc6bb9dc62449e56ae06c1443,combined.pdf
3709523efb4510e8cb37aeb447568f01d4d92769,combined.pdf
e4d6955c5cc4c296dcb642517c7eaf6c84d6bc68,combined.pdf
9e2ac7ec70ca7a4b839cf339bab635a651ad6b5a,combined.pdf
e925efcf2ff244cbe744a90e90afa0d16ab03883,combined.pdf
79f17d2cf2a197c14ac84d35ff58b95b727d400e,combined.pdf
f652d16730afdc54d5b7672f965c966703ba3b93,combined.pdf
5d1912fe5b9483d3e4643d5838024d378d1fef53,50002054.pdf
4e3e17a80956c2dc2673b254f3a408ab28f06a7f,combined.pdf
3508bf482ea800d7e2bdc3dc8b7bfd215b6557dd,combined.pdf
0a258efabe69d6e1790cfc0145114d87d167d3a7,combined.pdf
ac19ae6967e626b20a5ec9ffb8573e894298667c,combined.pdf
483aa530a98b59a3c668589233874ebac68717cd,combined.pdf
65d4f29ace192586ea7da63a4501212508c5246f,combined.pdf
da776549f86f75e4ea40823b91593d415641542b,combined.pdf
645ff264d499387c992f32cd9939fc676bf5cd3c,combined.pdf
ac0d61b7fb094d6103c6ea028abecf1fe616a438,combined.pdf
3ad5bd2cb22d0b2fc3f9208b296024f00a02492a,combined.pdf
d4dc84286984ebcbdab4d9521c2cd1e1ffde11c3,combined.pdf
7d5bc06a4965cc8a4c8085069f806090a84932cd,CE56951 (1).pdf
58b1fd65d7f2087b80e1b099b3b0f918a4a0fc8a,combined.pdf
54a381a0183bc4e79bd6001884a3490032ffdb66,combined.pdf
e4492e267691123dba5f4c90e7aab49b5cc92087,combined.pdf
86c491eb534026ae8e8eb538587de4d183aee267,complete.pdf
7a33c2a7cc9402084d2d6db0e8b6345d873fd01d,combined.pdf
4337903c2c7fb17bf2425d2d14b20863cde36084,combined.pdf
83f74f410de8bfde30683b1b05cf1ac3172e1104,Real Time Graph.pdf
39447617d38e2bf992b1aac92bef3774ece87fef,combined.pdf
49321d9e277fe798e5a8d91d506e047d0adc0875,combined.pdf
f3c33de1c07aa46b5a0135271b715c078ecfbdd0,combined.pdf
8d912f5132acab208f6c7b5248b4e9d37c0c590b,combined.pdf
7ee99ec1e565caa3cca73544e20f2f0b8cb49279,Adobe Scan 10 May 2024 (6).pdf
d5272082ae6c82f0c7bbc4a0db536823879a1dcd,combined.pdf
ea317246c3df943992278ce3db37b64b64855a2e,combined.pdf
66d8a65bd696bc5947a10dae735db64ed8d24ae5,combined.pdf
2040984a6ded1d73b867518b10609a5d948d4917,Data Logging and Real Time graphing functions in CAT ET.pdf
a3077333b35303a445eaa4f80d7b08fc2f1d77d4,combined.pdf
0c641294ef80c784d616bd0eb2b5480b4c230c6c,50002054.pdf
15a8e6e09117641300eb51783e83f0163fdb9395,combined.pdf
67818603b4a9fc0799315023546287a60eede3d7,50002054WO1.pdf
d7e9643066a2e36b8be4ebf02faf6115591649ab,combined.pdf
f88d44da6edce59ff7f43064592f021d1dee88b1,WO50002054 - 1.pdf
5fd388e411509ecba1ddf1bcf1af74eb25bd78b7,combined.pdf
a310272c8b9c3d6de9d1e37018dce3f26076eeb8,combined.pdf
38ec543d66d07aeb034a24d20c91c6e581b5d46b,combined.pdf
c0c3862b02466dda685ddff78e21e053c30aadd5,NW33113.pdf
bcf30547c8fca1cb1be416a691b83541a48fec10,combined.pdf
f6a0f7c02025958dadc87d92bf7cb237c5897d31,Service Report_08-07-2024_240708-000247.pdf
25f8c0bc440f109098befa358c519be71dabd375,50002054.pdf
5a42ffafc4cc26119dd81af734295c44f61794ad,combined.pdf
fefa89fcb19a4d106a4f108defedb4c33bc160b0,combined.pdf
da784ac2c202f1db24a6ebaaf8eff4dcb909119a,SCAN-9-L2.pdf
2ed039d76edd09d29c585285760367981a7a026f,combined.pdf
3ab6143495a79c7831fe43591c31789fa39c7ec9,Data Logging 1.pdf
996a725858d9c91b2eb76e7bd7bd497a917598fa,electrical 7_compressed.pdf
f03cbdd4898ef326dde104c7fe6eaead5fab6b7a,50002054 18-Mar-2020 12-49-44.pdf
739fe327f4267deaedda84fa50945c13feb0feae,combined.pdf
46cfbb11801dfbd5660e868d4a44863dc430ffc6,combined.pdf
f0a0e9f50b3e583acb0ab5f4ef446ddaf1a3dab6,50002054.pdf
1bf66c3fdc67f071e1e3712ccc05d3bfac9a0783,50002054WO1 Data Logging and Real Time graphing functions in CAT ET.pdf
36670bd5232ab96c4ed7c844b8dd11f4c5a02e96,50002054-1.pdf
8212e92180d1767af12cf7ae8b38fc070bba381f,combined.pdf
7e10441467d5ffc8113c95d76842c3f49cbaeb61,combined.pdf
e16e7b9a04e90876980aa3f11372a15865f0314c,combined.pdf
99fad5be303fe848f8245f8aae5632ae03a7572a,data log.pdf
413c8a160f527a0d460dce4f7891cc7acb04a80d,vks 122 19-20.pdf
934aa1dfbc8a46249fefcc993200ef7043802de6,50002054.pdf
081cdb499c26a8fd7f974285c978b134e4ba7d1f,sss00498 Harness.pdf
15e557a5a5f410ddff63cf189238319065ff5b00,50002054-1.pdf
e2f11156bea568135acf06a8ebbf4aaa5741888d,50002054.pdf
ceae94f89bde8fdc153d9ec64d86fda93574ee54,combined.pdf
b847c2030efc938c080c479ae3c85a6152a8279e,combined.pdf
028f7c18a69017f22dc6dba6f1053ee899265545,50002054 WORK SHEET.pdf
efbbcba78beedf20e3ed767dddbe272481fed6c6,50002054 work sheet.pdf
4f68bf1440ff83e9b5d08a448b4235f4edd5b8b2,12.pdf
452f3e66fbe5f5e219195423ead1aac300e78a8d,50002054.pdf
be8c7d26e5873c256e6b00ff8045492e00c8a298,graphing 2.pdf
798c9db5a4e8e883e6dde0fbfac69aee3f0bca25,50002054WO1-Data Logging and Real Time graphing functions in CAT ET.pdf
52d313c142a0aef6d0f0c6967249e4b8c392951a,combined.pdf
5ccee22e6bf5a320e9980c6857867da1860f8940,combined.pdf
64aa3517183539e718e9963dfa0666ab8c72adaf,combined.pdf
0b443f0e79765c7cd3ea74622117915f70fbed21,combined.pdf
66a4ea194242b824df76da6635d28257012a85cb,combined.pdf
ccc9354e4c5ea94d7a1870fdfe66c5e83b1b8f62,50002054WO2.pdf
ddbecca97d3b2e3606470d6b3ea505493011188f,combined.pdf
3195ee46af837a170fe1b57771424cfc99297dbf,combined.pdf
48660470cbeaa5e551564d07ddad26a969f64421,combined.pdf
5ee9cea8e2abc476089375f0957e6b481a3bbf90,combined.pdf
859e05e49e3f77686274b4e7ee8a4157e2e80676,combined.pdf
2f896de744e78ee8c6d56a07d891e7a4670055ca,combined.pdf
72ddabe3a2e4146dc3401145196647a5431d73e7,combined.pdf
7bd0e77186b160137eca9c43db64075410c38bab,combined.pdf
917fd2c3c3a1fb9ef1d3bcd05999dc488a2930d1,combined.pdf
8cd58e22ddc1a35b6ac51987fd6952b04de3054c,combined.pdf
1e289e41ca1c2db0d03fd0f0a87ca5b9c3aac72e,combined.pdf
cc41b47774d5f8bd9a796a7dc76f593dd325f041,combined.pdf
d4cddb61eb59a97eb7283bd54439dbc2cb3e2b1c,combined.pdf
ca9fa2394b8722e7de8bee440739f00fc8854e6f,combined.pdf
9d0bd030a3f8b5219f5c775842bd8bca9b321327,combined.pdf
81ddfd27d003c28a296e9d9ac2ab01ba832d88de,combined.pdf
e21d829e9baedf6532c964ec64134e40cb914912,combined.pdf
f9d9a592967384f5b27c45f8a0eb081c15da1067,combined.pdf
01846d4a5aa8049ff830fee5c090499bdf840b32,combined.pdf
ad6e7020836298482bdd6ad8807222a5d40a06a1,50002054-02.pdf
1df08be60219296c7a49fada9265b77269119bdf,SKILL DATA LOG  REALTIME.pdf
3babd26fb009a452de4deb4484511b295e0fc657,combined.pdf
eccebe48f4c804fa360c7814281a708e8c723105,combined.pdf
b3abd38ddc1d6ef6776add3cf27b7cdd26b5b35f,combined.pdf
36dabef3d696e80a7814151ade2710ab738e9656,combined.pdf
1f3491029d4cb13cd2a6887c0b51979a812d2a9e,combined.pdf
76c71e5b0a940e0632fd35e1bab0e3d068dc016e,combined.pdf
36b85c3ed2f09e911c98ad666adfaeb7c93f4c6e,combined.pdf
a97419bc2945a1d5ce84b8908f3137482714b23d,50002054 Skill definition1.pdf
4c503c89e928d4348966fe038be109c2d530f085,combined.pdf
d662e980331733d22fe476672f5d2c4305700463,combined.pdf
b5b1527e2be7e44723b6a508a3ba5c246b3e2867,combined.pdf
2a8b8b2855d6f877a9df1197b01fe13f20d69835,50002054-2.pdf
ac1ef5684c37c26f6af0b7968b1624168c85ea0d,combined.pdf
edde947756ac483a43f48ba9a2475a270d75250d,combined.pdf
c5c22be0a385d363f9312384dbabb015a0c68b9b,combined.pdf
913ddc54cd440583802f6f56b8953132a5624fe1,combined.pdf
3bdad6f67f269ff4540a84d498efb8a858097cd4,combined.pdf
a7f5a182859eaa9b19f8862dd4b2bf265cfc17f0,combined.pdf
cab2914264d1f528de380262fe416b59ed562ba4,combined.pdf
1da2ee6fec1c47d5bce2e7f6b2c13f3f31aedf3f,combined.pdf
275eecb9ba334e2d7c6941268f70d36ed8f41184,combined.pdf
13e510d5d79ba5eb9f3c801a73265a7583357cff,combined.pdf
4e7500aa59939f80e1b4912e9ba8b0d255d2675a,combined.pdf
2ee1aed5c518d7eb8e2f1f9abe774fea4012b172,combined.pdf
8fd68ac4a8664c8cec89dff365bc5840349f572e,combined.pdf
2649cc320f07e1ed83d6a08f31e11af392976f4a,combined.pdf
21edc716c1d07bdc1956c6e946936725d0a3fe49,combined.pdf
33be13dba200793ade7225f2b6eb6b3895df258f,combined.pdf
7c6129e038f6c488cc270703a871e736c2c057c4,combined.pdf
2293194d156fcec0a84aa0d4bf050b332b84a035,combined.pdf
6510690564960d1271f2eda978e335fbf0529dfa,data logging 2.pdf
b6a60a05b66b4b52d9e28caed49eacaaf67f7b7f,combined.pdf
d6918832e2e3c45b0e3d965a3e8de6dff4c4dc81,combined.pdf
92809674c077384071453c963f4137f32ec90834,combined.pdf
fe70971e189b9c67c6fd59f4c2e92b8f9025d18f,50002054-2 BL81326.pdf
732a8995523f186395c48aff9fbc08bd9f38146f,DATA LOGGING 2.pdf
412c0720d18767eada4253fb1bbe1261493551e8,50002054-2.pdf
fc1d48b450d67d56a0b0e4c14888237e54686ad0,combined.pdf
a3c982a3965c5ce0c25b81cc384d3438b9da675e,combined.pdf
e8dfb840e4fe557e90f99672b4f062ea87856146,no50002054a
33bd56d7a31953b29d402eb8b404bb6fed42a531,combined.pdf
d5109f3fe0f36486326cc12160579c8999cb59c9,combined.pdf
3a6f67e6b090a924856973c222123f52e43c835f,combined.pdf
743879bd583d31566dfa2466109c2216e9b994d9,combined.pdf
481c703a2fa34c5ff982e72d5d588f92e3bf3718,combined.pdf
2b7be411ce8bc5209e23d7563b3926fe12ed3f03,combined.pdf
fbc2103971421cf323b215ddfb1fd5b0bb0c5a7a,combined.pdf
3caea656d8e87ebad650d4012836b559fe15b6b3,combined.pdf
89d8bc0ade86286660320bbf7671a0eb3f4f88f2,combined.pdf
a5dcb1cddbf80926db937aabc902295dc70ff88e,combined.pdf
fe9b6c7d12962ac9e85f3978b496dcae9a0374b1,combined.pdf
02b8fed47dd5d9781e0fa3f453c4e41a2b6857d4,50002054-2.pdf
b0a05848d68b3301f431e5cddb895a5d394543fe,Ele Ad8-compressed.pdf
8539045d6a55a52220453670d475be71404beb11,combined.pdf
1488611590facb94e8e80f0e4659db686f1e3a56,combined.pdf
7375e9fea0d63316058c9a7bdb2cd0aab75bf263,kj01511.pdf
71d10e8e6d9e0923479f2a89bee91ade3a56298b,combined.pdf
db9f1b99ab8a506cab919cf9048f7ff31ae17898,combined.pdf
378eb3f33f93455e298d3f415570468239743b82,50002054.pdf
d4e8c7c0cbc236c1ed2fc86d1c7d720f495f5170,combined.pdf
c26113f634f930638e21a670f360ec5c9bc2a6f8,combined.pdf
c0be46458a9cb4022449380c150a68f31d3409aa,combined.pdf
a4d8a6d14f92d08226e847be6d8df70a7bf783b1,combined.pdf
999f0272f2abcda19b8915b941d728ec54e96af2,combined.pdf
9716cfe1f07e959f1c7092bea070aebe2582fded,50002054 (2).pdf
daf5363496037cdb8e1fea64bb6e2e8cfd8e8178,combined.pdf
e83f33d95dde7880daa5b97471740d6c5055ca23,combined.pdf
279322106e82331d6959811f19a50ff9e54eadca,combined.pdf
7a2b2904289f4da2838de3fbdc55171889952a10,combined.pdf
53e0a4bd1db443aee6e08d528fbc9308f9dba465,combined.pdf
9a043b36544220b1e2e245aaf550f80c4e282cc7,GRAPHING.pdf
27d185abf66a4282f49719a73fd57797e64abb6c,combined.pdf
3f7636ba74fe7ee7698925619f971bce2fa766ff,combined.pdf
e34295c32e31ae433faa3f79d61e3a90b7b0210f,Engine Monitoring Report.pdf
6af9ec2551d7879c72f66134a0e905ae5e554f55,combined.pdf
22ca30084b8cd07c71c9adfc67be2923bd3e50df,combined.pdf
f42648397028e6c8b266657b3c50431556817f8f,combined.pdf
394659cf327c3ba2774f89d8a7df74db15eb4ff3,combined.pdf
819ba980313cc4bb92af3305ade690d6f9016977,combined.pdf
3f70183aad5bdbee1339e05670bb9b5af3508ea6,combined.pdf
72d1a2ee7ea69c200305d02e8ec38c1d93dacae7,combined.pdf
40476e387699aa2a3471f21a021449834128fae4,combined.pdf
9c629223cf57ceaa48d32cac8f14b7c204d2d1fb,combined.pdf
f49f8f57f3fc223a5d00805d9f3f3faea4314412,combined.pdf
a2ef9d3a4cab799f1979343a260a59bdce8d9917,combined.pdf
c6e2fb629be30df380a1b9083f35027ea5113174,combined.pdf
53da36a3abc194a72d890598a2da46628e4ae753,Real Time Graphing.pdf
9ab2974ed7aa4e6a8df4a952ea7b66dd71e53a40,combined.pdf
182da0066d4b4ef9ba54f07af312b584cf7b7a0a,combined.pdf
da47c56d275a15526d465157f52230282aa30519,combined.pdf
fb525370a7154f58ec10e3ea0f7aefb59e444b06,combined.pdf
1c6a24edfe67638b29a0fc555095af7b38ffa11b,Adobe Scan 20 May 2024 (6).pdf
04b7bee3a8dc38893a377b51b2706bc7cf182572,combined.pdf
ca355aa9d99570c70e6c23732aa2451ccb310405,combined.pdf
570c7dd26cf4b16c3b36e7fee6e833745ffb83f2,combined.pdf
048407be2ba42a8e1d756f8ba802570f5293775b,Data Logging and Real Time graphing functions in CAT ET.pdf
a641db15d6cb2dce6f2ce6de520ff9e2d7250b20,C32.pdf
440bb1609036f6bf87ed0cd8c54b9a8894f0d1b4,combined.pdf
939b3301facd48364c97d26f4739265f03edfeb4,combined.pdf
b2a1aab671aa39f1df4b75b2cea20c370c675a67,combined.pdf
c8ef499d064e590ade487c7b7295ac7693a13542,combined.pdf
4c16b50b05d7b11d48a7c6bcfa069912f490eb45,Service Report_04-01-2024_240103-000206.pdf
91b9aa9e1adb959d0a97580928a854d980cc49db,combined.pdf
cbc2f57547cb90f3e752b3ab840f1c1b76ed4e25,combined.pdf
4a593f3877059005ffe1d497808da34d94f3db2e,Data logging 2.pdf
f72985ade1205e5a0e1ca3fd992d79b56f35be5d,combined.pdf
d2af76a9707918a7e4c3bdbaed7c526a7aefeef4,electrical 8_compressed.pdf
7da6574b1cc7adda1832a188d56a9cd55e0dd4c2,50002054 no 2 18-Mar-2020 12-51-18.pdf
f2673b306dfe538d1dc978054d53b2eed80a127a,combined.pdf
ae22b18e7d9797bf3e6a478cc9ffc4aec4695f3c,combined.pdf
775c3f006e7934fbe09fe99e584e8b3e0781dfb1,50002054WO2 Data Logging and Real Time graphing functions in CAT ET.pdf
b68a9c03fb02be1b4804c85ef01df1a39b60c191,combined.pdf
424d0b42883cbea47415530a38d390463f27d1f9,combined.pdf
760c1d63a2413b6b9f2f6065dc8745e7f618e995,vks122b19-20.pdf
c9f120eec1a78afcdd62178f108d639307f22413,50002054-2.pdf
699432b4680cf47d1ce0ae31c65993149865556f,500002054-2.pdf
2e512fbcb650f60a225064339e393ae7b5008e94,combined.pdf
d1188dae77807ec38b1411706d772bf6f18642a9,2.pdf
4592dad5d660c163f06e8f3afdd4c1f46eb66c1f,graphing 1.pdf
d50d57bee42a67bafbf82f29242c49df1fe108d6,50002054WO2-Data Logging and Real Time graphing functions in CAT ET.pdf
abfbe35aa6e587a79e49d7df11f93210aa7314f7,combined.pdf
fe9dddc9e1758e0ea26cbe37951104ba9aea5819,combined.pdf
0586baacb86f245947895aefb8b12cf9de8a7e8d,combined.pdf
4faef021353e88433a9306602ca32a91e1a5ec2e,combined.pdf
5e155e2a01edd0ee81aa127e948ffaf35cf28866,combined.pdf
b1c186a5b84117f95d6e0459e7ba781c96ad8303,50002054WO3.pdf
15b50b0a99ef96e1a2fa7b384f25a6f8d815d50b,50002054-31.pdf
ceec2e4b5c773c1141453717698eb9c7ef2a395a,combined.pdf
38791bd11372731576f76c89147647451bbae4a4,combined.pdf
4d2459513138e4a343284e60e4530300553e9317,combined.pdf
0d8e06c55c8143554d4de29935c50fe81086f094,combined.pdf
c03aab90baddec9c7d22065e8042934cc99abeb8,combined.pdf
23ae3510db621fa865dd555b2d8644ba9ffb573c,combined.pdf
955f144f0183d1862336cfebf520ffd7d509a88e,combined.pdf
ed64e1d6beff89da2d119dd3d3cec03e77555d4e,combined.pdf
4b30acb9e6028d12e64d856d3135bab5bfa81229,combined.pdf
3516370f6c4bd2fea5557d0e724595ad6642a01b,combined.pdf
0b1486a55ab97ebd99b19961799184f7af3af857,combined.pdf
d666a4018db4b5dc36493d5a1b53b6ca778c514e,combined.pdf
7a0c5ef48343c4ca0d14c84b4004c30279e5bf13,combined.pdf
9e2a9c1402d3424b0c71295618ae5fbfec9d1f5e,combined.pdf
6de7c796debf9b6180bf1daa852c8b4c513bf4ef,combined.pdf
c9bd4d3ca3837249905772397a96af07a7a2d48c,combined.pdf
17db4516c7a8fd04b77c20ef6ca6c29dfff5a90d,combined.pdf
b42d6e358e5d2dd725422dde952f2b6cfc367c05,combined.pdf
eb1a49bd0da1a4bceba79afb41aca7030fba83a0,combined.pdf
6aaf9b351ab3e218f3e96b9113ce5c8a366f319e,50002054-03.pdf
0ca8b3d3ab3eb8b3bb3e46d71235f27cb1049fdb,skill new 50002054.pdf
2a0e6265c70e15bfbcfd34ffba97732e11155425,combined.pdf
0faca97bf5c7d751c818e66279180f4a5611445b,combined.pdf
3495f4a73386acec606dc6b0a992e2908133bfae,combined.pdf
d1aff376b6034d41d35ba920cb3c9e9af1959cde,combined.pdf
efe5656a1d6f7790dc64d5197908ab522beecaab,combined.pdf
038ac527058ace1d8a72d65aad2fba25cb7f4bc7,combined.pdf
3719f03a788a9c307518aee35c1bcc4261312128,combined.pdf
658efe8e50524ec51f9c361ff1f293ba401979f6,combined.pdf
6a26e71e568b6ee0979c339e1d9d81126cf8dc5b,combined.pdf
43fd14796ec123cc642c0dc5c85e695c7ee6f80f,combined.pdf
8708e17283b6c915f04d5da78f66e9489f250e35,50002054-3.pdf
8edbb0b1b719f9e59366b889c5ece8c848e1e25b,combined.pdf
ef67f12263e0011853563bb80bdd856825524cfb,combined.pdf
69b49cdf951e024408f1435d81e4d332268e04af,combined.pdf
5f35e9062f89ce89bb423b3d14176f79756ea540,combined.pdf
c66322f4bcebdb59233ef71b8f1661ce5ff07c22,combined.pdf
4c1d82c124214d4c26ed9c769ef5ced23414e8c0,combined.pdf
edcee454bf37a362bffd61b271be9019348cfae7,combined.pdf
30b7d718a473ee4e65650de9808ebdca197ead38,combined.pdf
175df42184f7a7248638ac31512df42b4232fc66,combined.pdf
10f9d556481f18671047b101e9207f320d278239,combined.pdf
9ffb2712af18c98a04471551baa469db77598b8e,combined.pdf
d2b1ac09ee9a029f2b74938a01c9200743663e34,combined.pdf
34d0337074daa21e0f32106a8d7acc83776678d3,combined.pdf
f5926721eded959ccdeb620eb191763f1ab2718d,data logging.pdf
bd836087b58f50e2cc6df38b28c379e69bbe0c1b,combined.pdf
db028d20c925dcfe0d4f22dfa718d4be1f941e4b,combined.pdf
af39c98223e367f5ff5b8426b70e02da0ab7f558,combined.pdf
910addc1c08cc61003399782811f0b0426b541a6,50002054-3 BL81696.pdf
26181c76ac30059c973c1f3c39222907e4534e06,DATA LOGGING 3.pdf
9ee79d160cf401190cc57445b8af4bb63ff7726d,50002054-3.pdf
0fdfaa5bf32c10cb705c62d988724dc5102c430a,combined.pdf
d32e76124e6cd3edec763a488b4d2cbb679f3a6e,combined.pdf
9ab82bc8d314450576c71a948fd56f824a8fa80d,combined.pdf
77b62297781a7767f0e11032585466d96f7e0073,combined.pdf
b4ea6b6368ec61cc011f75dbb05e18b857a1653b,combined.pdf
a46f03a756ebfbb35eb22952688f0de858a6ab38,combined.pdf
80be9f399d473a50a15db1173ceeed246487cb2d,combined.pdf
0fb2afc40107ee92236c760b44e7e60b33faf2b4,combined.pdf
aa4d47418ff4b3fee460594947b0b3290d3475fc,combined.pdf
8b0c4050df47c441e1ba6a95b3de8ee005376870,combined.pdf
7d953dd75baafd184677856e8e7539f138b1c8fa,combined.pdf
91aa75db5583dd0edce9fc95bbe8e966f94e2720,combined.pdf
e6b5e37e1c515b011c7e9b14193b24b2bae95cc2,combined.pdf
13a789fd3a90d70e845fd550773c60e90944ecd8,50002054-3.pdf
5c5b236ff5856c4b9516ccc8db1b4c5117d8c17b,Ele Ad9-compressed.pdf
070012644fda978c68e8f434f58ed8d648bb989e,combined.pdf
ed4a3572e63d0a34d347b579d0eef1af0da5b21c,combined.pdf
3be80541d3cd0d06ab3059a47b090971238d3c3f,kj01529.pdf
292288179cc4fda1ac3f28c9140a46ed3e181c48,combined.pdf
20ba71ccd2f787fa9d4df2389073cdd714d45210,combined.pdf
ee5b6a70c586b60448fd0fd73b000d47c77eacb2,50002054-1.pdf
e62b00fa994811b42addcb022e4fc11a89656576,combined.pdf
3e306adc3bfb40c077d4d8a078a4a100cbcacd13,combined.pdf
01582b9f267232b11dd668e3f3304af2df3ef5a7,combined.pdf
ac235cb91fb0341bb525127dbefeed2696dca9c2,combined.pdf
5a41b722f467d5d4d69a1f9a3891d1f7007f4c12,combined.pdf
4a0388af303cb42f8be36596da286d82e7f2f4e9,424 svr.pdf
5246b4a9c3374fc3a6cb21a3143aa531a1e8a3c2,combined.pdf
ea4b3b4a8a41a7b9ee7c66a7e7ec08ebe9355666,combined.pdf
d979ea1c93f789a537ea8a50a0c7bf4f522ca474,combined.pdf
d574aa402c3d725f8d41f74ee25188c7b5bf49d5,combined.pdf
8d1b763f3b7bba48d989bc43431d2789bf7d0308,GRAPHING.pdf
d0e1974a6aa35eaea2e7db840f9424d3c30c0c1e,combined.pdf
aada20de1ce76b5589e2a297fd2fe32fae98c2b0,E.T. GRAPHING TAKEN.pdf
9eebde90d410504464663d987e3a4ffff087756a,combined.pdf
e8c9c3adde1712f0ac458960151b0b3b1beaf800,combined.pdf
1c3f2648825f69fee0391a1d96bc9756d6ad1ab1,combined.pdf
e3e1e6e5902158d06c93a5e3511503b07143a339,combined.pdf
d8139166a21e69224e354ea8ab836eba305d726f,combined.pdf
651d0bf07ff8548a97bac74a795fa28dea9c038c,PARTICIPANT ACTIVITY SHEET.pdf
e70de692824a350fcdd6e82c4f80c70ddab7795d,combined.pdf
b0c57a3b2c8db1487c206928c89bb180cd92a33b,combined.pdf
79e10751c751d1918ce96c71324d0a3e98ad1666,Real Time Graphing.pdf
46f19d603b69c2e4fdca716b0f32e3b4bb6ea82e,combined.pdf
ed23b41c553495fd858cc2cd154716726b7e3907,combined.pdf
4cfb40529ceceb947523a2b57d7325c3d80840e3,combined.pdf
77b628f010e554f1b045a5a62dd78ec6174a4dfb,50002060.pdf
568e2782d774a5dce8a09662207df8533ad967ac,combined.pdf
a6e17fd6b2fd018d45fe406b1235a584d3af89c6,combined.pdf
da5d212b8c0167934baad97c3e53f4ce8a16ff5d,SKIL 50002054.pdf
13acbaddb308e521ec736ff6b0d0520fbfca25e0,combined.pdf
acfd90af65b9158c52adcf22b0fa2c661ee95f42,combined.pdf
3237e2164f4a9be611142db2ab9c975ce358efb2,combined.pdf
826da0bdb7dd0b40a2a45253953a5ac27b005061,combined.pdf
c560eed012fd5bbd2c0759c0b70ca2c8e674f070,combined.pdf
8e3ab15a2d64627d2901484fe2da60899eab1776,combined.pdf
a38a4d2dfc6266523932870ec0ff7846f4fff26d,Service Report_15-05-2024_240515-000299.pdf
09eff6f3835747740fe9d0db9a50dc34f5922bde,combined.pdf
f411e28f49ac21a63b4cf4e93558d96c348b9caa,combined.pdf
6c95cbd8c01e1dba67da55d2fef436079bd4ef92,Data logging 3.pdf
4bcc1a451fd1f6943fc0c96143df45404a91f0bf,electrical 9_compressed.pdf
e85ede902849dbfc33cb71f8212a448b1912e449,50002054 no 3 18-Mar-2020 12-52-56.pdf
48d4f8dd0d10147dce439e0d8946e4402b522682,combined.pdf
62cf414e6bf49ea4ddd63f8048ecfe423664bdd1,50002054WO3 Data Logging and Real Time graphing functions in CAT ET.pdf
ce6ceb34645c900e98dc3f63b33a698dec86466a,50002054.pdf
daf1e6512b0db07e5296121acf1dbfd393efeabf,combined.pdf
4f9853bf7de4ab20c1dfc832c60dc3949ce72c8d,combined.pdf
1878cb0c290472a2b0601b033e582f9e621bb7aa,vks122c19-20.pdf
54bf6c101fc8de4bdd13b2c6dc54dd1a0e52851a,50002054-3.pdf
e6d824a7ececf7c4682442ed08531784968b2f39,50002054-3.pdf
8ad858a74ab2861836f3b98d1029344a4eb966e6,combined.pdf
3a5052d288f1a666300a16d5333ce46efe72cb27,3.pdf
b18e0ab7c659c62ef6317bdb00d53ebc240015d5,graphing 3.pdf
1e236f5fb787f821e19a926eead71bc2eac7b4c8,50002054WO3-Data Logging and Real Time graphing functions in CAT ET.pdf
c6c130ce881f1cfcd68479b9658e72d1f3fdf625,combined.pdf
bfeea41503351475e03ebe8b1bce56f2600dfe54,combined.pdf
0704ae0d750f93644eec56f99fac9291e93db680,combined.pdf
3af4deb3bbe4602e238ed7e80b283db7e51b9d2b,combined.pdf
e5ce7c884677c34432e8e07c7b841493827591ff,combined.pdf
48d64a5d53ef535550869f3329df54d7fd3fdf50,50002060WO1.pdf
2d3e8024b26cfef9ef6ac63bf78cec36d6c78c91,combined.pdf
de150a1efed4dc6665a58d4d81305803d0b76b1a,combined.pdf
dd40cffaaf6a3f6ccf0891ee70df2882f2193deb,combined.pdf
f760dfd45cb1c7465128386aa658af72c17bbf67,VKP ECM REPL..pdf
5bb3fe202c1d91abbf1f08813940fee7ca768659,combined.pdf
940ef9024488a5a237fa12304fb03356f765bb03,combined.pdf
11cb26cc43d7645571a6dcd9bf731f3a0834ee6a,combined.pdf
43f74c30ba09ec860d11d4c68da966ca21a02656,combined.pdf
169a7d13d86714163280f43165522c3e9eeac61b,combined.pdf
aba07108c578481c21150b4ab9b67d943287837c,combined.pdf
0ba83147f00a0d129e14d836e419542dcfd8c964,50002060.pdf
86f2670e589e30d50e8cb5270bcfe064982fdeeb,combined.pdf
94c0d3f98aa161592c957f947106d55de40bfd2f,combined.pdf
fdba9499d4703c56062f04f34529b9056e489f54,combined.pdf
55f0a9f6c7f04907c538cbad09be699d8a7a906a,combined.pdf
34ce75f7d1273aa360cdf9ecd82f0c315aa91c16,combined.pdf
fdfb89a21e739c56755efa6c2199c087686b8780,combined.pdf
7cd7b28c80f30f6057fa5fda47e4611adf664fbb,combined.pdf
c65c4c1a3ca920c0bedf55407dbcdd4d6cfc5a68,combined.pdf
69f8baffc8bf739aca5ffa8f953f7c8e4a61f1ea,combined.pdf
8fec98ba8449dd9cb63738dde10331ef4ef4888e,combined.pdf
bb29e56fa6cb98b2fd7838511c5baa747e082e19,combined.pdf
48ab0c81295fa540f7e562f85d24d5690a933108,combined.pdf
7051112c4758bc0f1d92358a37e7d4514d9fbcb8,combined.pdf
2f9f61fd201b841bb77522bf89e768280f06a0a1,combined.pdf
9e30562fe90bc4bf10dd476a9b66df547d83e7cb,combined.pdf
b3c86833a5c6e9f5d947178aa65226d18e50f3d7,combined.pdf
64936249d3264dfc5b67b34dcbf5d0ec9b33fd65,combined.pdf
a5193b3724bb5a111a3e530742c949ca9848e659,combined.pdf
c408382f4eb0ed6e055ac01a20ccfe99b9cc51a2,50002060-01.pdf
0d99bd35f173044623eb3f2d4c78253fdb9c2eb1,combined.pdf
6d2eaacf736be45a939c06ee3acd057911a8eb03,scan0008.pdf
743be0a43bd90efb0e3eed71109ae377c74aafc4,combined.pdf
5daecdd3c8b07b5ea274bd1fffa8255c1f14f4a4,combined.pdf
8cde81d6fac510319c0efad1b272eb3119d63620,combined.pdf
f443bcde1ade8a1d3884bf2297f5d12a06da0c31,combined.pdf
f6c909164b9b4a337b3a8fda76f3cdf5c7d07321,combined.pdf
9a5979e2427705bc67dfe52aba4913e76d463209,combined.pdf
0305e335308470af711e92ee5d485de2d2b62e30,combined.pdf
56abdcdfc39fcd1b29424764891ecf12cbdeef8e,combined.pdf
31044a593ef1991121da5acd9f45799dd7773c2f,New Doc 50002060 1.pdf
7320f7c72db88e5db8817132b3fccd40fefb3650,combined.pdf
597a5b803b458bfdf46d139a6147b2d7ebe96015,combined.pdf
79ad6d65f7a90bb4128ceede13cb0a76276407b7,combined.pdf
afa535676789ce4ad8da7fe0fdad2e4cb71a5df2,combined.pdf
dec9e4e3196624b1e8a388694c725556ede8c944,combined.pdf
1bca2b1d3293ccb79bbd0ab01c63c3d9b331d18e,combined.pdf
545405ca76c8ba5238a226e7a3346997fb20437d,50002060.pdf
eb44b0d5efb2ea6142a6d3537fe3b016e0b83820,combined.pdf
c5b33dac12a8ab5fd8d9b6d3217d7841358b6fb7,combined.pdf
2086181920677aea251ff41c8717fb08c2aba23b,combined.pdf
26a3d4da493a3a0e1eb38f17abc7b2e123145241,50002060-1.pdf
8e8e6007ce649e33f2f2cbb92023e90287e33f6d,combined.pdf
0453d08cc452b60d30d65c3ff5d05dbb6ad3238b,combined.pdf
62b5546f88cda317a587f3445825556ea2d1fc30,combined.pdf
446445bacd2555743b5dfd5f0f88754054c65e3c,combined.pdf
820b69e1da10a1b0bb09f9a4ae2bc005a6dfbc91,combined.pdf
b16f6c3f23ee0736886cfd353dd6850ece17cea0,combined.pdf
07ec6ccbe2285855db9479aff1d0a8ec12efda9a,combined.pdf
e091822381fc5873d1075e38676873d43cbaa46a,combined.pdf
dd6700cec79429eca90bb47435e6f1c0c3c66c90,combined.pdf
7325e3f7f7bae60bd4b4517641ce550ee6143544,combined.pdf
3e19451588a0dcb933a76e83490c35da53b8b4b2,combined.pdf
b132a074118f4a82a63020ca52e939a7aa3636cc,combined.pdf
3f87df4d90b7b0b3753a798a9737c753201e6877,combined.pdf
cada2c0f3368b38dc6cb64a8d887599661991700,combined.pdf
36fc61c64488cdfac41050874d9f1e2aaa4d293d,combined.pdf
1aea4d5c004def43c7f8195582e0f3ecd89b4f62,combined.pdf
56059052c38a7d8551d762c0ea1e6eb9ec7f656e,combined.pdf
823fca239ed7ff0e180f88d5a506d96b7fc47e24,combined.pdf
4af0b3452d3a55922bd682b12168a65b01c09fde,combined.pdf
6c786bee0e924afdcd097ca324a47448a41743c2,combined.pdf
02cd0bc8946294ee1187ecd5fcac98235e8c9f7a,combined.pdf
25443cd2e03b6fce91d81bb271d391afe53132c8,ECM REPLACEMENT.pdf
5ad7d1a3958102cd744ad3add2ed5c63f23cb14f,combined.pdf
27651f37aa2044023af172981e808d513099c318,combined.pdf
519127e15c501457c59914f937df3a4f9ddf677f,combined.pdf
c41fb2d6d97195b0f156133f58609de3c2f6d1b7,50002060-1 BL81696.pdf
9bb6fcd92be990250db12190e2a43ae7d54c0e5d,ECM REPLACEMENT 1.pdf
042b66712a63c525cc7ef2ba9160190a53e38b7d,50002060-1.pdf
fc15de719efef2eb41d4beddeadfaee95cff88db,combined.pdf
f586847bdf98523c69a7305ef93c22badffa378a,combined.pdf
d16e2436fe52217f02c737bb7163b94ebf551514,combined.pdf
7ed0c53ba2684ffca8226a9b8e4b42c4d8a84ca2,50002060.pdf
0402894c7e1043bec7f779e1d91a528a1faa93e5,combined.pdf
1521a293ebe821157bba8e8bf1491f66e61cca6c,MK26108.pdf
44629c9044b921d0514b3228d20821e57dc95b92,combined.pdf
543ed93d6ebdea695cf32c129059db0dd6877ecc,combined.pdf
b483dc4572e19f48eb6a0ee8ad0d868eeaf81af1,combined.pdf
99ddeaf81dbab03775a9b652e88db647fd4f3bb5,combined.pdf
930be0c856e259ada81f552c4000770ec865aa31,combined.pdf
4f5f3234a0ef8699ef63980ebfe6631a8c0be833,combined.pdf
debf1d808e2a55b9fca6dd3b6d98ff1508cf5624,combined.pdf
41726d8c7ba5ae80221858937724d21991bf3326,combined.pdf
0547694bf81707dd684ce8ef090d9993f716d2fc,combined.pdf
f85fd79995f40e0a58b5c3b841b3a42d692d5f7b,combined.pdf
e15277c995d39a4b1752c61ebf6ca20b49aaee25,combined.pdf
42f33431d8afc0fe620935df7ca6b6086980feec,combined.pdf
9db7da801cc5dff258b1bb8e6923c6ac4b3b4760,combined.pdf
3918400783ef3e6e0bf8bb63ba77807273e0dcf1,combined.pdf
2c74ec7631d7ba2dadacd30939b0318da08c9147,combined.pdf
937d2abb88b57480db43e8de8049e5e3a8ddb0f3,50002060-1.pdf
e4d678d0904773a8825499113a55db7622f87582,Ele Ad10-compressed.pdf
5b9a0c9252d763f47ddbf0a6052416a691fbb160,combined.pdf
559f4392387b560b0cd6b9761da987a2968faa6d,combined.pdf
90c67542f9b0c91b6be6d834c44b02636d23c467,kj01706.pdf
4dc54e8482b0c81fc94164ba9c5c35fb1817784a,combined.pdf
620e3ef8882f1bb7a3342fca905eec09b5f2e8da,combined.pdf
ca28c229cc1fc9678df26e76ac9abfde59c5b352,combined.pdf
339d3ce824a0ecf4049a517b1a0994c7d0f105bd,combined.pdf
1f75c6a9291b121017a82809ee197d42dbd849a1,combined.pdf
fef029adef0c75ff6c2e6e66ad337eaf1f7516dc,combined.pdf
86ce3ff5e35997a5d90b038d793b31d0c2bac533,combined.pdf
08e6ba916b2e9e0c9900f8500e62a56ee5c16a5f,combined.pdf
7780e269bd2bffa6ac2a21e3ac6f2daac361a7a5,combined.pdf
8a9ac5ef5d2de7959598b16b25b9aacfa7efa6a1,combined.pdf
6fd78d653588b5f155c18c8425e0d570e87b32a0,combined.pdf
d53b3e4b6920104257930e81bc0b7b5bc104390c,50002060.pdf
3f6e02b25f20410b80de744e11ac87ec293864ac,Untitled.pdf
f1b7c0bf5e44058c874542ec0f58bc666b86ba87,combined.pdf
a9b3ee7be28b7321247684bf0d581be3b286b044,combined.pdf
dfeebc766acf6e939ff726e700ab2d26e6fb6fcc,combined.pdf
33347e8d686228df2ff2ccae5ab9e711dd07c112,combined.pdf
cede26cb2d7619a8d4bbc2aed87fc786e9984854,combined.pdf
a7e5e749151e4024ac6667e8bf1d6b2853b759ff,combined.pdf
89e6d8f373830b74b72f73c1dce12220e783fa08,combined.pdf
af4c2575ca93affcb8802625674299e5a474d008,combined.pdf
9e552c069b9211ac0219ba7b0c97e27804d84564,50002060.pdf
ef0cf19b853d1179c8598fbab32e13765debf052,combined.pdf
32d49d6d39cb816a52a0536446013d9907e9d47b,combined.pdf
37aec993c38c2ec6f99cc94a3669e7d471212be5,combined.pdf
ab22d144c7424e0c8c2d620de7b1c4fb5b1435c7,combined.pdf
cd81943f8f4b94a07876e86005ffd0e5db98fcfe,combined.pdf
9d2dfd54a2116b1115f948aac06637e606eabbab,combined.pdf
92481f8fa83776308583fa903a0a2bfb514258dc,combined.pdf
b3ad95947654c47da4a2346e6f89244f61cd4815,combined.pdf
41912533b65ddc9e4031d5d26f94670f2ab96db2,combined.pdf
ab1e8c51773564b3bdd04491a5c7b7ebc82a95f7,combined.pdf
b3f73ec9506ba61622263d1a286ee0fca8497a3e,combined.pdf
ca6856870a8a037b37540591bcbd2706d4d9565a,0350_001.pdf
33287128e48597f68fb54fabe72db5dcaa5b5a5f,combined.pdf
d7f3e58759ae42cd4d3239a492d7a246ece787de,CI73949.pdf
294784bb6e05e6ca03bf0bf7c995fb185a72e4af,combined.pdf
22dc7a0cc87483fe1dd52e3a0a448b2bd2df6fc2,SHEET1.pdf
f42a76cdde8355671b698f022504ce080600731d,combined.pdf
fb02adc12c823c53727974ac84946c5919397df3,combined.pdf
5bd017233c46c183d4f90a9f13c8cf062f51b1ea,complete.pdf
672b5a51645589efb08b12238d08e59470ac1f11,combined.pdf
df8bb9e005f99080b5ce6aa5a18116c8a189d42d,JTY00368.pdf
53a2438dc3c2da403bf8efc02b3956e35d3b6d16,combined.pdf
685fd3b1210b8e457ff3e5d00e2f543275c4766c,combined.pdf
0fd97a4166ef28fab856233e602e3fd6fba5745e,combined.pdf
500ba000430c43576955af7a778b98c2f23f32d1,Adobe Scan 10 May 2024 (2).pdf
557e6c10755ad7a1091a4a4a9fa8cd4e424745a2,combined.pdf
e4e4637ee92e0f2f92684d1c9b12e74ad4904bb8,combined.pdf
1e084e9ee820cfdfeca1bbd9555dd31728d580b0,combined.pdf
c39d67f80923cd7ed58ff7ceecb23a3e90f21203,ECM replacement and flashing procedure using CAT ET.pdf
bffb8bcb27df8248c2a4b4989f345ac9f52f4e40,combined.pdf
c78460462d9781609fc11e923d76320996a6095a,combined.pdf
beb399dc5a3979ec6f398cabb74073f753d2fd27,combined.pdf
90ab7f26cb37438d6938c138d3b7b53790c5cd58,50002060WO1.pdf
e12cfa5eb1cf1ffa1e9e98c98539158ac8e6c88c,combined.pdf
4ded36c0994a74c4bcaace5218e4bfa0980f4c58,WO50002060 - 1.pdf
79c403585ce9e1d34d48ae90db84400f5c57734b,combined.pdf
0bc9642f74bcbaa70b678e29523e3627f96d212e,flash file updation.pdf
199602b0ed798b36a751b01c4f87df670a785b26,combined.pdf
5044ef87e15a2dac8183aab0501d960dbbf15a1c,NW33116.pdf
af1d7c3abbb90a5ceefd2fe3409bd308412b77dd,combined.pdf
a964765e8fb0fff3f7c8cbd88ff2d901c1c221c8,combined.pdf
2535daaf37c8cc6514ab9325c0c20864471308af,Service Report_11-01-2024_240110-000346.pdf
9e34ccd4dfd7594000f7f1d8e663c897fbb43ab0,50002060-1.pdf
439c75c878a6c29742cd58009e9006f8ec73033b,combined.pdf
1002fd865a83edf9fd227f422390f1ed42d1897f,combined.pdf
f7ca441eb617a7280167dca95419208628fee071,50002060-min.pdf
a7d1956e85ea65553c0853c465c50cb08c460a6d,combined.pdf
70b1950db79b4645c9882ed49b0601d65b211575,EXM Replacement 1.pdf
0a9d3ae0b45090b17e2aa5723344b5e7944ee05a,electrical 10_compressed.pdf
e98ed041ff2bd780f156cfe8e43f4b9d63b0ff69,50002060 18-Mar-2020 12-46-30.pdf
d396021e5b4da2a345e42ff0dbf53bf07edd7063,combined.pdf
ad6b34e1f2677438a2e4b34c19d04bee21dd831b,ECM.pdf
0e810b52e6df4e2f0c2689c151ae64c7a32b2573,combined.pdf
e81bcf8abd04ebe4676a082bde4b8840472756e9,50002060(1).pdf
c48d43fe2ab16b7ab3d6db0eff339c2283ed5a17,50002060WO1 ECM replacement and flashing procedure using CAT ET.pdf
73f963a90b7f6140d8d9eb03e6bbb32b061d90ce,50002060.pdf
9bca9eaad2ea60cc187cfe5b2692c7498150e7f5,combined.pdf
9ea0c1662dfd7cc8cbd473abe5e8fa527da96dcc,combined.pdf
66095e7f54f3f2a1752f4fdbf9a4208c2d7ecf2a,combined.pdf
e6d9eef599dd3d3c3daf14f65b3e3941581cdc46,TapScanner 09-06-2022-15꞉56.pdf
ebd81b613bcdecd6eb3be621c062472d6abf411d,vks12319-20.pdf
938ed7845a5529490008527c9d0ff7195e6c850f,50002060WO1.pdf
b4d12a4c73181f34ff952cba6f7cb490c4abb1fb,E9600231 ECM .pdf
4e7cd6375547c1b33c376d7c2743d9725abd51dc,50002060-1.pdf
f0702d9fa1f7bb776790049c881458640a0fac66,50002060.pdf
c33b007b4c4301e429e218a01261f2466328b27b,Ecm Replaced- Flashing.pdf
c7ce83500c2ace38891b237137e2d028ee3c4ad7,combined.pdf
bd47671667cf0e7cf193c9baaad4323e845d93c9,50002060 WORK SHEET.pdf
49ccea6708d8b321fad5c8727d33c6a98e8dd26f,50002060 1.pdf
25312ed0d9c3d35518fd2353ead3917db3d01888,50002060 work sheet.pdf
86a0b21fc3aa1840af3d4bda64491ccb383d15fe,"Adobe Scan Aug 24, 2023 (1) (1).pdf"
deb4fcae82f9a222da3827cbd3ed230c33851878,ecm1.pdf
5f4fb1f0db71be711553d773ba13490b194cdec7,50002060.pdf
aab852c14225c779a69d7c8f4a8ccc2dad4c1514,flashing ele 1.pdf
5825d7a1ad4dc97398f6c83cbede2372a46db530,50002060WO1-ECM replacement and flashing procedure using CAT ET.pdf
b3b98aef64dc2fd9f25b2318ef4c361014776309,combined.pdf
6b1e1cc740697915c247f37cea50d5cfd1b656d7,combined.pdf
89d6d396e065d6999f48cc8da353ecfeaabf8280,50002060WO2.pdf
d0fb46e9a4787ce1c0d04b32d09075e1b32d2dac,combined.pdf
f2f3136c2a50982547a4724a332e90633d12e68d,combined.pdf
75066341918924fd9d1d12bc01ddf91f1f4b1229,combined.pdf
54f0c286eb876d428355f93c7c6c4244d327c450,combined.pdf
58aa91bc25abdfa838e662cea0ba0fa27fd98b0b,combined.pdf
9e4983f6cd7f16c008dd5b1e54071d3a3b5312e3,combined.pdf
0059ddc5e60f129e03f8f76d5909cc4dd20c90ee,combined.pdf
5651c6d9464051eb1ad48e99190b3b807044d220,combined.pdf
568f3b1b1b548b2936a7b3200306d9078e398f6c,combined.pdf
2a1c9094066ea979adf77672ac0bfd0c59205161,ECM REPLACE .pdf
cefb88b3ca20fa34376679eb21dd95d24dd55e5d,50002060-02.pdf
45b2aabffc0879645e78b9ef6677a8cc2cb9603d,ECM.pdf
2fa914bbbbbf3aa1d7e10c1ac861052362ab23ad,combined.pdf
1996c0b99a267e74bd5acb829c24b6124841dd27,combined.pdf
084cc445277b0f8d94c38913db83d2ee84ffcfe8,combined.pdf
3998b60f3be156d16935db3d5624f14745bafa1b,New Doc 50002060 2.pdf
14407f3ea30e2202ace1d603a20e2cc9057dc801,combined.pdf
68d5dd48436202b0a333557f939f950a8deb082f,combined.pdf
3579c7996b3a9cae01614a680ec94326efe31b97,combined.pdf
2b6dbf128fd2b1d4d64c1258bb6ce0f1a6553d48,combined.pdf
03562b7cfe9a20f48d690e333e2c5866632c801a,combined.pdf
af669ca6e6f305f8ee17b49759c983c1dafb9362,combined.pdf
649070594b3f6a5c0159921a3093ec9a69a274fb,50002060.pdf
4aa92d9018f3407f5ddeec2b09febaaae94b1dfd,combined.pdf
ca6c418b7a41c35721116a0ba2ff0883bd7e5128,combined.pdf
409cc76591e85bd0efcfefcb67acacc17c9e413e,combined.pdf
087a2db8250c06a8dd06c0bcfd719a070ec8882f,combined.pdf
2a06a409026a3c3d0bd66bf66a3216114f913fef,combined.pdf
c8cd3135d9e8fabc4964ec5edfb5b5e56e3b3b23,combined.pdf
30c828d3de4333b1ce424ec973e8bc1560261d7b,combined.pdf
a671c4e8e18307c2afd3026080c3c72add3ca0bd,combined.pdf
1ea7b64f9d11dd4f714db7ca866afa6bb90d1800,combined.pdf
941fc0d93177e831b51f4dd58d21d32099c8c5ad,combined.pdf
9c5dbd2f1d22aa937fe31adc28598150637f3fc3,combined.pdf
877c95bd834450bc7690ef6a84b2e64339d5b449,New Doc 2024-07-10 13.00.00.pdf
0ff15070a64b0e4ce7b3680281b8264ee1df6802,combined.pdf
452a1991e55c259b582fa89e5b98e80b4dc749a8,combined.pdf
c20647338604d70027f475a09eada5107ba56082,50002060-2 BL81699.pdf
bedc863441f7b5c1cf80d21ece2170bba3d4e09a,ECM REPLACEMENT2.pdf
a575628f7dc5a9bd7aec480c6f596a04de089f7c,50002060-2.pdf
4b6da0395bf4a0b7175656701c2576d3cb1d73d8,combined.pdf
4facfd8e2b15e51dc2c06c4344fb3eecc2f0540e,no50002060.pdf
2593a0e1105075278e1edab09474a6c3bc12f155,combined.pdf
d0f23eda7a46f7d55aa82b7e0b5ae59878397069,MK26109.pdf
ae75498ee729085795c56a44641004984e647b80,combined.pdf
07bf72a4fb6b79617449d2e37307d7ae3181d0fe,combined.pdf
436d64e2dab54b408eaaa5f0b8b0d4dcc8382a86,combined.pdf
65fff93f25491e01e05a364cb7c1cfb2491dd34c,combined.pdf
8522781a42211b178be448d6489aea02042e1f69,50002060-2.pdf
96ea3711f1ddbd17a4c8ea6b32e740e9ec9c7ff1,Ele Ad11-compressed.pdf
a431a1679ed3b8fbd9cac372b185d71203cabd34,combined.pdf
fe3102e44f4e93375f05963db6f05b3a09536e73,kj01651.pdf
0b6488a7c62ff7a2abe1205b2748c3881d707b0b,combined.pdf
6e193f7d72107d2b84a143c6d40f8019705cac4d,combined.pdf
ea6f05dbb50fe248edfe7b4507bb65deac61e30d,combined.pdf
88fe658ac649cbadf74142d0d03d56be98e890b5,combined.pdf
cdcb7bba760ebeef8bb676a928045784feef49a3,combined.pdf
977090654479f295236213922cfb92ec136809a7,50002060WO2.pdf
1c45bbe69171b682921546760a0dfe0b152d02c7,50002060 (4).pdf
beb0f5e2322eb383a087c0e0b12515c785ede9e2,combined.pdf
d412c46f470e8a53855d68d6b4734d494d79db4c,combined.pdf
227696239c871ee72d479e29b72367440710abfc,50002060 (1).pdf
a8a7cf1a286e0c4a6f2728d5e1a707504a070d46,ECM replacement and flashing procedure using CAT ET.pdf
a4b37d71d7c701d20df8a1e7b59304fd262f6b27,combined.pdf
d5ebecf7b71f751fa8d2bac047b75189fca005de,combined.pdf
3dc3ab2000a07d71b615594275c7ac42e314d19b,0351_001.pdf
70ea6e64dbd08c418c64b16c27e6109e1c5e12ce,CE23812.pdf
2518c65856b7bc1b4ab18d17b3027bc0385f2928,combined.pdf
d4c20e24c67b06b053fdcdf35d0f3e3ffb9f42f4,ECM Fitment Report.pdf
bbaa7a84840eee7b7cb3905a875dd13215c786cf,combined.pdf
a3202af3c77d29a47709067cca2dd9868f8dc032,Adobe Scan 10 May 2024 (1).pdf
a2868c9fad77991840ff00f2f40170263df80d4b,PIRAMAL JJJJ0001.pdf
cea3326c2c669eee7794ef46f278980c8c8c531b,combined.pdf
7f02e097a60a46618f88f338c3fd72035f2818a4,NW33144.pdf
fcd5cb66b18e2e12421f82718a4e6b8e1402e256,ECM Replacement and flashing procedure.pdf
9238656fc01fb6a0d4f9cab8d333e992838d8e7d,50002060-2.pdf
440027f87eb0f654daad8d44d59f4402596547e4,ECM Replacement 2.pdf
4bd373c21975e62889a843fee0024383d89403d7,electrical 11_compressed.pdf
4de734a648153343b2c4c25de79907d068846662,50002060 20-Mar-2020 13-25-51.pdf
d529ce026e500b3e4f38984f883d1e39fb9167d5,50002060.pdf
8a3820c1d7f66b3e1cd9229b7be1969e6b3d7a96,50002060WO2 ECM replacement and flashing procedure using CAT ET.pdf
4fb7ba54d174074624627fef107628020caf14b0,ecm replace.pdf
709d51b305dff1a92c2b625b7d672e98ee5624f4,combined.pdf
b1ccb70a67c2f1fb9fc460473e18a61ca5fc92ec,vks123b19-20.pdf
1a75b2006f8f07a26f896a7c2c1a214004c8b3ad,50002060-2.pdf
7f0c8f204d5dffacc3f26443db13c47fd0c2d345,50002060-2.pdf
1107074232d7e3e67173a93435959b848725972a,combined.pdf
fed8feefa1532cc66427e83cd6784dfdbef96a43,scan0003.pdf
ca546eb1d0bc4550abc9f86ce7918c8940434f2c,50002060 2.pdf
ea33cee505dce54b527c4b731d9b779aeaae6fa5,DOC-20230825-WA0008..pdf
7cebbfeb9a3ae10d224bf35f3c1d81d4bbf5a62b,ecm2.pdf
9ff4b1abfcb034093d85185e1d9eab30537529e3,ele flash 2.pdf
7ace7c3d31fd1a8bc8a51fec39df6742375e2ded,50002060WO2-ECM replacement and flashing procedure using CAT ET.pdf
cfbd87d8d6301209419d59df1d866656eb50b836,50002049WO1.pdf
f0d75c72c0f57dfd1bd611eb8544458911e32fca,SENSOR.pdf
f1a21de4e22597c43d14f5745cd0f1c4d5b5185e,50002049.pdf
d730db78521c20719a3c5ce099d25b9bdc79f192,50002049.pdf
dbf915396de1abcf08ec0ea2c321075e730d4873,50002049-01
140fa8e1dbe1837312a2833451ec543dbfd34ab8,50002049 Skill definition.pdf
b4f8681314b5b2ba336b81ffe1bfd484ba2dbad6,50002049.pdf
174335ec25e209b12b787f50651e66f55a4735e7,50002049.pdf
88c54e35f8bdd31d0fc7643cf7903fdf5cfc39fd,analog 3.pdf
2c3df89cd2533baf16c8e406ee71373625ae616d,50002049-1 BL42057.pdf
cc61042ee0492d0ad91bf26a74f7e2591fb7c555,ANALOG SENSOR1.pdf
af41ea5cae6f6ae9f23e9f242787f2eb5c7ceefb,50002049-1.pdf
1cb88b56afd6094d63bfced671aa47700fcb2a1a,50002049.pdf
a94c7b24b5f3c631daef0886a573b057407a2164,WO#KM65185.pdf
a7606e9fac37d355e8f4b8e815ff290d234a8c5b,50002049.pdf
9b7b2990152327dfe01951963510ba1c7c1e1dd1,50002049-1.pdf
52c5f386c4e8fbfc1643ae8e21e8ef7342aaeb38,Ele Ad12-compressed.pdf
5c2d61c7c85ec8c58ed8c8c5c685b771aa4bbb1e,kj00950 analog.pdf
cd8bceaf4b6efd105fbf61e5a4ddbfba031b59eb,50002049.pdf
aaade4f63580d480da5f8234d0c44955e72b5030,50002049.pdf
d032365604d93eb9afd4a7dd72c366f4e63f9503,50002049.pdf
c750e545cf8188995dd9f6f1e2475dc9daa1295e,YBK00161.pdf
7410ea7fe10542a1d6f436a5f8f2b0798a541da1,50002049.pdf
b62dcf8bcc88bd1e363616cb2123dbcae75360e7,50002049.pdf
35c9c28f62b09dfd3ebf6ef3ef856d79dc73b74e,Analog Sensor Test Report.pdf
43b8d0cdbfacd26f4e44f74b75f823b0c4496ed8,CE36751.pdf
15609348ea0120be95dd00d04f4ad786edecd580,COMPLETE.pdf
2cbbf067c53bf0238917e166fd129547d8a5046d,50002049.pdf
ad3b788510266607e6442dc771f55c5e95474e01,JJ400288.pdf
f5a5c51147018694f5b757054bed8f876822683a,Adobe Scan 10 May 2024.pdf
1da05d1cb2fa672812c1df4770218ea0921c1bf8,Analog sensor test.pdf
46b6c199028c64ba25a1d169fdedf375fa73fe77,50002049.pdf
8188756baad2295cd4f7fcee0032cb95bbd00b71,50002049WO1.pdf
7bdcc43bf6fd4e4ac13e207ff72545b773bb4471,WO50002049-1.pdf
6f6c5c21248958339add493445f43b15c6ff3c49,sensors-999.pdf
58f0eb561cac0568d8561ca5044e8249f8fbacb1,NW33109.pdf
ff1dd550e61797c9084f28380bb955c6617bc237,50002049-1.pdf
41c11340e71fd739b7b52bbfeff9076b953f6691,SCAN-10-L2.pdf
6ce39ce072409bca6a5938aba613ae4caf8cb6b7,Analog sensor 1.pdf
9f08c6e60d29c072629f61bfee77fb30600e36de,electrical 12_compressed.pdf
44a836a33e425a36d7ceae7c82fc2911c42a12b6,50002049 20-Mar-2020 13-09-41.pdf
c5dcb1262be1aabb977dc51a7d7dddf167de7f54,ANALOG.pdf
2d00933ee63073e11d6892cc9efa63d10b1c419b,50002049WO1 Analog sensor test.pdf
5eae27417f5d7eff6233bab10b4d2d83119d1050,50002049-1.pdf
603a4aabe69e7ee665fa15edf6774724282cfa27,analog sensor.pdf
0e8f52ac30b98865a4c7834ab0f0fb7f190c3d81,vks124 19-20.pdf
95622d320e443595fde03514acce6936fe12c710,50002049WO1.pdf
61b20cc89c0f485e3a3d47719d1f550673465ddc,Analog  Digital sensor test.pdf
da969da2dfa130fb99710982ca6f648c46f2e205,EMM00203 Sensor .pdf
e21a9cb69177cae75bd6e844d7572a9afd278a6d,50002049-1.pdf
bbf5229077dcedb809f0724e0117461c1b6a0fb9,50002049.pdf
0fe5704039b387cee6d96283b96b8599252369d6,Analog sensor (3).pdf
46fe77cf51a033c9bea38a5ef96d26f40b878869,50002049 WORK SHEET.pdf
e41d15e84e3425cc137d6d231fbb15a22e0b186d,50002049 1.pdf
b0d2ea68c2007650c01b00785f2f677fd4e2b4ab,50002049 work sheet.pdf
7925ea3b7413351366c5838f1f900948169380a1,"Adobe Scan Aug 24, 2023 (9).pdf"
b2aaa7bba14f7886aebadfcf6ed1b11e4e65c2b8,2049-1.pdf
3cd69a735100481e434f58bd048dee1cdc3bb2f3,50002049.pdf
c8a980ed4203743ee7ae01e8ef8a582b21c591c7,analog test 1.pdf
2a8fbaf701847034e90fb40047dfb173a5d12372,50002049WO1-Analog sensor test.pdf
e68767843c6c09a77f6605da6dbc2143195a250e,50002049WO2.pdf
f119b94c4bb10ca05069aba9fbd1f894ee76bd4b,50002049-02.pdf
821ab8a2737655f95c64811915caa5f0e431804b,50002049-02
51e1dc71312672a255704768bf01b51180cfd7f0,VCT SKILL 50002049.pdf
9c6d98e3e97be5e7e0264667a34a2d690eb406aa,New Doc 50002049-2.pdf
0ae39eb580a1f4fc203cb47fea069cf276be2989,analog sensor 2.pdf
a4bc261695b135daa0b4948ff50218a3581e8f06,50002049-02.pdf
08fd3e7c48174ef3ff30480ff80f921bea5dfc12,New Doc 2024-07-11 11.05.25.pdf
87fadf02d9c7f1b7f5b5ab78fd940843b2698beb,50002049-2 BL73218.pdf
fe7e64e5bafeb96a540f5c684c2b8eefbe849d77,ANALOG SENSOR 2.pdf
b0d661037466dfbef1d5f85ec74b4477543d5e15,50002049-2.pdf
c2aa1b11dd1912732e8ab5742845818928adc861,no50002049
47f92273e571eb13f63eaf9badb6816fed4d009d,50002049-2.pdf
15e04d36073547a396ef44cf68713d969b17d478,Ele Ad13-compressed.pdf
8314768bda5285bdab0209815795be340ac6b338,kj01032 analog.pdf
f2e3297bf2157a166e703d5a2850aa679757b3b4,50002049-1.pdf
1cbbb564f0e1b11f3ca8daf844047059b9e2c086,50002049.pdf
fc7ecdfa87c7e4471d0e2838af030638e673fe6c,50002049.pdf
f4ae2da28fa625f0b5ec9e5882917cad3c2e83c8,ANALOG SENSOR.pdf
74e765bffebad9cb480942e36698e5293bd634c5,50002049 1.pdf
a4c73e7912b6672227f37c14c027a78b8bfec730,ANALOG SENSOR TESTING.pdf
6a457624a4f70620648f2a45a6935073be087d29,Perform test analog sensor2.pdf
b5789b6bbb6fe37961c8be5f9cd4270ebcfec03f,complete.pdf
00cce3d34c3e2b3c5d91e074cf33fe4f263c6ae9,KEYA INFRACON.pdf
2155ed1c8da7227c3870aecbfa282717b9562314,Adobe Scan 10 May 2024 (1).pdf
30acddf90772ea3f61be4a326ae60cc811805663,Analog sensor test.pdf
297950e1928548abca31dc48d59b86a43cc03c90,sensors-1098.pdf
9a61183e06c4c30b43d82d85cd861be8045fe477,Service Report_02-07-2024_240702-000065.pdf
da38ee5247a117e1553733a1816e654522f2f0c6,50002049-2.pdf
754cc336e7993c6c0849ed4031646f20e5a0111c,Analog sensor 2.pdf
47a5a2b6f987faa2b87f79e65382ba9530824838,electrical 13_compressed.pdf
6af02dd04385be0437e6101d256125c2f6b676b8,50002049 no 2 20-Mar-2020 13-14-22.pdf
0bc44e40229ee54299c18aac3cee2652ab6ec495,ANLOG 3.pdf
3155c90c45ca66912575656e7b874ce8a8e2fcc9,50002049WO2 Analog sensor test.pdf
4187556614d357910d1ad909f11886b786a375b1,50002049-2.pdf
eb72de0171db16511d694f5110a9c36e03d67154,vks124b19-20.pdf
fd90b1153e50f62e8bc91bb74a53c7534cedf3ab,Analog  Digital sensor test.pdf
e5b129653f3ad9f4ad901230364ba46100fc1a10,50002049-2.pdf
44744700d1399ba2a9ecdcc1210d1a509331b5d9,50002049 (1).pdf
a840831ce7ad09f69196a5930754f36900ff1b55,5002049 2.pdf
eb514f05d453e6ed1652a2eb428044cfb921c5ce,2049-2.pdf
c4372a535ee30d7e0bdbf0865d2997eb88457f23,analog sensor test 2.pdf
f9c721e6f3abb3633e8d373cf41bd72f00fda4f4,50002049WO3.pdf
4d3f21587c8caa522f03cf49cc33a501dca0c25e,50002049-03.pdf
ffc8104882ea0503912fab8cb53724546ae6dcad,50002049-03
40068b2c0f6c45f165833d0c59f36e749f9c810a,New Doc 50002049-3.pdf
1d5907ae5600ac54a9dd9e3a87639d3f5d125537,analog sensor 1.pdf
612a70d8abc3b458184b8f6b4a680e3a0c0bb890,50002049-03.pdf
39b61af9a70e04f2743610a7b9d7f9956a932587,50002049.pdf
a376563d5b99e76a90f1511c7af6353bf4cc9faf,analog 1.pdf
d708062e9dbb4e6f9d2df283aa48d134d0df1e0e,50002049-3 BL77755.pdf
47dfead0b6dcc23b222adcdf67f29997136906a9,ANALOG SENSOR 3.pdf
93eca82f1ad6d4cc901fbdc0001ede1f0b915ed9,50002049-3.pdf
c37c4b01bd5424b9c754b08bf89330bd09517539,no50002049a
f95a850904a1ff945e28ba1d80b5a54355636e5a,WO#KM65183.pdf
129d16c640fc82c5d564780792cc7a364d97b30f,50002049-3.pdf
d54afaf52d589dc6a5919915c5536ba5beebeb1a,Ele Ad14-compressed.pdf
639d44058ef32c0124bcf44830ac7d22bbcf5ebd,kj01134 analog.pdf
6b5ddfc39474db6f6f586e280cb3a54d71ab8df4,50002049-2.pdf
6beb220c033eda4b925ef2eceea05b0f88343aad,50002049 (2).pdf
0a0800dd26cd31e2016ece60cc4e02eed83c8d22,ANALOG SENSOR.pdf
bea51c236416ffc0be9e28a5748533c4480d1f1f,50002049.pdf
bc8e012d712c1dbeeb9c83053b50deffd9e07ec3,Analog sensor test.pdf
1f9fefe4a94ac54a4075ed3716abd82a3d2f1b9f,Perform test analog sesnor.pdf
35be5439a5bbd0b2dc27a29cfee58301ccb6d539,CE11143.pdf
a005282a0e65a9806b2b55373c7ba8060c4ebd46,50002049 (2).pdf
c4e887213902920f7dd95e5ddd96f9388d2fb659,ECM Failure Report.pdf
ca273ba8e998c2a9c2ded75af5596b7c98c0c49f,Adobe Scan 10 May 2024 (4).pdf
53081dcddcbe4d74c353960a8d76283f3a2e27d8,Analog sensor test.pdf
c2accd1d05ef5688b5b9acc77483fffe045d5311,analog sensor test.pdf
07b8aac7f60e612684a3002b0c8f11194c94a201,Analog sensor 3.pdf
742755f6ed87a94187c2237adc28061efc3ceae6,electrical 14_compressed.pdf
57c3d78e2e80df3416e801d0623ccc6d47b5d058,50002049 no 3 20-Mar-2020 13-15-57.pdf
10cdb7d1b4f9df2ea6de6421ebc472c6209519b6,ANLOG 2.pdf
0c1f84ca362fb4556dd036071ca91f0817e2f277,50002049WO3 Analog sensor test.pdf
194ea63c9180673d70094fb240ec0972f68bb4ca,50002049.pdf
23f34ec9f2e92dc99449d402aa1a225d4b147c7a,vks124c19-20.pdf
29d09bf9863c4bace983732f8b7cee823208e2c9,50002049-3.pdf
fa99a6a4099bb9eb4ba7ba809d6155ab5c4ed85a,50002049-2.pdf
82ddd74efbd82d1174bb2622ec56f6d87267f48f,50002049 3.pdf
a7651d5b410794bdd6735a552b63cfb6b7acd021,2049-3.pdf
81222fd109eb4292f54753de2f7ea7af238f8de4,analog sensor.pdf
9d31b352fcea1d729a8bfa46b4fc963c863fa321,50002050WO1.pdf
b139b4ad3a7cdc00a24b3248ed25b1c863b461d3,VKP A.SENSOR.pdf
da7b995fafcc83ac4baa40736179cad177ba87d3,50002050.pdf
6ba0390a435be2cfafaa004e1c20ca8c397985b7,50002050-01.pdf
1f68ecced9a2b9ca5cab86acf840c33df88f33ee,skill 50002050.pdf
3b0e840df91639a2c541f9853c78eb9e2e22fcd3,50002050 Skill definition.pdf
f60902a5a3be960b3201f0be29882e44a120172b,50002050-02.pdf
353a1c232c04b8691324c23711e69fb14e821b4e,50002050.pdf
1ff4f413ee42b155848d71784d18a5d15e8c2d72,digital.pdf
9465750b61f0a02aa5e78e550e407f8a92773793,50002050-1 BL42057.pdf
cfd4fa57598754fb763565b4db28507898bd9abe,DIGITAL SENSOR 1.pdf
5515458e00ea3c3a55d96d31983ad887d7a0d635,50002050-1.pdf
03f23a45d02954d9d585b882fdb3aa29caecd762,no50002050.pdf
fe22376e65eef1bfed21caf7e13ec28bf030ed1f,WO#KM65184.pdf
fe324a24b4089f46d4df9d1507846e542b4ba901,50002050.pdf
b758f9883bf1e3baaae963bf3fc92d8ad79ba685,PA65178.pdf
efaf288162cc9539174ecd33f683e486472f794e,50002050-1.pdf
94a012665e91d06b759459d1056e1c402ee1ff13,Ele Ad15-compressed.pdf
b5ea9ef7e91652b470e9855653906a6db56e6e25,kj01034 digital.pdf
702df8f1f3f0eee19dd70344e1eb5499a5bc8524,50002050.pdf
88f77838fbdb85430aff18af0d44acfd9eacf0c2,50002050.pdf
926f2c2decdddeba1738ecfbc518f7be0289e38c,240808-000183.pdf
358731c6ea5997e7c7296801e4c61ac3be779486,50002050.pdf
8bc96cba31f355343d5816b717a02be076f2ea50,Digital sensor 1.pdf
d764b2d950e9ab8d99eb1f9103326e6e79d21574,New Doc 2019-07-24 18.00.23.pdf
841a1e67f29d7323d456e48bed939f0f31355459,COMPLETE.pdf
1d74e08c0a90a0b0ad9558f8166c807dbdb16c10,JTY00503.pdf
54211c4923cfbcd01954bdc9282284df9ce3e3bc,Adobe Scan 10 May 2024 (2).pdf
68e02610a790fde404f085249e9e7571f4bdf61a,Digital sensor test.pdf
89e0274859cf51c32ec793dfb093e46ce759ad05,50002050.pdf
fd3f2e3911128093243eb84af410e34b99108687,50002050WO1.pdf
af20bb14c8b05474c75492f9f07afe15f9c3e204,WO50002050-1.pdf
f0aae011a038b5f601a230f05c5e9d90d335c224,NW33117.pdf
f71b0aa73a91d57332325b8622bdedb566f42d7b,50002050-1.pdf
1cfaba526722e708c26add65d96f1b292f43df48,SCAN-8-L2.pdf
17c49e26effcf588d7d53abf7dc888e09c436d38,Digital sensor 1.pdf
1b978f4a74e75eff48637d430346e2299f8747fe,electrical 15_compressed.pdf
670cb5d96c8c4778f6e069b0e2c9d79972f0f564,50002050 20-Mar-2020 13-17-40.pdf
ee3bbf1a052ad9e155325c583d6cffa3accd810f,50002050WO1 Digital sensor test.pdf
4c246a154dc6eb5883d01da8f726e350de827795,50002050.pdf
9124e5ce7ba57bc905600a0f022dbd2709c478b3,digital sensor (1).pdf
80cd0ca47d9f7f19cc125dea1f428a67428f52f4,vks125 19-20.pdf
98e9a0adc997c7f22df54f19614e4ffb0ad5800b,50002050WO1.pdf
e15cf8c83e23b881b6fe84e3e8b65ccb5f793f62,SSS00499 Sensor .pdf
453909bac9ef08d413930297806350365d532a95,50002050-1.pdf
deae9713a2e76a2d2fc57548a0870e08656cb1c2,50002050.pdf
b47d1b93ccfd00981a1310350850a21b8386030f,Digital Sensor Test.pdf
bfe4eeae4551302d5213342940edaa6b940cdc1a,50002050 WORK SHEET.pdf
e45383dc8cc3b6602d2bbccaf4210e525a3dff64,50002050 a.pdf
84f5b73ebfaa4a0fbedc9c82ece0d99c141dddc6,50002050 work sheet.pdf
f7a11cf8ec1263998994d443eec220318b7124c1,1.pdf
88bfa9b3a7e267e7a55be50f7c469e3d6f24b0e7,50002050.pdf
8a124ced3ddea0a91acaf1e168bf296b88931d4b,digital sensor 3.pdf
bfc14336c2d4dd50f3d5aa603c988041debd6648,50002050WO1-Digital sensor test.pdf
fbd72ffb11db70d15c6aeea87da46e20af502549,50002050WO2.pdf
4212a488fd5353d095fa1073e5546c7d9236ebfe,50002050-02.pdf
9308034873e2780b70432bb14a278633dfcbff04,4582_001.pdf
6197a98daef0ececd07a91d4f0fe22d173d9add4,50002050-02.pdf
9bc5455946fa4e3da6b269ec22651dea2ced947f,New Doc 2019-07-23 08.42.04 50002050-1.pdf
ebbd60ab292b6cfc6068021cc962076a0c7407a8,digital sensor1.pdf
f26a81088804caeba2ae20202532902a8d67de52,50002050-01.pdf
c7f1f661eed177266400d8b4ec4e16837f58e7ae,120544.pdf
7cadec5a15e18b2c7785056412f16221317e9cfb,50002050-2 BL73218.pdf
4f8d1b3f4592aca381f6994866f9fadedce7aa04,DIGITAL SENSOR 2.pdf
9bf9967ba2cb1b2b797f3edcd90f19ab8936484a,50002050-2.pdf
b77e4a20d03c18b2c35a19588e1995049d7742a1,no50002050A.pdf
6003c4149d8b7e07286032bbf7a6ad1320744cee,50002050-2.pdf
0b88c1230fdc2cecc619ef23a977a0618a82cf9b,kj01049 digital.pdf
9aaab1a503830610b51a10ce271d5596d5395ea7,50002050-1.pdf
6225d40aef21829c0043dce50f2be53f55f264ce,50002050.pdf
1a34f5ea167df54ac9a55f3304593b2a25cc2872,50002050.pdf
fda19a8921092aef6786354b2f70e12c194ba65d,Digital sensoe 2.pdf
d939251a941e4ac2c9be4b51407ea24d3c8769ef,Digital sensor test Workorder 2.pdf
aa9a6e9983470a7709493de9e9c46c1226bf8edf,ce38101.pdf
6234a90005f14e81bf1ca951a4a1e1b228d0fbd0,complete.pdf
816ac45f4f2bbdca134fc9ca8048d965662dded1,Adobe Scan 10 May 2024 (3).pdf
10901541e3323301c5f1b1254d466b442def148f,Digital sensor test.pdf
4087e75194c0560c8319304665e40fa5c6431cd0,50002050-2.pdf
5f0c2ddc2f50c0bf9c3786e2b7fc34a09204534f,Digital Sensor 2.pdf
6f1d90bfc10937540af92dfa2e7ff55fee722015,electrical 16_compressed.pdf
fbe70a4b781469a2c9059b69383d7ee6647ac8ef,50002050 no 2 20-Mar-2020 13-19-06.pdf
cf1c2af05d63aecfebc76fff5321469aeb71a2c1,50002050WO2 Digital sensor test.pdf
a59fac38e6cbbb883239c448f8388563d1125c6b,50002050-2.pdf
a622b07a1e9fd9d5a949dac1bf89f5149a0d0bf5,digtal govenor motor.pdf
0251a6e1095c4ea27041823e6933a179a5599b3b,vks125b19-20.pdf
e54d7d0533cb7b06fcd5a38271dea66356c00e35,50002050-2.pdf
7edec587d11439f15f4ffa63850dc98fbe56f818,50002050-2.pdf
057854a25094e4299f12d7fc9350f6bdc24a597d,50002050.pdf
13a0ad0c9af0dfc26e6650acbd427d81089df2cf,sensor1.pdf
ad249061b2e4b6b41bd61684d25bbdad0391998d,digital sensor 2.pdf
69bace6af77f29d751201cd2c602f5fb67a0d4d5,50002050WO3.pdf
a80e48588fffdd160234e790a5718ef6c79659b6,50002050-03.pdf
9aad434b261089d8cad4f731aa36112cb77567b4,50002054 -3.pdf
d99dd41709953b7ce01a3b1280a82e9caba019b8,50002050-03.pdf
56afd5219a4582cf9dfee8c91db80474cbca63fa,New Doc 2019-07-23 08.42.04 50002050-3.pdf
8582d85f6a6c31b51d3777a7e6c453c70c9b0b3e,digital sensor2.pdf
3e111ce08b4d3aea3cb280de103e73b05ce9a1b0,50002050-03.pdf
3f37de830d880213c2990515162304ec7b70aa73,123173.pdf
855b3a64dbaf07459fd8ca2687197affe041f9a7,50002050-3 BL77755.pdf
45572e8dcbc49256b0ca03466b7f37a21c79e5da,DIGITAL SENSOR 3.pdf
c6b413b047bd9a53a31c936c7550a296fadd0ac4,50002050-3.pdf
bad11c9651581c8918f3626f7e2fd5bd225e3630,no50002050B.pdf
e8ef7742bfd06b787a981c556b3427be14febedf,50002050-3.pdf
9025714590301a59514843af50b35f0b8f3fb8fc,Ele Ad17-compressed.pdf
86126796e285f85566ba8d7da1f4116558c1c154,kj01139 digital.pdf
4fa81ef113c5538e62b80e0b06341e3254b2d481,50002050-2.pdf
594d2bc8d5db5f4923455810578779dfcca512f6,240312-000460.pdf
b74b76d19da39468daf5d34a25b92ec81ad6a623,50002050.pdf
435b4580a7c5b8b36cf46a46058e07e3ad03f09b,Digital sensor 3.pdf
37b2106d43ce633094c7eb45688ad42e600c3a95,Digital sensor test Workorder 3.pdf
7bcd4c51dbc73a6d62be5ba99ebb23bd902f4522,50002050 Participant worksheet (1) (1).pdf
c5f117a8e55ee06b079ca58090470a612ec139ca,Adobe Scan 10 May 2024 (5).pdf
a083f465a7fe63d18ad717fdcbb1a3209b3a3ec2,Adobe Scan 03 Jan 2023.pdf
525de16b65440c06971751e45fbb01a6b418cbc9,electrical 17_compressed.pdf
2e63f103551bfcc7672243c7dcebe58dcc52fdf3,50002050 no 3 20-Mar-2020 13-20-33(1).pdf
564fc378a239fa04e0fae44a2e8fe294a86c8e9b,50002050WO3 Digital sensor test.pdf
943a4f332ec2cbdabbffea6b99a6eeec4318826f,50002050.pdf
e1bef55882fb206fb7e11c53ac399e6e24c2432b,vks125c19-20.pdf
c4a899032075a6490e89a80854711834266770b9,50002050-3.pdf
37cc3fb7132c890fcfe2f5a4c92482819ef762d0,50002050 (1).pdf
9b1f6850cc683838540bd2e0e61dbbcc5989f159,50002050.pdf
6b3914c8d4746c5dfc72bb554d7a5f68fd67c270,sensor2.pdf
586bc5bd4e963d7ecc3dc64e32e5565bde56e77a,digital sensor 1.pdf
d6aca3ad016c80ac1ea40e7eb52a06cc73b526dd,50002343WO1.pdf
1c9951b6b9b47d4ad08657767fb5ca48d7e99bc6,50002343.pdf
306d59dee66ed3c36b5d359df6e2d854990a96f1,50002054.pdf
18125e00a350d568ecb95718b94b4ffce08bb06b,50002343.pdf
923772272969177611f94e9073d3d6ca8fdcea2a,New Doc 2019-07-23 08.42.04 50002343.pdf
87a5ec27e59b0266dcfc7435bf998d7bd65934eb,50002343 Skill definition[1].pdf
7b938bc994f29621dfc5b270286a0c930ebdecbc,50002343.pdf
2d88f74e605a2d7829fa327a80f4e9166ca3d6a5,240627000024.pdf
f917c4302cc7d035bac8eb546c494550cd6927a0,50002343-1 BL42057.pdf
b17ba1fdf6ec44371c839f201ede66a81322b68f,CHECK BREAK WEAR INDICATOR.pdf
8e061ada734f7cf958f74563192ff88d07271660,Wear Indicator.pdf
ac843f906c1cb0d7633486e0bf1e202ae6d7e8a6,50002343 (1).pdf
f745de167edb1a9d08d33daf1a22f6fc76b753ad,MK25867.pdf
0f83258b9a9bf077f8481737cf672ba1ee566e5e,Brake wear indicator.pdf
e20b444d8a063380d097ac84a3ff6a407e37aa88,50002343 Participant worksheet brake check.pdf
f19d458926d3e7c33ffc704749a412f88e405007,50002343.pdf
bc0747f17a99804783ec6e518765bdb1f8702ce8,Brakes 1-compressed.pdf
211b2d92550b38ddb4e5276699995ed45165391f,kj01122.pdf
47b3de049c1666e8308386f508e39cdf5c3bfe8c,50002343.pdf
1e882a84a09768d0d5a75d058da0703b1b77b488,50002343.pdf
cdfeed3df603d9ddd67168a5a1941bf821397dcd,50002343.pdf
8e3550e2d2504381e668542951a9bf18c69d551b,Brake wear.pdf
b26bc539608d39d9ef1549995657a7f301676681,50002343.pdf
99d87987fd747a6b0da82031602626fc198271f1,service report.pdf
0474de7baf32de272e86542de9c0dabd21166217,ce36571.pdf
0a606be23a4daec6774de9958c81faf1783292fd,New_Doc_2017-06-05.pdf
e3b8612fafd60c1a3d5dd6cd6787cf26eb0ecd3e,COMPLETE.pdf
a44aec93677cef50a32491110511209c401d5b4b,2343.pdf
08b90bd3a08821f5cc89b9584880adbcff3841e6,Adobe Scan 18 May 2024 (2).pdf
6b017987c2dd1f4048f631214a3661f9a896e114,Service Report_19-03-2024_240318-000061.pdf
d8d39e7cc8037beec3668993d567cb148c0eb786,50002343.pdf
e2b425286addd0c9b58e58575d268aa6707b5d39,50002343.pdf
1e9103a4fd9d0a824403ed0bc411ef0f03c45b64,Brake wear indicator.pdf
f9a5965326da3ca80f543f7401d4faed52ef3722,brakes 4_compressed.pdf
e010f8124a1a4ca0f269c2fdaca0d29305f2d0bc,BRAKE WEAR INDICATOR.pdf
ec5936259640a332541a6a7c091c191ba4c7f896,50002343.pdf
b0f461bed71cda93cf9e7a7a8a5808084ac7719a,50002343WO1 Check the brake wear indicator.pdf
7f0d1ee2648475e7b420da4c73812879e0dbae0d,wear indicator 09-05-2022-14꞉51.pdf
bc3e7d04513c278d12ab7b45a7c5a6f5ab08e5fc,VKS89 19-20.pdf
d59a715440d97a88b763a660fabe39e90b545f27,50002343WO1.pdf
04de88ed05f2a490d0373b38ab42baff1cc1db93,50002343.pdf
42f5b1e214ef6fe18324928f55833ff4c04f9e0b,50002343.pdf
5452b68ff766aa2d46eccc60bda1ab8b79ace190,50002343.pdf
15af38d6169b125b0f70428bed66b91b063e391c,50002343 worksheet.pdf
13669a42dcf46e16d1279ffc0d417cbb34439004,brake wear inspection.pdf
0cf2f28683b016d35b9a0b2ee85ba87612976b81,Brake wear indicator ( BGR22-23026).pdf
20e14908517a90c3e53cd3967441a67f62066d9b,SKILL.pdf
93f71e03333981f579a5818b49fffd59267cb01e,231218-000067.pdf
fdde16d249acca0c8c9e47766e5fc76619f2000d,240523-000144-01.pdf
e5b8b4c45c63a10911f3e2ddfd8b2c4ee268e6da,Service Report_09-06-202_220205-006663.pdf
a0fccb05e548bb227be8dadb7d70070152ee6e3e,BRAKE WEAR INDICATOR CHECKING.pdf
80b57826d3052fa9036f55da73a65a0db2a7332e,pt bwi 2343.pdf
8f73f4faea30b3b984cf07516ab6d1fee9c99926,50002343WO1-Check the brake wear indicator.pdf
2cc806ac01b9b100bbdc7813f071a13db2fab233,50002344WO1.pdf
fdb7791ddffc6c84d2bc47c7989d2b2ac99c6e97,50002344.pdf
6df0acac2175fdcbe16e16a8f9028dae4b48760c,50002344.pdf
ef38f827b8e55934dcf83c60005d48e89c7d2b16,50002344.pdf
fdbfd20d23bde57070e11458a4ac895628495916,New Doc 2019-07-23 08.42.04 50002344.pdf
bb5de52ada4c224a27cd5837a263ec5cbd7ab0dc,50002344 Skill definition[1].pdf
af75599cbb04dadae4fe0876463f77ab914be69e,50002344 1.pdf
3c5a4998845e155b3249c3d3737861f7754227c2,50002344.pdf
29e0a1ef9538bc4d62ec3516258403eee7d2e820,Adobe Scan 31-Dec-2024 (6).pdf
a79a74440809c0b009ad0031b8c40607e1bc18c6,113013.pdf
d83d3a3ce1b91346e0047407ec347b5acd646a6b,50002344 manually release the parking brake(1).pdf
2c2d60d49a3bf67fe8af7a09b8d3b9036da1d9bd,TOWING MACHINE.pdf
bdff26d5e6cca8877f84cfe2da9b29ffc9072b9c,Manually release.pdf
b502945f429619b254f13f7e56d7215cb5a4e6b2,50002344.pdf
36d250071e0cd99a733b79a477b61ab1cae64dea,MK25866.pdf
5f8c86ce8f0b22ddfc90d55cf04a2affe8849116,Park brake-tow.pdf
f83963951dbf4cbd45745c1c397fce7876c6ead7,PA59496.pdf
5d1a0d646db2d5530b1a82a43dfa091deec2bb36,50002344.pdf
b856bbe5ad64c7ea348cf61279d40a98cfc679e3,Brakes 2-compressed.pdf
0eae4123bc6b6875bd904ef92bde251da0e5faa5,kj01457 tow machine.pdf
d8a9f8f753c90ab49bed7773acde33d3820ccd34,50002344.pdf
e2b5f5fc45b5d4ddc273949dc87bd5d8a28c49c7,50002344.pdf
cffef8a8718fc2bbb09107fee1b9bc2d63801da9,50002344.pdf
b7e88af16be51c926890da03b9fef2c09f84dc82,TOW THE MACHINE.pdf
4f9b6ddbe84382aa858d259a1719e32df306f85f,50002344_Participant_worksheet_(1).PDF
39b4127fdb943a333fba85b948cde11967a73d9d,ce36549.pdf
e9a2287b3269838846802513fc4c1bc027d25e1f,50002344 (1).pdf
643b2af580cfc4e761327ced1fffc4d71ae93273,COMPLETE.pdf
a94e686fcc4410d50ffa81d76e77131b2ae0ca60,50002344.pdf
d62764c41ca7773efb1df5f13a3cdacda536689c,JJ400259.pdf
bb97e7ef92050e6b62f32858008b35726c41b28d,Adobe Scan 18 May 2024 (3).pdf
a675f51d2480d07d0ed83c37b4abce52239c1776,Parking brake-999.pdf
cacc48c06a43e63d6a514d4f4d8f66eed30915ff,Service Report_11-07-2024_240711-000085.pdf
785166524cbc577e26d94c997dd8a72bf9d933d7,50002344-1.pdf
71ed2364faec50734e1be8f5c6b0acfdc5d66601,50002344.pdf
a3a320465b1fd7c5813e83529696c82f91171e9b,Parking brake.pdf
4d5b0938b17a2a11afe218177efa6b9c7b0e8316,PT TOW_compressed.pdf
9f3f88f73f532a85fdcfdba61bc1d7f1a7af929e,TOW THE MACHINE.pdf
39f3bcf37dba753b8f47d14f63a782a3ecf7fdc5,manually parking brake.pdf
9a97356fd97793651d7831f05de2f3098bd8b233,50002344WO1 Manually release the park brake  tow the machine.pdf
1b8312fe9b942d32ab2f47d0dc74e7c0d3dc422c,TOW  09-05-2022-14꞉42.pdf
5aa5579328a6265a9a27b6c96039d590e96a302a,2vks89 19-20.pdf
a957abdb6357b45316ebff9af2821c9a409b3801,50002344WO1.pdf
20a8a227768bc646ace027c009e1f96a1e234f8a,Manually released the parking brake and tow the machine.pdf
afba8e0c53b1101558a0972d88133c5bd8381075,50002344.pdf
ade8402641202ad8527933e6aaf23783b46986bb,50002344.pdf
02e4d95c5378358019e97d5d3aa51740f3fc9173,Tow the machine.pdf
95456ce49b239de7dc6c01930d31ee368eabbdf7,50002344.pdf
bee66c88e5389d4d9419ba72929dfbb2ca7a9c38,50002344.pdf
9b9312d8ade724091e06b50e7dbfb26d1bfecf18,50002344 Work Sheet.pdf
d01a96d4411b91b694b194aa62a5f967befac7b9,tow machine.pdf
e94d3c3cc2afaafea777efff6b04a9035ead048a,TOW THE MACHINE.pdf
1dd2d42df80351fe1ab224834e9df317cabbca2d,SKILL 2344.pdf
5d3272101fd89cd15ea682cc76753cc96b674098,240610-000325.pdf
343c2bf4e15626a33c4f6513c09d637e38482eb2,240523-000144-02.pdf
cadf8584bb3400f86b0d44e93dae74adba7c5a15,Service Report_13-06-2023_230613-000111.pdf
03c5f3b2e8a1c65bd9fe04479fae9f3db4685303,Manually release the park braketow the machine.pdf
99779bb9b5dd4756d5e29ed5fb61d67a93537517,sos 1 (2).pdf
6f3703202f179e8ef6e8a4b1a5b11c5a46dad420,50002344WO1-Manually release the park brake - tow the machine.pdf
b2cc3789d9ed60dc6aad69e8a4cd37e2220b9008,BRAKE SYSTEM  EFFICIENCY.pdf
a850ec4e7b978343450235c25ee9f97ab62fc507,50002345-01.pdf
34d5905278ce84c057f3107dd8072ce61d5ec304,New Doc 2019-07-19 13.51.28 50002345.pdf
d66aad63b24636b54bc8d604d4c64f2a8dcfef5a,50002345 Skill definition[1].pdf
d9b155c26f3dc56c7b0e1a9d71128e7dbc3082dd,50002345.pdf
d82b6c133a277d3cb04ed4b44de15a0af9570588,50002345-1.pdf
af889abe75c584b3a3d5ff005fbb4b7ee0b4776b,115222 1.pdf
69e93ebc3149ef4da4170493a441c58932b77566,brake test 1.pdf
deb7dab0c0518cb30c465793d6589954b22dc3e5,Test Brake 1.pdf
0ec02955d5c8aa65c4e57029bae48c30b00e6d8d,50002345.pdf
fc91696347fa84c520310cf3917388e16b4e9863,MK20318.pdf
95353ee2bc2146e437b589dc8102cfbe4475bc3a,Brake effiency.pdf
653f3cd2c7fff0ea9898533210ebf977eee1b59e,PA65175.pdf
90ae68c107bcce7ef895c4506b3c88773a15e146,50002345 Participant worksheet.pdf
530174886809a4121900c724c7efb0f9ac59a3a5,50002345.pdf
0314d1947df9d21a550b409a1bb8228a95b50a77,Brakes 3-compressed.pdf
7ca4aca97e4a5a45058bdbdbd94b8bf3f71f6dfc,kj01341.pdf
2d8e0925e6ba5b534d2494ab321e3242e2278c12,50002345WO1.pdf
c78f4a08062724ce10d0e5d7bf16ef1c3d342dc2,50002345.pdf
5506aa34faad8251781480a6e72d77749885149f,New Doc 2019-07-19 16.33.08BRAKE EFFICIENCY.pdf
a588f643184fa3f71a416729ddce77e82f600098,TC05957 brake efficiency.pdf
fb0c19d4a307231b29a77c77c4df169147c4c4e8,50002345 (2).pdf
1ee51e11f687fe3a385063c048184f04383d9729,COMPLETE.pdf
6eaa602941caf02a3d966e51c20c76e9b374e943,50002345.pdf
4d07668663c92bc910edd03de1ad5bbcd0a306a7,50002345 Brake.pdf
e61544184ed91ff5e782e7385a6947caac15c8fd,Adobe Scan 18 May 2024.pdf
73eaa1a8fc8072f1af004c02de521e08c0223496,BRAKE1-converted.pdf
5aa67f221655ba5a98b692dfe35b9d0c175f2572,Service Report_19-06-2024_240619-000094.pdf
8814d6ec96a58e55f9921d4a515fbcbd30788732,50002345-1.pdf
db710f012d08dc05d12617ec201d8a9f0b23d4ea,50002345.pdf
3843e3ba826a16d0da82f4b888a83ca306631e9e,Brake system efficiency.pdf
cdf325b13a1d30e94e622339aa2379446241cfe4,brakes 1_compressed.pdf
2596fa9aad8b641faa2d95db3f2690420a2f9c01,skill002.pdf
6aa10e2c354d3fd6214a057b7cc1e74cd52d6a5c,50002345 .1.pdf
3134033c82fd41c9bd5757759690a993f50dfb96,brake efficiency 1.pdf
29aa4df63c60251dfb2c235fd241da950fac3e00,BRAKE EFFICIENCY.pdf
2d6fa8b83dc96fc9665123da7c9e2fc058bd89a5,50002345WO1 Test the brake system efficiency.pdf
0764826ccfd7d07b5534f967513b67c2a0fa4c25,50002345.pdf
a98188d8565e72ccdf479ecec6e1f66d0a43064c,TapScanner 09-05-2022-16꞉18.pdf
b7edf1542305b0731fb313a3a7cb5f41aa04091a,3vks89 19-20.pdf
2b83aa722a1752c03faa251acdd7215e5db2bc82,50002345WO1.pdf
738cbca296bebe9151fb01f84c4e563d717b5ea4,Brake Efficiency test 773E.pdf
9a1f2c2e195194fb60c005b775d261bfd4228216,50002345-1.pdf
9f06c73a7998d4d8f0c7e4bb2e79bece715b9632,50002345.pdf
6b09574ba227de9b06857b2434bbdd60938d4b39,Brake system  - Test.pdf
538f78ae83e7f18ff4fdc245f794520311d7468d,50002345.pdf
13a856aefb86b86614950dfdfacd70a0114498ca,50002345 -1.pdf
f5779a24a58fe6beda57a9899e837afb4f25ffe0,50002345 Work Sheet.pdf
36122bac84195c5e68e0408d84cc98ffcacecda5,"Adobe Scan Aug 25, 2023 (3).pdf"
b6997bd3efef721b24b8437df27bdbe02c15f8f6,brake efficiency 1.pdf
7c99c895340470e9c01d98cbea71abeed3ca6648,BRAKE EFFICIENCY .pdf
406e8ed2369fbfaaa04654f8ad01e5c98cea9908,brake test 1.pdf
9469b774b8d443c69871fd730f222a328100a4dd,240120-000353.pdf
745e148ce554957e4e8b86da5f1c1c0d7a176cec,240523-000144.pdf
3cd143124adc1e4c8918ac386b4cc8d64910c315,50002345.pdf
ef560ba33562ef012e706b947435e71f1312db1f,BRAKE SYSTEM EFFICIENCY.pdf
26be4c2a89323f3f5c974cd8a55f014d8be9ad87,brake efficiency 500002345.pdf
c3e72fecfb9ce9288a35f37dafd74c252e6d8dd8,50002345WO1-Test the brake system efficiency.pdf
7f5773a67438b8b9fbac7f59e8965950bbe22b7c,50002345WO2.pdf
aa29d8b314c3e9afcf4d1ed0f0d46a72e4117252,50002345.pdf
23fd0922cc93f38da18ccb95097e66f47d5e5d8e,BRAKE SYSTEM EFFICIENCY -2.pdf
c5cc11363dffe3756705f8e178a102d6636df777,50002345-02.pdf
8a5857ea0a276d3a7f43e492815cef77f06dd8d0,New Doc 2019-07-19 16.19.41 50002345A.pdf
105d9bf9208190597ec76105c934f31825c54f80,50002345.pdf
e9341cda809305d488505026e70081126562eb13,50002345.pdf
77780c0bee9e773c352e93943d44525aab3ab897,115222 2.pdf
6edfccda2e7d984681299203fec045bf0c05c20d,50002345 WO 1 TEST BRAKE EFFICIENCY.pdf
5195099a0379ba60eacc8734d19696e325a62742,brake test 2.pdf
53bc45f9c720f743c3635b4a857dc131f36123ea,Test Brake 2.pdf
e342658ddf96ad2d4b62ae034d34e0d48e0f9bb5,50002345a.pdf
4a5fa30db8abc8ca6a2adef92e0bb3dc72bcec8c,MK22180.pdf
ab94ab3575e6d0d7be92706bcc70fac28bc1df04,PA64047.pdf
1a4a5569dc3a36892f4003e096f5b7a981af29a8,ramesh50002345 Participant worksheet.pdf
4b3e8c423a5f5efd406d266c2b99bc33a89bd31b,50002345B.pdf
9c3f493e507ef55d72eaf2e8cd5edc56acd46793,Brakes 4-compressed.pdf
64568b1cd729cf811ffbfd128beed27a273108ba,kj01805.pdf
1a80953b12421320cd2d2fd16aa2730597278ddc,50002345WO2.pdf
5314ba4ccffcd098c90c1fa2b002965ba061905c,50002345.pdf
325dd7da2dcf6a297654c1e5d8a99178927b9e83,New Doc 2019-07-19 16.59.48 BRAKE.pdf
76f48104d1e67596e54e01e6478d85a6caf867b7,TC05957 brake efficiency.pdf
5bf53fe30fcfb96918b678392da4c8b126a6b7b1,PS.pdf
13022c8aeb81947f8fd8588aec51ee8018d9a9ae,50002345 (1).pdf
e052f5fd72dead8ce00b625e2bef1d10aaed349b,complete.pdf
29ff81f4ff01cb5bedb5653ef78c2bbb674ac049,50002345A.pdf
c06fe5c5bc6356b5b3f289773cbc98a78c33a3f3,JRN04281.pdf
469166d898b521219cc69d2eefc2f74fa3a78abf,Adobe Scan 18 May 2024 (1).pdf
22586570b34161ee6e6f71b8e42e65959095869e,BRAKE-1-converted.pdf
6febf94252e874037cd51321adc3d8ce78234ac7,1000-Brake inspection.pdf
e7037f6f6aa7c019353b408208127f39092943f6,50002345-2.pdf
ebb14f3c3646b3fab5481eb9be936f17e8ab53db,Brake system efficiency 2.pdf
b112a693e4d65486e09f729f799cb7168e4fc8eb,brakes 2_compressed.pdf
79eb4e2204278bec94db5fc8bf7e6cffc7f7085c,SKIL 5.pdf
a13cc67d367d7db0a3cdf58c3faf15f079bdb32c,50002345.2.pdf
3e7fe726d09a0f480e7a47479fbd9278ce932790,brake efficiency 2.pdf
64822ceadcb55eb474a6a9fd06cf595c9022e0ec,BRAKE EFFICIENCY.pdf
7093c7e90b0d3458db5ed4342d0c8c584b42e26f,50002345WO2 Test the brake system efficiency.pdf
d38d99ccd1979d035e17f59144e6bf5219dab510,50002345-.pdf
06092aea9bad62855cba894ebc25b1762c4edc2c,TapScanner 09-05-2022-16꞉25.pdf
797dc17938d35f8353070968268c810397ec4cfe,vks90 19-20.pdf
66da073a1873f6becb0f663e60dd1412b7301c3b,50002345-2.pdf
273e338efe05cb6f2e0a3eac6b5f6e31b8d57710,50002345-2.pdf
c9f7e84114d94cff01b465ff8a996d83c1095ccd,50002345 -2.pdf
08ceb3aadef359537df50ac4ca3e2a6925c1caf0,"Adobe Scan Aug 25, 2023 (4).pdf"
aff6763f4fa5305d7add6a62c4e3c0f924702b6a,brake efficiency 2.pdf
4ae72ac82be0be0ca8b7cf1f5a7c2f4ec31e8ada,skill2345.....pdf
1a6d796be3be453d81266bbef569ce376c6937aa,240413-000079.pdf
c986008324195866f7b60061b6cc9bf8aeef3741,240205-000123.pdf
a5457075d9ad1a322c86adc0cc867a400662d248,BRAKE SYSTEM EFFICIENCY.pdf
0b772790b730da755ccc79fd22ba36fc3ecdea99,pt 3 be 2345.pdf
2aacdf2398ee7c5c36fd6449125dda42f1ca5820,50002345WO3.pdf
214ee54ec3b78d9fb1d0e0532d2a92269ee2787c,50002345-1.pdf
ed946a68fafea039b0501163cc0cf07cd20749a1,BRAKE EFF-3.pdf
235c073209bfea99ad9822e031b7ec3f679f9e81,50002345-03.pdf
9f8f0a022f4147612aa9dc7f01f7f5dd9eb8187b,New Doc 2019-07-19 16.19.41 50002345B.pdf
f86ee134332f19b211c6c1ab40e78f05f2a0e100,50002345.pdf
86a8e755c62c41619b6142265eb4bd1087923874,115222 3.pdf
7a34d3afdc6c6a72034aa78dfbc92f464891e8c8,50002345 WO 2 test the brake efficiency.pdf
5c8ee0db77bbdc396325bdcd217da4b77b230923,brake test 3.pdf
9ad7efe4e8a33795d652de22283eebcd1a103533,Test Brake 3.pdf
6dc611daa9fe44aebd57b3044b3e0e6e17575a5e,50002345b.pdf
7b681dee195d1cda2cf0eecbcbf905cd92a0d7a4,MK25865.pdf
7b59238c957763cd4e76730a63711ca2191617db,PA63988.pdf
cf4cd968f0bca02ad55e14e0a1b0f207e123cfdd,50002345A.pdf
a3c8a26a0f1d0c45b01d7dfee3017ec0b7633426,Brakes 5-compressed.pdf
06d35540b2791fd30c6bba6a33d10c15999947c0,brake system.pdf
ec2cc62c0abfd98457e822e364c010535340763f,50002345.pdf
83203e08dd18862085c65a80f4314777ca9e4695,50002345WO3.pdf
67df49393cff2f6da62a6702bfa874ca63dc3aae,50002345.pdf
ac9d4061d0f2a44d17eda8848a23548db30081cc,barke efficiency.pdf
1f3e7345ccbe23c3cb0259b699b0d106e93ef016,TC05962.pdf
dcb510ac6314691273133cfcc7643b91fd8b67d3,PS.pdf
e3d9738c6bd44607fe07b2c069340319556273b2,50002345.pdf
95258e94f50752a08fafdea3cb8b00ce96f42116,SERVICE REPORT.pdf
812e2ca40e607ab72a61c1c0fdbbc0e3a7935e00,Adobe Scan 18 May 2024 (4).pdf
6dbcae892db4dd6e0e4274e1de0083342901d241,999-Brake inspection.pdf
783b27f4253ee0cb55ccaeb43499e86b203a52e9,Service Report_16-02-2023_230216-000010.pdf
a99af3b6811b163c33f6f58485a508842d1fe34e,50002345-3.pdf
0a825264e4a38f0a39973ac93ae7074b45c772f8,Brake system efficiency 3.pdf
727ede84553e13715ebbb54ff4797745da7e1054,brakes 3_compressed.pdf
996e5f4c0f15bded4243ee2e6f33a697756e6d72,SKILL 4.pdf
d87d614b23e08200a6224fefe04b6f92fafcc069,50002345.3.pdf
c5ad5504b01a9944632addbbe5b6a63440fac0b1,brake efficiency 3.pdf
b8323136dfaba1fbfe22f96843fd073a07b0a0ff,BRAKE EFFICIENCY.pdf
9494ccd64688072aade80121ed113f07b70b1aab,50002345WO3 Test the brake system efficiency.pdf
f0b1845b57aa047358174000f5b9ec04fa0ea9cf,50002345.pdf
3657cc39854b4f40fb678dd9730e3a1f50517217,TapScanner 09-10-2022-12꞉43.pdf
c772f4360bc95c90b055e7b4f7b8e7f7d8be5f24,vks91 19-20.pdf
c3a4c9722b38f1bb630a39eb73ddf8d9502cf4c8,50002345-3.pdf
620cf88e9483d40891599054e23ee69363d5f7e3,50002345-3.pdf
06d09e77b1ca69c2c1cac054b822444791fe48e1,50002345.pdf
e158acf1e254e6d247ec821039d7f3a88c3b34fe,brake efficeiency.pdf
82ac1304fcd18ee22b88535f9b3f1e3b34342663,BRAKE EFFICIENCY .pdf
c5b4330849bdce0cc021d5fef3436714ce0009fa,skill2345.pdf
c4409be972529b9cb7d67f5594afc787d844771a,240521-000021.pdf
17c8baac5e80f4fb22576f6336d89769bbd01bd4,BRAKE SYSTEM EFFICIENCY.pdf
740b90969e6f7231a6c18f7418028d3a15e0809d,brake efficiency.pdf
4d49dab96d2a05c729483327af493398a3eb291b,50002473WO1.pdf
e33d3f23d36f3c1006850cc6f00ba37501ff4f27,50002473.pdf
c7c2e75f78302cb68c9b4fb2d5824452dd88162e,50002473-M.pdf
ac3ef8745b4586ac1c054e88b08ee9502a9ba51e,50002473-G.pdf
aa8b4ceaf79b73e9b8b4585665f26e6f1d7ad6e4,50002473.pdf
500bd0cb5577ee48f98b954962ffada58427351e,50002473.pdf
5645106605d6216bbc5fccd298373cbc85f6aecf,50002473- measure.pdf
10fecaa05bffdb9eaff3b1979df6760be70e23b0,Scan 1.pdf
f0f8143157ddbbedfd5254db0241f160c1157d55,Perform Measurement using measuring tools.pdf
36f549a6de9234932938eefc556f593bd5fd01dd,MEASURE.pdf
4ee0d89e1b359fff0fa60c1871eaa92f29141084,COMPLETE.pdf
9117959b7e7cbd72ea92debccaa8d57a022d712a,image2016-07-09-065915.pdf
c7f5d79bddda86b66896d49d7de8ca6d48c41aa4,Measurement using measuring tools.pdf
6852cfd72bef35387dbad1294c0500e720d5735c,50002473.pdf
1f612ff07b8be2c6cade194f43b191b27f5498f4,50002473-1.pdf
1660a79191f295f365f61e858fd5a4385407f692,SCAN-14-L1.pdf
281305da0d6083aa899fe613bd1c2533d5a9ebeb,50002473.pdf
d355f5ddd0a80ad8f5c1643c7d6d288b239d2fe6,50002473.pdf
af88adb27940ff7b9fb14b9f1d5a5f09d678f889,Service report.pdf
5d752daad37e9c3c36c3fcb750ba9c88586961c1,dial gauge.pdf
8a4d174af60850cb882eb745d49462358b22530b,KO24616.pdf
fff30870c957cbe5c6d3fae31528fff5def7b4b6,50002473 WO1.pdf
93afb3dea68736fea596513c59a5f9005a9f11e4,50002473.pdf
e7c7c17aa230d1d78f27ca9e81f07cf3d48a7306,Scan 2.pdf
7caa742cfc2eb320e51aa2391d8bcdbb073c1b1a,Perform Measurement using measuring tools.pdf
045751b87eecbd80de0e89ebee7f2802de445bbf,Measurement using measuring tools.pdf
bdaa9a1f5ba53f48430410a25e77802eb7aaab6e,50002473-2.pdf
4eca6b7be43851a3f4909676bc573c44b2b39f37,50002473WO2 .pdf
94817b774e5d958a8244eb3b62a322eff5655a07,50002473-1.pdf
eebd2ca6a98e046d52ec34904e3fc8ee1eaaa104,tapper roller bearing pre-loading.pdf
fe0c079b9865b7d730133d123c5154be2df6a815,KO24617.pdf
adbb546c80372c4327964473af72c5a522517a09,50002479WO1.pdf
8c774fb4d596abc0af748c6eb65208c0c4f7ebbd,50002479.pdf
873a9519ddc891bacf6557b62b07ee4b1f55c49b,50002479 BANSOD.pdf
7a4e4e3c3d041dcdd67af84c1b63c6affd84ca53,50002479.pdf
0213e8b2eea546543f4fa6af8de6dedf425e53ff,PS QTN.pdf
9106df5bf4bd4aef87688aed9fc99d3bb29847bb,GOVINDA-01.pdf
c39873d06647b1d8c95b4f2c228afbed216dd6b4,50002479.pdf
e6310863991af71103801eda430c4ac3c33a39b0,50002479.pdf
949eaddd0d9fa615fd4a2311b97a07f184ab9607,50002479- part id.pdf
286d8cd9549074c370761c39714619701e08e1f7,50002479.pdf
33db59ea8a3654e688594d092ed0f4185cf2b056,Scan 1 mk.pdf
8de20bea8025207e64e9ae3e3eadbc6abadcb27e,Locate Correct Part No. Report.pdf
09b194ffe7fcca65b18fafa80ebd5831d968ed08,PARTS SEARCHED.pdf
bac5643942a1a1f24cf6b05cf75737938d686740,Locate correct part no.pdf
e9d5b02d7111a42131dab639ef936ca96b4536b4,50002479 L 1 SI.pdf
0dbbdf95b7db8cb12597f15cdd3922684b0bfef0,50002479-1.pdf
eac654e28d9dc3e4a341698f19916221093a36c3,50002479-L1.pdf
e2fd16179d92dbd721014234ba38119bffc73f28,50002479.pdf
232fc37e81ad159a869f0a71f04162c36a7d3e77,50002479 W01.pdf
47181316336d5b64c7c171dd7ca951f53dfd3f14,50002479WO1 Locate correct part no.pdf
75c880f56f02cd78c8ff5d08ebe79bc0ed5565dd,50002479.pdf
889de93950a98ede3b96a4b8900fc237be2ff643,report.pdf
750a678f47d2a81c85d03bb103edcdc9924dd93a,sp05521.pdf
f7dfa40642047bc824c593aa5760c58b32cfbf17,VMS 2.pdf
0c2803e71af69cb4fc84f34617d6d00105e5e343,CORRECT PART NO.pdf
7f0a102e47af21dfb73787b4236b2383ec02484c,CORRECT PART NO.pdf
5010cfab482798e09def2f676e5299740c296302,50002479.pdf
05a85b6347d5cf6dd9fdea380ce0a85d4be4f050,50002479_Participant_worksheet-merged (1).pdf
7697016199a43cebdd93d762c8e3668d667cb96c,GHV.pdf
94d29a62d0ade4708bc07d85fc57692f9f8558d4,50002479.pdf
0f41f79e8a6669971fc981389cafbc92492e0d87,50002479-1.pdf
76ca1c0465d4dbab0cc2c3debcb8dacdcd550c6a,MAHENDA 1.pdf
a540c0621b631e7c0f9ab0ae730ad0880744122f,SERVICE REPORT WITH PARTS NO..pdf
4e9c7854a5c694b10651488b4ab3fbbcff096dbb,PARTS SEARCHED.pdf
d8f28356f0af8ce52d26e5820b90586785c4c704,Locate correct part no.pdf
2c14b163ff7034b782b75aa036ef44e9804ce29f,50002479-2.pdf
9f8827c25b1db78ab2ec30b4b86917590b317ccd,PART NO 3.pdf
bd55b4cbdf61b0542d67ba9b13a4a9a6ef61f02b,50002479(2).pdf
bc203cee8e2f56d2ba328f7e1885ae3da912c0a8,50002479WO2.pdf
548b53901e57e613b89382b199b50c90187b132c,SN02634.pdf
5a7e9752ec9dd0d3530fe07a24f0c41d15615d66,50002479WO2 Locate correct part no.pdf
4891672407531ebd35231285c075043e8a56e07e,50002479-2.pdf
de66b0739bb631f972e0a342732d5ea19b90bc71,sp05522.pdf
fff66cd3c5dc45ae96222cbe00d9ac855065cb6f,CORRECT PART NO.pdf
693e464afa38b3fb30dbe786923103550d2beaaa,GAPL.pdf
d4b13e46ce416e982e3a5145ae0e75b80c0475b4,MK2.pdf
db282faac9371a748d972c59ccd8d4339e15c770,PART LOCATE AS PER MANUAL.pdf
e7e2a5015cffea53ac8a5de236cef7a7c942cb45,PARST SEARCHED.pdf
212bee9ccfdb83bc37f3570228b3e5b288532654,50002479.pdf
c10b60715856f2e6d93516bf9c720491e13ae899,Locate correct part no.pdf
fa925cc7abe1f54979ce3a40cf5e26612accf5cb,PART NO 1.pdf
f805b6d8c52913651fd8558e87e8e6109f74cd1a,50002479(3).pdf
f5fa1caffae51ccd4e75af558526be1223f51903,50002479.pdf
becf961d4ac6e678d12c731271a58258c5e33f1f,SP05130.pdf
263b7195f7770554179682555707698bbc50f003,50002479WO2 Locate correct part no.pdf
5c5e7ff2d5f5d4b7a87d7806ca7d4842a94f1d8b,500002479-3.pdf
4f8ab34be445c2d79e776330bb4f97fd7e1677b7,VIJAY SIR.pdf
fb3f2772984f6d6ed58ac3b58d8f8e61a4c2a364,SP05533.pdf
7432c41ba94066bce96361c4a752cd3b977f4769,CORRECT PART NO.pdf
6af45c43315eb810e261b0f5380f4185bf77544c,50002483WO1.pdf
28287bf84a7ff56fb9d651aa2732465cb7fa1070,50002483.pdf
dbe07f2dd45ea07bfd2ec7151677142848856dd4,50002483.pdf
cbc383640db543f24422ca096073ddd7a82babae,50002483-G.pdf
02ed3ef872a684fc5b2d0ee8df09342895c7a4d8,50002483.pdf
0ddf5598e974aeb3783a32b05861076459aecef1,5002483.pdf
597bb19ba9377645710701fb9322558de2436815,50002483- sis.pdf
b624680749c1afb94d39b5e539f8013205b0384b,50002483.pdf
b4e273a17dd6a5df5f9695c52a8ccece3df2d76d,SIS NAVIGATION IN OFFICE.pdf
b7c9b475225ec13b2b8d4406acb3b0e14b3f5f4a,NAVGATE FROM SIS.pdf
9da0e07bcd627404551fea38fc5eb00c787dbb57,Basic product information in SIS.pdf
24560ee6433eaffda5295ff2406a6b7fdc6ea00f,50002483.pdf
055497048ddc0996a03d1c0467448683040a398d,50002483-1.pdf
bdc5d6f013d032fdf2b985aea784b17013719140,SCAN-13-L1.pdf
f106c8770cb2c989cc5ad70eac0d115c5bc30d5b,RJ17245.pdf
68ed35a67986c0bfb260971e001c2ea126b3ff03,SIS2.pdf
db767a1b72a411c7ce1dd87a6c3d1b438bb95a87,50002483(1).pdf
88a33ca2f6b753572eb725f82715009236acbb3e,50002483WO1 .pdf
82ce97b416d4b7247fcbcbc47a1408326cb57b91,ssl comm PWK01480.pdf
75c3c14553bce641e8e290ab93ec80bcd332b077,air compressor filter cleaning SS.pdf
ea89eb62531f71e6b6a0af537ef908db32b59bab,50002483WO1 Basic product information in SIS.pdf
1475d2e5348c3aae8049b2b11134c86f2307d356,50002483.pdf
68dba3d5ef863c204a1e7e92853845cf9b65c417,Service Report_19-11-2024_241119-000415.pdf
7aac1bf685420ac9106847db37c85416f3c51db9,techdoc_print_page.pdf
c6eb0f7df0c2db94eeb34e7c27c18526339db0db,SIS BASIC.pdf
115171dd4343655130400e222b352cd7d70df8a2,New Doc 2017-06-28 (2).pdf
6f64575af652ca11a33dc58893381cdd5a5aca97,50002483 WO1.pdf
89e0a9b8b50ef67fd29b8f6b33ef98d5b7e1be60,50002483.pdf
94aa4ae3ac75dab5bed319ab02ae0f2298f3acfa,50002483-1.pdf
61a22bae1f9ce4e5c6b51b4b88aee809195f9fa2,SIS NAVIGATION.pdf
80a24a9204a86dfb6de20d1aa590874edb5c6977,NAVIGATE FROM SIS.pdf
d91d6820b0ced50cda578854184ee21e0d6469d2,Basic product information in SIS.pdf
63e26575d409835bc7872b5d9ed30b643e328447,50002483-2.pdf
5a85192a920035914adff231ce65e58b94896926,RJ17250.pdf
869e7fb817c3ebcd3f8411066987304ec8b58ca8,SIS 1.pdf
c1caa28e78dcebd425f83ee14c320f98c46a83fa,50002483(2).pdf
fe49da420215775575608b72284b1df4b7d12d68,50002483WO2.pdf
882f3be988513c7bc284e2260c86a1466d50b3d8,500002483-1.pdf
7a7159251076dc74cac76da9bf36c642f078181a,techdoc_print_page.pdf
24808bd0b178b4efe30d34ff984de06d4e8f73d8,ENGINE SPEED SENSOR ERROR.pdf
5d5c163640fe74621ba110b2232b2d455c9661b9,New Doc 2017-06-28.pdf
5166d1b22fb2e7f2067febce6577db866d967482,50002483-2.pdf
1e9c3a926b1a2d7fbbca97469aa71417fda7f568,SIS NAVIGATION AND PARTS LIST.pdf
9fdd161be531e32b80c5c5bf65240a5588ed7583,NAVIGATE FROM SIS.pdf
9c237ba54989274e8c982a91b8f6ac36ac1f84f8,Basic product information in SIS.pdf
69fe815f3a9644e5e845c8303ee5646872e48ca9,50002483-3.pdf
4677f92a1a95a5b74d43861b0bbb3c2c27af7c98,RJ17258.pdf
85213b1f9dd01c9787f53f91f973a3f443176cc0,SIS3.pdf
d98dcf07524bbe78df767c3857efc208b89e8a3f,50002483(3).pdf
6828fd58a708fa13d92bc41f412b8eb792ad10c2,50002483WO3.pdf
6a135eddcd4164460ef299d8f2515f467f3c2357,500002483-2.pdf
12fd6ec3702f4c58623aed3fc2a1d6564247d60a,Service Report_19-11-2024_241118-000290.pdf
bfc21b671419501c8a5579d01eb9f1f6d6fb3db4,cat.cis.sis.pdf
73c3fcad172697ae0fb393e1a734642db164cea3,POWER WINDOW NOT WORKING.pdf
e9f475dd01a3dd6ceb9188ae8133ff181e43bd31,New Doc 2017-06-28 (1).pdf
02fa68d5b41285b8f31eb482c6c80390275e04ed,MAROTI-01.pdf
b165d0b2d697ff07aabc1fdf7d31a09ab8c70100,GOVINDA-02.pdf
da4e14e71d2789bd3f18c6eb97d3bffbaed62b64,Activity sheet.pdf
4d982e88e8923b80602c0d304d591d27bdd09f86,tp02605.pdf
ec6353c993ebadd16746a1755dbefca637433938,Inspection  Replace Drive Belt.pdf
c293c2b3508e0c265a380b12b1cacc335ad05ded,50002365 Participant worksheet.pdf
98c2a14f75d772b4909479f3e5af77bda9fc4b34,BELT REPLACED.pdf
d35c7a9a6cd70b677b1699b5cfe1ac847f6c639e,Inspection  Replace drive belts.pdf
45517ed1de9f9143f9b256ecdd821a817e5f006f,KM59222.EM.pdf
d2921c72877160d7490033576169c4244100d0ad,Service Report_10-09-2024_240910-000087.pdf
10ce1dfff75e94a7dabc0bd2bd3b25c050a55bad,50002365 wo 1.pdf
b431f623559ca8b81098aab813de3b246ae48ce9,50002365.pdf
1da8ca5b46f2ec267c378e0ad9d879170225eb4f,BELT L1.pdf
8ea4bfd1cd7d946e3cd37004b96a9dc06ca9e5b2,50002365WO1 Inspection  Replace drive belts.pdf
4fcd95b58de17fd8dad4927bc571918120a0c657,New Doc 2017-12-11 (1)_7.pdf
ea14f6d020b5b3b4ebf8fe4c6ee66932c4cfd26c,belt drive.pdf
f90520f05810930b5f40221a93cfad14dcd4ee9c,DRIVE BELT.pdf
c3045e1649a548416a93af763e0326b6f8601dcf,KO24628.pdf
c80f42bd8827e03a398ef0d390b1109d2b75fb8e,BALTS REPLACE.pdf
cfc38436a2894162f0ac06b7b9693e91b17869fa,50002365.pdf
5d8966c8bd3e003ad5cc13213c05f52256d72c07,Competency no. 50002365.pdf
09ffe1f00a0434e5bc71eaed1aedb22285862d73,DRIVE BELTS (50002365).pdf
7404b27e1cdac3a797af9ddc5d6c681431026ea9,"INSPECTION,REPLACE DRIVE BELTS.pdf"
2f08a2413da85fb21ce1c4894d1d490553beada9,tp02615.pdf
7c0fc67f7260f52c7e6112b4b18fd441259816b1,Inspection  Replacement Drive Belt.pdf
252d01aea96f437366cad8c119178912e065c4d4,BELT REPLACED.pdf
c8aa786c084c1f9de717ca3b47afab2abd3a4700,Inspection  Replace drive belts.pdf
6d032131c8f37e18efa3301a653f367de171959f,KM64425.EM.pdf
7c4baeaf03de65bceb481c943c496b94cd930a59,50002365 wo 2.pdf
b054294533c19f64b8203e0279e0c5f1774bd9a8,50002365.pdf
92f7d53d442488112743f0646e20dc196996d3ff,BELT L1 (1).pdf
bf1836d15a697b0c93c134b70243ad949f6bf4ac,New Doc 2017-12-11 (1)_8.pdf
9bd4074ebdff16aacbe8e4b5cdf12fe8b40816c9,belt drive2.pdf
b7282a5936c95e63a3f316a407b444d80a6d3a8e,KO24629.pdf
22bfcda83f7549618d023d0c2db60f62cf8b6d86,BELTS REPLACE.pdf
05b4b6620db57aa329eb9016a4268370c6ebbb30,PRACHI TOH (DSE00159 PA55967 18.10.2016).pdf
ff29110c459517c8c29eaf3d5f1031cf3f62aa2e,competency no. 50002365_1.pdf
9c3ddf14bcacbfe32e1bb6917cb967223432eece,KARUNYA 1.4.170001.pdf
3b7be3d0cfdcec192df53186f61bb8dc55287fae,Activity sheet.pdf
17c2bb771648e8c59bc0ea4c09bc8d5965a32ca7,Valve Lash Inspect And Adjust.pdf
9a570bb730911b0eb544defe1095d1d1519bf883,Valve lash adjustments.pdf
e09339aa50d0f8bd1f8e0edd1315babb4ccd4d8c,50002358 wo 1.pdf
3cdfca069314e9faf04eda502f39e88610b68ea7,50002358.pdf
f7cb9e28677a6f2841573e63940ef1b6cf39dae8,VALVE LASH 111.pdf
81f0ab6dd22fa49154b1715559797001d7f3556b,50002358WO1 Valve lash adjustments.pdf
f109cd0688c7f7cef4dc48be29cb491fa6773736,VALVE LASH S SHAKTI S2G 00124.pdf
3c98f159d46ffc4182f776191aa7ad2e3a2fdacd,New Document(1).pdf
50815346716622fd194aea4492ba3a0fbd66c256,MUKTA.pdf
237f186703df9b1be4b866f1dca1957215d011e5,valve lash adjustment.pdf
50e490f24c7ed114af5e550555094b88dea0d472,valve lash.pdf
53f14ce9d82b35b5df2a940e581b32a4651c21b4,VALVE LASH.pdf
79ca9c83229c55d924fc93547ef84cb7ce707621,50002358.pdf
90438e9e12422d8e637b4df347d0afe2ed825bb0,AHLYA CAM REP.(CYN00717 PA61109 16.05.2017).pdf
35758bb25ad079508d5f2b2b124872dba85eba83,Competency no. 50002358.pdf
6d939c35859c7f0e0530495eeff73102b50d224a,VALVE LASH ADJUSTMENT (50002358).pdf
8e85e320ebd47e8b91529a624002f642290f9f38,Valve Lash setting_1.pdf
b89b18b8d9df0f0d08ab11e38d477e80b23503f3,VALVE LASH ADJUSTMENTS.pdf
e50c1f39c0815c276841c41a44ea96830efbc27d,air filter change.pdf
50f6ddb1db6101ad5fce1c31af1ebdf597b5d953,VALVE LASH .pdf
bca9daa3f5d07be1c87b0f8d38aa62a7a09c9dab,Valve lash adjustments.pdf
9d67b34c5c661ead0b0570c988a4fc62dd21a075,C32 GVG2358(2).pdf
756508dd11df6816fda6c0c798b87a7d4bc2e9d8,50002358 wo 2.pdf
558d1e57ed31428af9936224cd69ff0e01e5d0a5,50002358.pdf
cedf69b669a5d62ba25fbf3fafbb644f18cbdd9d,New Doc 2018-01-04 (1)_1.pdf
183ff54b99293f59e3c7b828f2caddd97b08f49d,50002358 19-May-2017 15-37-31.pdf
248e42bbd81270c9bd7b45dfc58ad6a53bcf4b4e,TEBMA TUG KUSHAL.pdf
9e3e42253269d8356e023c45dc8be10cfcb77c74,VALVE LASH.pdf
bde897950587634e0f888d73832df29d107c29af,VALVE LASH ADJUSTMENT.pdf
f4c5ad043211cc785ffed7986f6f08770eee7bd8,AHLYA VALVE LASH (PA55930 03.08.2016).pdf
0a3161ec1a1b3fa7562eb6f68f1ebc4aa9bffb4c,"Adobe Scan Aug 24, 2023 (2).pdf"
6ff90ce01a767f6f5751961fbae6a72037883316,New Doc 2018-07-18.pdf
9f4e96404c504c009022266d2f6b81aab2166272,Valve lash setting -2_1 (1).pdf
c22747646b18ca6d9a594c532f988b39de9495d2,CINMAYA 11.4.17.pdf
fef6f604665765ed8d92db8060add9cb14e66bf2,HB00888.pdf
3a1c82fa2a05ea8beef16fac48b45b4c769c9d51,Perform Valve Lash Adjustments Workorder 3.pdf
cb08b9db50e88abf09bf86f0174b80e4e332d87b,VALVE LASH.pdf
f27c36f7ac9f9d89da1d329f953b7d06f9a7f8dc,Valve lash adjustments.pdf
2b0828d10d5e29f130124f70f3b56f5bad7a42df,50002358.pdf
1de286d05e0b61bde617d1ebb21c5021bca9230a,50002358 wo 3.pdf
096c61051e7c940ef151259c2da3976df3dd928f,50002358.pdf
2fdd885666746ded5b08ea103f3615f839b693d9,New Doc 2018-01-04 (1)_2.pdf
26fed9460e96e8191c2a713c51eaae378753f2b1,50002358(1) 25-May-2017 12-52-01.pdf
3dbe5b394fdfbe8e1b3127cd31dea93187971692,rajarajeshwari.pdf
563be1c9ac132cd79dd99ea975adea264f113921,VALVE LASH.pdf
9a518d338cacd74ed040cbb4b9279dbaf0078468,New Doc 2018-07-24.pdf
50f9dfbe976bb03fa3bab0cc1234cd43a68dc73f,valve lesh.pdf
da194b0a0e109b340ab98f27ef3d5be22225960d,tp02643.pdf
00d16c336bc6f4fe1571448e9084f15454dc6794,AIR FILTER .pdf
395cb8fe470fa5bbea561b70b9cafecdd899125a,Inspectcleanreplace the air filters.pdf
a61e573c05559e60d6d18eb521576168d5388a54,50002359 wo 1.pdf
20a46365d2bb6faadef3f4873eb62cf8d4c59c24,50002359.pdf
e2df7a1d14274e9929fa5e9111d099332ebfa9dc,AIR FILTER L1.pdf
d6089ab4e20f296cddfb9373335faf2cf09f2158,50002359.pdf
fe5e5940f69885cb813056a304080c89262306a6,50002359WO1 Inspectcleanreplace the air filters.pdf
dbd205a6d512d5e349e101e07f27512540f15f1e,IMG_20170719_0001.pdf
ed9724b200aa9e873adc139bb5d8197360040a3b,air filter 1.pdf
f5e5e512aeaa5086b6f90096fb18ee94c2438dc4,Air filter  procedure.pdf
722f34a8ac5cd5439fa60c91107f648512d2151c,REPLACE AIR FILTER.pdf
89ed68e19bfec61606e86284762de4775a1e85ee,50002359.pdf
08feb4f55db3a027b611defd13b133cc44075648,FILTER 2  AIR FILTER.pdf
41f2888d08056033e5cde4ad258f4250c448b765,maintenance.pdf
de5e6a780a9932c3f3177ddb30706b461d6e335e,competency no. 50002359.pdf
a87dc0aca5456a3ff95c7f106f47a31877d3aea0,Service Report_13-10-2022_221012-000152 (1).pdf
ba5b6a7c02ad0f854da53adea989946987faae14,200619-000060.pdf
2519513ae9c3276123c48b110b09dfbc5aefd451,INSPECTREPLACE OF AIR FILTERS (1) (50002359).pdf
6b0525bf0c5de5f299c858292bde6278b187329f,50002359WO1-Inspect-clean-replace the air filters.pdf
93755e8d16268eec67da68985db32c110f32055b,REMOVAL OF AIR FILTERS.pdf
6b9b947a34c4ac3c5b059f63cdab99abab0a0a3b,Engine Generator Set AMC CheckList_25-04-2022_220423-000149.pdf
d73c333b6b3076096549caa260c81c485906c80d,SRI ALEKHA DIVYA CHAITANYA EARTHMOVERS_11-02-20_200211-000001.pdf
b7a9e3f0753f0ab5e7fdcc0a00a5b4039f7cff73,tp02605.1.pdf
879cbabf3d784870229e500cbfc19ca939ffaec6,2000 Hours Maitenance.pdf
40b641892f71c0077a60edbbcbcd5474ee2f8ab0,AIR FILTER.pdf
6add61db464766ac19850cd33517e6c42bec0776,Inspectcleanreplace the air filters.pdf
dcac78cb595eb41451e9a2601dd501f84fcbde6c,50002359 wo 2.pdf
300d33665dfa4a50fd16263c660392bf3ee508eb,compressor filter chocked ARK.pdf
47b67f02a684e568a2ef11c561253c79fc8c8d90,AIR FILTER L1 (1).pdf
a737642b1ffadf68dc58f13843ed3e1e56f97c05,IMG_20170724_0001.pdf
a2cc2d26423d9b405cfc3fa87e6ca984017cea9b,air filter 2.pdf
de7e03c03fbbe4d0fc50ee87a6ad5887cc0c3b45,AIR FILTER  REPLAC.pdf
50f6f8389ce5437accbb845f8ab0c947d0a48e4d,Competency no. 50002359(2) (1).pdf
c74dab9855e02a2fdd0f069202a773d9c9eb38c3,Service Report_12-07-2022_220712-000275.pdf
5ff1c4024baac4577f78e0e17cfcf0d6ccd0dccd,50002359WO2-Inspect-clean-replace the air filters.pdf
7c4ba5c51dedca43210c632786e902f40aaa35c8,New Doc 2017-12-18 (2).pdf
9adeff0397fc3ffe782aec5cacb65a98e34d764a,tp02636.pdf
f1288d014dbe6f42dc01aa50b3ab66b38e847f04,AIR FILTER CLEANED.pdf
952f0bfd78ef8ec3a2f6dd169e39f8328ee58c1e,Inspectcleanreplace the air filters.pdf
2e899c54140dbbb126dfc4e150bf4d3ad80e8149,C051224 COVAIMINARALscan0181.pdf
b7eca388fea33778c6888ea05cdcadfc05e4a789,KM64426.EM.pdf
e0e216d8cabe6050969b6e293e07d060d480466a,50002359 wo 3.pdf
057bd0604814e21d0b1e1f6fb49e8742a6ed0e27,50002359.pdf
44e8e9ddd94a1b4b6aa2754403ed4dc0968bfc45,AIR FILTER L1 (3).pdf
c70a96b8da984923f41094504690996d96af5db3,554.pdf
367a17de9f11b07b6c3d4d4a4148622baa7c6328,air filter 3.pdf
9efbacc16e3a6bbbadcfacc910e24d9dbb0b6164,AIR FILTER REPLAC.pdf
ef3909bbdac9b9ea3502bf77a6807c506a085d97,Competency No. 50002359(3).pdf
246f6dc0ae6dc8c9b42c8c2af2456e3cdb641805,50002359WO3-Inspect-clean-replace the air filters.pdf
edbfe944289c05925e84c0523e141e1e079febdc,Oil Pressure Shutdown Report Of C-149.pdf
440181a075ecf720e5824c340ce5d09ccf151436,Engine oil pressure test.pdf
e9ebcf5b767e121c77711373986c8e469a3a6800,50002361 wo 1.pdf
f96c70dd2a31920ce73a9033cae0e268d88232e1,50002361.pdf
8ce2da3fd1640075eaef9b684d49207a78d6f8e7,50002361.pdf
c57dab88119f1688b78046547255c57f97629c63,T1New Doc 2017-12-14_1.pdf
0af056325fcc879021746311adfaac0b1f0a9c74,50002361 26-May-2017 15-22-39.pdf
3698bcfa145af2a265db51cf9c96202a86449ab7,engine oil pressure1.pdf
3e5a501a7ba535ab590558335f308cf722242908,engine oil pressure.pdf
8868408e13cd41e0ffd37a2c27e4568765b69e42,FUEL FILTER AND PREESURE TEST VZ352170001.pdf
bd1b3d886ad9d1563816e9a386cd88a69d1009f8,50002361.pdf
c20205d10978ce473a9aa60c9209348f562d4d04,competency 50002361.pdf
02112e0e6acc72e283a9116591b5f254cc15a1fd,ENGINE OIL PRESSURE TEST (1) (50002361).pdf
86208142b3a58201877a6c7bbca393c1954f04d1,Perform Engine Oil Pressure Test Workorder 2.pdf
fbd647829ec949aeca0d5b227c3b097988f75384,Engine oil pressure test.pdf
44c5f8a3f45e75928e278fa3b36d8fd6fe9f6480,50002361 wo 2.pdf
7283e7af42559c3e6835c46b52cf4c825672dd09,50002631.pdf
caa6d870447b6e0be47841556476b7315f1f7d4d,sp05283.pdf
6e75901db31fcb635a2195a8074e199015dfaf8d,New Doc 2018-01-04_2.pdf
96a6a8674dc1d1903314c8337a1c53b0be58b790,50002361(1) 26-May-2017 15-20-35.pdf
e489284bf7f59c50960abfdaa0fbe3123f01425c,engine oil pressure2.pdf
175d246491c59f7e8ef3cbcda2e948ff6650a0b8,FUEL FILTER AND PRESSURE TEST CE250320001.pdf
3c79a749336f1c9d7c177aa4e86969e3bace13cc,AHLYA TA2 CYN00717 PA53644 07.09.2016).pdf
2e0612714917aa8c17c64b43018124024777dbc3,Competency no. 50002361.pdf
5f6b6108b9cd1b0ebfe64de51143bdbf1ce04aa5,ENGINE OIL PRESSURE TEST (2) (50002361).pdf
63511b089bee4e77ab4f3ff9dbabdee6a421a6e6,Perform Engine Oil Pressure Test.pdf
a20283b08893617a8b306c95743f4ec66be60319,Engine oil pressure test.pdf
37adc6f4cb87221ae6a807928fceeb227d68a4e7,CHITRA.pdf
5dc9aedd05f339e650b6eda01e614ffe538a7e07,50002361 wo 3.pdf
35f4cb355c5e90c055dde198dca4d1bf00edae2b,20002361.pdf
bf6d804172243c4c03e19de4653242882186afa3,sp05282_1 (1).pdf
db7fa3f69e39698259a424efd07597c5283e45ac,New Doc 2018-01-04_3.pdf
86701d63dd109ba1dd4a3399eb58505ce12d89c6,50002361(2) 26-May-2017 15-18-44.pdf
87d7a49e2e7b5c4553345319ea1e4efe229ce567,engine oil pressure3.pdf
a508c34ff8bbbcc517aba6bbc17085ff58d120cc,OIL PRESSURE VARIOUS SPEED.pdf
2e1897e3d45013a8262f38ecc98379064f47a8c0,Activity sheet.pdf
41984d01c14fa6425586efbf14b600c48c40b945,FUEL FILTER REPLACEMENT.pdf
e6d9fdefa4482dad4d19cee8b54423162e71b124,Removal and installation of fuel filters.pdf
d4e70291ce0d1452945e99bcaae43913268accfe,50002364 wo 1.pdf
17c7d6dd71085b5aa6c9495ff01122c999388b0e,50002364.pdf
ca52ab37a1765711ff71dc8cc77d32331cde3ba8,50002364.pdf
064d44df8e2cb2061ce04a87b960ca1e04fe1a91,IMG_20170719_0001.pdf
a094e40d085ab4e8d26cdcaeb63eef47dd80dc6a,VMS.pdf
cd2fc6a2f84f94310023be345eef4a88cc94f0eb,fuel filters1.pdf
3e424ca09218d926cdb2c4f4c17ab7f758f9a94d,fuel filters.pdf
74f82be7d318a070fb505d4ed8974a7cd9ad7ef2,3406.pdf
7c40d0907fae618aec148210073b7dcb08968491,FUEL FILTER INSTALLATION.pdf
3146e23715183bac8c59dbfac132ac236371ffd7,50002364.pdf
84bba5f54a2ea63799a71693cf9b292e2fea725d,filter w1.pdf
1cc7997fa2e72ea5c17f35a19e8f0a7c0389ed37,AMBUJA SHAKTI FIP REP.(85Z13546 PA59937 10.03.2017).pdf
ea5cb5bf78656f17ec1150a86ba6c41ab02ac0eb,Competency No. 50002364.pdf
d75c83659ad72d74d82d71c7e28695cbffee81ad,FUEL PRESSURE TEST (1) (50002364).pdf
08679f1cac2ff708d77cd0d659c9160d15424c90,CamScanner 01-20-2021 14.34.35_1.pdf
3f3b90e96bcb7b69117d2599c8f348e0515bce91,50002364.pdf
e42c7faf4ac1cd5cbd7761d12791b9324c50dc57,Fuel Filter Replacement 1.pdf
614405c5c8a863b371b4db8a8c7a3b00c828fd58,FUEL FILTER REPLACEMENT.pdf
5e20457024928111b258da6508a02679dfb5d0ad,Removal and installation of fuel filters.pdf
30d71524f6ceeea31d9443289c707c707a1fd78a,50002364 wo 2.pdf
7438e92398cd9841fb8f88404614fa7f92b4bc09,5000264.pdf
7ef5bfa417becdc25525f197e7c1033b93fc229e,IMG_20170724_0002.pdf
749c34a58a27bb0a531492e222e2deb4ea32dbf0,fuel filters2.pdf
643d8ae7f48abeca1282249b438d62a83c027b56,C32.pdf
41aedd75e322dc66ef51e37bd10562d81c643e19,FUEL FILTERS INSTALLATION.pdf
3b9b96c8c4b276cb08f7a0b5d87fce5033efcc7e,AMBUJA SHIKHAR FIP REP(85Z10047 PA56193 07.10.2016).pdf
adb17f5c1143b025570906c20d04a21206ab270b,"Adobe Scan Aug 24, 2023 (12).pdf"
0ea3d1fae001f637d96ff9b8a8df4cdb696eda6e,work 2 filter.pdf
3e819e5ff67f7c85d7ba8d6853821a5ee512707f,Competency no. 50002364(2).pdf
69b71079c305c9374b88f5dea560d13a8dcf1066,FUEL PRESSUR TEST (2) (50002364).pdf
8ccc18b89a064d20294a0c547e582bd5ab7b7500,INSTALLATION AND REMOVAL OF FILTER.pdf
a1fe9204d146292ca0e6af93c980b71de46dfcd6,FUEL FILTER REPLACEMENT.pdf
484fb7affba84a70e60b21ec001fb5fef11328fb,Removal and installation of fuel filters.pdf
56425fdc98f956d2aa8a195dd23aa199aa087097,SAGAR UDAY.pdf
f14ee4fb5eafceaf947274825cafcd2236ded813,50002364 wo 3.pdf
ad9196268bf6b5fe66387aa045706fcfae613da6,50002364.pdf
875f78de56353e16f508705388c7d043de8173d1,IMG_20170724_0003.pdf
a83290b19de97d53fd4332652fb44152e8eb294c,fuel filters3.pdf
e4feddd2fe5df4b493fe0b7a6f535f7799470be7,FUEL FILTERS FUEL PRESSURE TEST.pdf
383dffdf3f3a028ae595801755b1ff9709e4fd8e,FUEL FILTER INSTALLATION.pdf
f34cfa9e804827354ca645e8f4ee378ee0e824dd,New Doc 2021-04-15 18.04.20_1.pdf
203fdc86612ad7e585791040d631e3115e796ca8,AMBUJA VAIBHAVA FIP REP.(PA59912 03.04.2017).pdf
b4e7cc9785f8f11dc68f3f3ec5a8bf0ec465358e,Competency No.- 50002364.pdf
918e87b68ef2387efa708512123ab3ac2ae5ca3e,50002449 Participant worksheet.pdf
be3e7546c38b909ce34d0875e87e4626c1618ed7,50002449 Skill definition.pdf
a1afc1b54d7eae70da4c599291d850f8e7315c4e,50002456 Participant worksheet.pdf
51e6cc2593ea352c0e3a6ad36dd96fc5b75ef4f8,50002434 Participant worksheet.pdf
88703176c7177a4b0b6a51f128a18984b5f4ccd3,50002434 Skill definition.pdf
4ad554e60df95df0cfc4bbfc09ad063ce6a38c42,50002437 Participant worksheet.pdf
6f0cfafe852780e35496b52a3dd73a5bf22c9948,50002437 Skill definition.pdf
bb7cf74460e552370b5df7fafd8a4e2b63c3628b,50002460 Participant worksheet.pdf
bc111f420a2ff795080f437d34aaef9f0c76679a,50002460 Skill definition.pdf
c62450fa2c32c9ec1657cbfd116093d30ad1f12f,50002463 Participant worksheet.pdf
4c9b733a5ef2293d6fbb51dd0a3fde38208dd724,50002463 Skill definition.pdf
0127fb3cc1257cc60647dafc98bbb90337f297c8,50002471 Participant worksheet.pdf
dfdfcf5a8b28b137af486bfbf8f802355b794962,50002471 Skill definition.pdf
d6e45a07ce18205c19db8fffce5e2f36d0f46c76,50002442 Skill definition.pdf
fa2aad8d62108afe9f496118964e88aa1eed900e,50002442 Participant worksheet.pdf
b0ede028facdb60d7e55fa425c57156140728376,50002365 Skill definition.pdf
59b5df307d341e5507ca15285f955a9f268dfe1e,50002358 Participant worksheet.pdf
41b067645cb43073ebeeab56bf691f4638d600a0,50002358 Skill definition.pdf
7b29a668fdd4e583f7fa50dd83b6ba6910176f1e,50002359 Participant worksheet.pdf
5f746384147b0a8347e98bacb6e8dbb694e8fc40,50002359 Skill definition.pdf
1ef631518228f8fdc3f55646f6e02b814444c103,50002361 Participant worksheet.pdf
a574ab0563baf71bfdc5338d1b6775d02b9a83fd,50002361 Skill definition.pdf
35d2364c9d4421f861f7b1b35e3a8b2c70f846ba,50002364 Participant worksheet.pdf
ec2a50f042ccb95e4a2c5903174771802ab7c455,50002364 Skill definition.pdf
77a1d4c15c38315c82b4a84c5be9a3a37bc3f993,50002015 Participant worksheet.pdf
d5a7f1a0d2ac647076339ec2c9150cbb19f4cdc3,50002015 Skill definition.pdf
9c41c1687502c8127a2627bc30e0bb4509ee2adf,50002018 Participant worksheet.pdf
3302be6f0662e8b2afc688f64bc40d4e38bff02c,50002018 Skill definition.pdf
903f8ca66e487896dd257e73a59a1ddd621c0673,50002004 Participant worksheet.pdf
d412023f917fc0505813aa2030202bca1c151f6e,50002004 Skill definition.pdf
371bec15c77e7205a830bb3bf3fc127ead29c14c,50002019 Participant worksheet.pdf
89d7dbd00e9bc0a41d979ebabb95b41df8aa369e,50002019 Skill definition.pdf
16cbf21865bef9ffbfc4159bd4d3f3b1887f7185,50002002 Participant worksheet.pdf
4d6191b1da3bbc39e9fd9216cdf97d463bf53489,50002002 Skill definition.pdf
8a7e2bb76a0a8af0374e9852916d1a68de1f9a7d,50002008 Participant worksheet.pdf
54b1252e452f82c1912b2c3a5642c36b9aa87c17,50002008 Skill definition.pdf
ad2af79502fd697160157b4bd387775a3400bde0,50002016 Participant worksheet.pdf
3a9a327f291d56dc213f157a3ca2e1e72308a071,50002016 Skill definition.pdf
c126548c033a845f16172e56fa5ab352daa33e53,50002146 Participant worksheet.pdf
8f83f301baec52a711319df9ba067a4d712273d7,50002146 Skill definition.pdf
7f90083ec227dd5328d2aff4a02e5faad9ef1094,50002149 Participant worksheet.pdf
6cc30aa93bd5e0ac84f5598e8b20d66a574dcaed,50002149 Skill definition.pdf
59c23d8f44256407cbaf4e4d21fa8b1550ce5c10,50002153 Participant worksheet.pdf
3cb72a9c07dc6c05c9a484d8aabebe855548e204,50002153 Skill definition.pdf
3f9a94d354312cb8fd5a1530c96e43f71d179b09,50002161 Participant worksheet.pdf
f55339ac78c5676b12e75549613223c578de8198,50002161 Skill definition.pdf
a14bea325433e646d866be812842dd587dbbffed,50017658 Participant worksheet.pdf
db19ffaa871880c35b3eb1046836cd698f722800,50017658 Skill definition.pdf
8d079606de56aec3b8998f9e41a8d197b815c17d,50002163 Participant worksheet.pdf
678c63217111241c543e12f3bf2e1c44f29a6dba,50002163 Skill definition.pdf
efa2624bbedf07735c344ce1f43bc84f69faf7b1,50002172 Participant worksheet.pdf
12d9d4ec4c1c83659fbdddf650a4e213f28d16c4,50002172 Skill definition.pdf
14144613979dcd6da94b7cf153fc3afe47366bc9,50017660 Participant worksheet.pdf
14a495129612253b71e7ba0c07abf62c218e1071,50017660 Skill definition.pdf
12d5237e2ca8df746babb5374877b07b47739126,50002187 Participant worksheet.pdf
effb86309f80956b6f725bc9a995384e19da4cb9,50002187 Skill definition.pdf
00ac38bb060d61976b028b70e6a6ffc991828f33,50002188 Participant worksheet.pdf
42f9a62b7ef990316f04dd4567edb97e694b57e7,50002188 Skill definition.pdf
f783e4c8cac2e311ef3b8a74b73dfe261c7d7553,50002192 Participant worksheet.pdf
c9d54aedff8fcddc0631b164580e54b0bb16a8d9,50002192 Skill definition.pdf
2cba0b0a43a1df8f6620527b509f2d51d170b7c0,50017661 Participant worksheet.pdf
6f3ac9756efd3ce4da0a4bc6f87f34133075fd0d,50017661 Skill definition.pdf
20b0908695ace788ce63eb5e6757a310a144b7a9,50002204 Participant worksheet.pdf
5a0f58a9c48772eaaf0a2d115fbfc2faade8094f,50002204 Skill definition.pdf
b262fa92caf9fc0bf423a629d9b4c54210c23a50,50002209 Participant worksheet.pdf
6706974f49069d0e8f6531128ccecd5186154644,50002209 Skill definition.pdf
a60e4a4fa8d068048fa2128e43d72bc2122125e9,50002473 Participant worksheet.pdf
d8540a70cb7c6d41bacc8a9d0fc444dfdc949e96,50002473 Skill definition.pdf
0f1e12576ac8b48e653f39620ecb2d189070d3d0,50002479 Participant worksheet.pdf
3d5c8f56c2d9234e1db2d03510ab75b30e77cd98,50002479 Skill definition.pdf
a55a90209cb77487e398854536dc06befd981475,50002483 Participant worksheet.pdf
b03d110aaee727b6e2cd5c6ff0a769ba422e7b6a,50002483 Skill definition.pdf
8419e5182d08b55c68a2595768fb5728bff2bc23,50002370 Participant worksheet.pdf
efcbd50b54957a5b35a7af9600e9d65a8ca381e7,50002370 Skill definition.pdf
e8912f4e9ec34e734c34e122b751e34a319bad7a,50002371 Participant worksheet.pdf
6e2c7f8ac109605be03579d26f8ed7b27c6c40d3,50002371 Skill definition.pdf
893d73bf72a1f525fb97179f144d7a5baadb32c2,50002373 Participant worksheet.pdf
4238d3b22955234eddce64195b49834aa31d456d,50002373 Skill definition.pdf
304380bee7ab1cfa5c064def4b5a4739d09bd03a,50002384 Participant worksheet.pdf
1ea9f9a9716cb202ab3743ca22f165928299b4ee,50002384 Skill definition.pdf
0edd3ff022bb6f140b5dde4dbc407083ce485964,50002385 Participant worksheet.pdf
61344b6638150f55d7f1cd035f4b82d4aa1ffc92,50002385 Skill definition.pdf
7884a4e264cf0fd922f4b90ee1886218606bb001,50002402 Participant worksheet.pdf
2e054e3645f56ff87846b70ee9aec80fb7578937,50002402 Skill definition.pdf
3721f766dfb3642f85586511692c991286b09f95,50002400 Participant worksheet.pdf
d717eb63d5f4c382f54b91afcb7636012eda6d20,50002400 Skill definition.pdf
246df6bc813ac09ac85c8ed06b966d1f4bb4e43f,50002396 Participant worksheet.pdf
e4f0b107fe9c26734b58bf0aa91fe0758807385f,50002396 Skill definition.pdf
e9d34f5d391892c5950b5a5724fd7d2852151de2,50002398 Participant worksheet.pdf
f972317992833cf9b402aefa777b693e8f0e88d1,50002398 Skill definition.pdf
fba6e5fda975b2406eff6d3da2ebbe64c4c6b8f5,50002406 Participant worksheet.pdf
462017c7ed9014a9ae97a1d3eea2c85879b69f03,50002406 Skill definition.pdf
eeccce2fb7897b561ceb9137c2171bab6abb8bf9,50002037 Participant worksheet.pdf
2454bb00d6fb3ee4d5f14e42d0ebc2571e3511c2,50002037 Skill definition.pdf
8bcf049252c13442f9343762f429db1719db1de7,50002042 Participant worksheet.pdf
3c015e57b25d961c7724c08556dcda5a64886832,50002042 Skill definition.pdf
14306bf0a0faba52ed483be2d0960c5dff0f760d,50017682 Participant worksheet.pdf
f826a596b9962443a25ad62fd3ce2f53b4c64477,50017682 Skill definition.pdf
84c5e7f265c92cfa0983899f1dbcedb41f1084ec,50017683 Participant worksheet.pdf
50ac9db2a988c6435e4fc4a4034e660136dd0cda,50017683 Skill definition.pdf
d4156f43a6212ee32f663fb96fbcf1f9790fa2ae,50002064 Participant worksheet.pdf
9bde4cb81c49af974a04cf2a361f1cef676f48f8,50002064 Skill definition.pdf
be698074e70a7adc8637554e05c774ed291a63f1,50002277 Participant worksheet.pdf
7f3b74ec442b9e6666d140f85bb4e39aaff90f06,50002277 Skill definition.pdf
31f304dfd1d13c9d00f92f192cc0eb51b10dddb8,50002279 Participant worksheet.pdf
48750554aa81e7c554f66eed9dca0a4aae33ca55,50002279 Skill definition.pdf
ee2e103d462b3f3ec619abed21f798ee9a7a4362,50002280 Participant worksheet.pdf
57358e94e504d9d6484f645ce4f8d3e55eb5c2e4,50002280 Skill definition.pdf
a7995359ee85415026deb067c96ad44f491ea2a9,50002282 Participant worksheet.pdf
de76e97cd3ce19432bac4222fcabd44f8f1ffecc,50002282 Skill definition.pdf
4cfbf6fd2a64dffb513c8f6cc91edf92cff452f8,50002286 Participant worksheet.pdf
64e78ec3ad66edf2169d7048d96af542297b2600,50002286 Skill definition.pdf
09c8780d1a69697c6679918472e4e5a3133f9c2a,50002287 Participant worksheet.pdf
c3db73139396932ec82eaef274ac1149b73d0b5f,50002287 Skill definition.pdf
d5ff55c4dd8e20f15236ff179ce3935ea7a1c652,50002288 Participant worksheet.pdf
62ee97d847d4c8eac3b2cc86f1a5ed90c2f783b0,50002288 Skill definition.pdf
8467d94c328d7c898251711973c8e64daf09feaa,50002289 Participant worksheet.pdf
9d71a83d642f048e993a27fb6ea826777872bdd8,50002289 Skill definition.pdf
74069dfa46e08f9a397fb1d34c51172f5a42fc0f,50002291 Participant worksheet.pdf
80deeb8105beffb660ea87e4c4fa776f41cbbdd2,50002291 Skill definition.pdf
12814fb179a1b64e001c629f7841b446a1d7046b,50002293 Participant worksheet.pdf
31033594d42c05e67d878add70a847638a5a67c1,50002293 Skill definition.pdf
dc4a127114a647139659e561384f9c784e9ffe79,50002294 Participant worksheet.pdf
18dd9a7e6d610873e872073da942660d917aa103,50002294 Skill definition.pdf
53b6b2d83ddd9247cc1a6ce44c1c54fecf197fdc,50002298 Participant worksheet.pdf
01f89411b9fcc043234c1193537af1b6bf63bb34,50002298 Skill definition.pdf
32a6172f61f539792a7feee6a18ca644fcaf4271,50002301 Participant worksheet.pdf
3e4f26c42a8791da6c0f94492fd18f5fda14a53c,50002301 Skill definition.pdf
b93dc3018751b77f7074a11a3faf5b68cea84231,50002333 Participant worksheet.pdf
f296989d1c234c1f8e7f68d38db5d40360940e1d,50002333 Skill definition.pdf
dc8a7fb12a5cffd9036658657f9b9913a598e303,50002337 Participant worksheet.pdf
74d36c4e5c34d5a6d58c297dc50df0db7ca31672,50002337 Skill definition.pdf
8f6536bd73bf402987d6a7dd21eaac04d10a4241,50002338 Participant worksheet.pdf
76054999f26fe28d9c450e544e08d4d1a78776d1,50002338 Skill definition.pdf
3ff0e5a1b78a4dccd3c30efd67647749fe235e33,50002413 Participant worksheet.pdf
8d7da8aefeabeadc1b18cd652cc3c95a939939aa,50002413 Skill definition.pdf
c23e2e12111f148a17ac38e22e116ceeb327f8ea,50002417 Participant worksheet.pdf
814dff46f59aacb0db128c490ae39fbb3b037296,50002417 Skill definition.pdf
4b78ba6a71b7802ce0d0d31bbc3b7b70964de7b9,50017713 Skill definition.pdf
ec4bded2adfc951b1fe2c76b3cf374836ba87ead,50002408 Participant worksheet.pdf
11d7d37635cc428a1f8ee5961973a319b51043f1,50002408 Skill definition.pdf
d34d740d14620defa8a11ace5b056e19989b305a,50002043 Participant worksheet.pdf
6ddeaa4135d1b8c11b52f650c1b4cbf961092020,50002061 Participant worksheet.pdf
7582e93c3053bafd975bd3dad7dced7b08bce848,50002062 Participant worksheet.pdf
b5a8f3238c5cdbf193b1ca0e7df2debb1a81ec34,50002062 Skill definition.pdf
fb156b45f09d73e6cff9feeab4b0d1e84e774400,50002063 Participant worksheet.pdf
95bc3dd69281ccd93a2cebc82c282cb64d1575e4,50002063 Skill definition.pdf
a411c134ce4815fc9e44b34104358a63b106d3e1,50002054 Participant worksheet.pdf
f61cc204e349f7d53adf1f69f0a2504575835d5a,50002060 Participant worksheet.pdf
8fab2e9ffad6867ed1f19cdaab244fb4ee58ab84,50002060 Skill definition.pdf
845024958130d15d7cf360d9545a10d4fec94746,50002049 Participant worksheet.pdf
e29065bf008940d6c9ae7b06ac0086b2a397f0ee,50002050 Participant worksheet.pdf
c8ab837f63eba0016e8186bfebaa197638f57665,50002226 Participant worksheet.pdf
caebca838d959ddbb8cf43ecd9b26a637bd797f6,50002247 Participant worksheet.pdf
99b05afc8b37248f7aa17ae805241ce1af733d4d,50002247 Skill definition.pdf
78bf05046c651b086e229c51bb7df55e591adf90,50002248 Participant worksheet.pdf
d8021a346e8d7b5644f9e28e8acf69a76260c1ca,50002248 Skill definition.pdf
018f5f3855f906cb6c3bdb66f0e94cf02e092a10,50017664 Participant worksheet.pdf
9bdb2cd067dc4496d37953e1ccc951353c9c5e4d,50017664 Skill definition.pdf
aaad5a236cb4dac122771f7593632609686a7bed,50002258 Participant worksheet.pdf
0015dd914b2b0307d25a7d91a2c5ad09b3186d13,50002258 Skill definition.pdf
8588e7a702a6f587c315eb27c26a5473e60aeba2,50002260 Participant worksheet.pdf
6c636799be54c0badd3197a99641d6bded64f92d,50002260 Skill definition.pdf
94199d72fa81bf229966f71dff793e1adb30e2db,50002262 Participant worksheet.pdf
0a18c9116da74e78fc29736fd3fe11a5b59f6f18,50002262 Skill definition.pdf
a36523b5503512b6976169467c3c4ea5c4b0e9d7,50002237 Participant worksheet.pdf
c9d21291ee8f825188911ebe742a2a10d0989334,50002237 Skill definition.pdf
b3bf2b84418ac6568c8019f9e2ff6fc33a6cd968,50002231 Participant worksheet.pdf
cc339d5426beced5e9220df93c7b3d91562c06b8,50002312 Participant worksheet.pdf
51f094b4de42acf7843a37424008281f36de2a5e,50002312 Skill definition.pdf
5f7e79305a2da10a03087c26abd96502c95f006d,50002325 Participant worksheet.pdf
ed0e9f4a456d7ac1e12ed77cf1b09832da2a0be1,50002325 Skill definition.pdf
753432e4d86d8f89dcabec46737db0b20727bf73,50002326 Skill definition.pdf
63bc448351046edf937f24c0b71869e32daa58bf,50002343 Participant worksheet.pdf
3a5ff41f61f59eea605e0e9821610d08bd360ea3,50002343 Skill definition.pdf
6e2d4f4fa04abcac7a1f2dd1babd4494fa205ad0,50002344 Participant worksheet.pdf
adbdc99c56310cf7eaa28a37fbd3348b1c4e5890,50002344 Skill definition.pdf
4aed0ff3decbba99a6acdcf22e770f1865466c11,50002345 Skill definition.pdf
ef55246a3f9d265dde2cd3abe8d56a6b56c19197,50002540 Participant worksheet.pdf
8319508de2690f1c31b35eb7ffa225ac47087a5b,50002540 Skill definition.pdf
09c869ae0ff6e50259a6f67cef43d8e3164c5b40,50002535 Participant worksheet.pdf
534b2670d836a890b7b3f21b261e1483090ba380,50002535 Skill definition.pdf
4e230e8050ab6bce4a1cd8bdedf6e0d12cc376f8,50002541 Participant worksheet.pdf
3b37ae6387192ff775d9ea12238b92434e400d8c,50002541 Skill definition.pdf
ae64ce20f9ff8fc62c1d98c014f9e91cb95f7076,50002536 Participant worksheet.pdf
1fd2fa3a47efd6b43216b38b2ff02e39542a1ab8,50002536 Skill definition.pdf
fd76e319657828e513233b36d851bdb0cc637325,50002523 Participant worksheet.pdf
ddbbae148d4534eddba57a24d4b61cf551afe409,50002523 Skill definition.pdf
8d6cf1d1d6496b287f06922cfdb370a7449624ee,50002517 Participant worksheet.pdf
a371f8029a8685ec3fd927b240818a6283c23324,50002517 Skill definition.pdf
c3ec63d71beadb1412bd7c2903383baeba4f7ca2,50002519 Participant worksheet.pdf
08c60c0c2806a25faf42f97f819f9990c1801f48,50002519 Skill definition.pdf
5d7d13a49205bb7d197c968c643bc1117a58f979,50002559 Participant worksheet.pdf
1023363f47f6a0e36b50511b780a81ec592fb8a2,50002559 Skill definition.pdf
d18c0d9860b9f2c30b29c16ab0647921d587207c,50002528 Participant worksheet.pdf
7a09332b071ea74ed543b25dcccc6ce95f89d543,50002528 Skill definition.pdf
4e9a9a34bdec2acb6668a9a21ccb97c059863e4e,50002527 Participant worksheet.pdf
8072509efe154fd08d18e057ead17834b4135dab,50002527 Skill definition.pdf
d3f330ad7c4f660877bdcbe4d4e33c3b0e286875,50002525 Participant worksheet.pdf
751fbc0dd37bdbf4f13203cfd10aa13b93b7e4fe,50002525 Skill definition.pdf
de5274b3e896328f5a9013302e77b65d38cc2987,50002526 Participant worksheet.pdf
c5fc7596b11f79303507b415f38c1c857fe10a49,50002526 Skill definition.pdf
9308b4e6efa0574eae5d45d248e4d00141891b9d,50002520 Participant worksheet.pdf
1d66123623d2fc369a4c2c32e5c44dbe1c080510,50002520 Skill definition.pdf
f07d3023270b9d66d05629763b7e9b1579317e56,50002524 Participant worksheet.pdf
a08f737292ca6b5d567b6c45ba26b6be49db760f,50002524 Skill definition.pdf
727a57e3729e237d282583a3ede3d5f493b9402d,50002518 Participant worksheet.pdf
02f887c38117dccf350c1be80c79f7a1ab13c430,50002518 Skill definition.pdf
8e96b9268104ee091be186edd076dd1c0c53d80a,50002557 Skill definition.pdf
e48351218220a91cd16667c33ff44726f31b218c,50002552 Participant worksheet.pdf
f026f7fe3af437d4f2c5624deca1153e85f1ef28,50002552 Skill definition.pdf
aaf1f3a9b9225a77221873b95dd07d5abf435c9a,50002550 Participant worksheet.pdf
bc8c94d9d9fa29603c40f908f038445c97d63b26,50002550 Skill definition.pdf
76c456710e37c2c231174ec904d4e724e0d6f490,50002514 Participant worksheet.pdf
8e95da3d958dd416595a3e45b763b19a695b8cee,50002514 Skill definition.pdf
4d3bb697423ee0e4f1fbe2652c18f7d3619d90b1,50002511 Participant worksheet.pdf
315cf0d7421506cfa2c41fa05b1e0474ce25f07a,50002511 Skill definition.pdf
28278a003a32eb37e9291a758d1fe1f6de7922f5,50002512 Participant worksheet.pdf
d83b1b8fa96db5a9e1980a796306905a434fc52f,50002512 Skill definition.pdf
